image_id,label,class,phash,split
1000015157.jpg,0,CBB,a0af4823f8f5e0ae,test
1000201771.jpg,3,CMD,ce35672e664c26b4,train
100042118.jpg,1,CBSD,c41c2fb8b5072fa3,validation
1000723321.jpg,1,CBSD,da6640661e053ef7,train
1000812911.jpg,3,CMD,bfb7102b4d1048bf,train
1000837476.jpg,3,CMD,c48e3c997e7a3c90,train
1000910826.jpg,2,CGM,dbc6362eb20a0d5b,train
1001320321.jpg,0,CBB,944f72640bb265dd,train
1001723730.jpg,4,healthy,8c8d626bb9b1d4ca,validation
1001742395.jpg,3,CMD,8e1664e555d41dd6,train
1001749118.jpg,3,CMD,d28e629f535a0b2e,train
100204014.jpg,3,CMD,daa11aee3d71034e,train
1002088496.jpg,1,CBSD,c6c83d308f48cbf6,validation
1002255315.jpg,3,CMD,c4e638c252a5b76d,train
1002394761.jpg,3,CMD,90567b950d7426b7,train
1003218714.jpg,2,CGM,aba2e74a4a5c15b5,train
1003298598.jpg,3,CMD,88ca02f517d71ecb,validation
1003442061.jpg,4,healthy,89d376896169671e,validation
1003888281.jpg,0,CBB,8ba43cd3734b6954,train
1003987001.jpg,3,CMD,cc153a75070ebacb,train
1004105566.jpg,3,CMD,cb4c72b92f8b60f0,train
1004163647.jpg,3,CMD,af56b4c9b50d4453,validation
1004389140.jpg,1,CBSD,8d994b1d7062369f,test
1004672608.jpg,3,CMD,cd60a773102bbbac,train
100472565.jpg,2,CGM,c2b319e3bb0f46c8,train
1004826518.jpg,2,CGM,eb68f8636c2c2687,train
1004881261.jpg,3,CMD,80de037d654967c7,train
1005138819.jpg,3,CMD,8b8249dae963979c,test
1005200906.jpg,2,CGM,94df3149ba7444d9,validation
100533489.jpg,2,CGM,acd22ddcb0b15dc1,test
100560400.jpg,4,healthy,ee8caf52ac087d4a,train
1005695738.jpg,3,CMD,a72575bbc85c0f22,test
1005739807.jpg,3,CMD,847e663d2bd03aca,train
100609661.jpg,3,CMD,c5f370ab24d76930,train
1007196516.jpg,3,CMD,94bd4c3833b9aba1,train
1007246985.jpg,3,CMD,be46f5e549e223c0,train
100731318.jpg,3,CMD,83c7713192db1c3e,train
1007533812.jpg,3,CMD,d6431d9d5a18a4e7,train
1007700625.jpg,3,CMD,82bd05d6f8c31bf0,train
1007891044.jpg,3,CMD,c055bfb717236522,train
1008126487.jpg,3,CMD,a1873dd99986cd34,train
1008142548.jpg,1,CBSD,85574c39526973cd,train
1008244905.jpg,1,CBSD,bcd659e450b60c3b,train
1008284502.jpg,3,CMD,95af5e8d6cf0c130,train
1008532311.jpg,3,CMD,cc72370fdcd1150d,validation
1009037539.jpg,3,CMD,c0ff04834b61fcd5,train
1009049118.jpg,3,CMD,d62f3c46911abd1c,test
1009126931.jpg,4,healthy,95834ead2a3775a1,train
1009148537.jpg,1,CBSD,90b73b9ac4a12f1d,train
1009268848.jpg,3,CMD,81ad35d34b3dfc10,train
1009322597.jpg,3,CMD,f9a4a543735c78a1,train
1009361983.jpg,3,CMD,b4b1ca9fc484355e,test
1009431532.jpg,2,CGM,c5c270bf4b60361f,train
1009441020.jpg,3,CMD,c5d91441bf336ab4,train
1009462599.jpg,3,CMD,b4e71c25398fc29a,train
1009489704.jpg,3,CMD,95a217f964721abc,train
1009495847.jpg,3,CMD,dec963861807dbb8,train
1009704586.jpg,3,CMD,858a4727da920bbf,train
1009749557.jpg,2,CGM,89d73472b59ac529,train
1009845426.jpg,3,CMD,cc441ed5dad96546,train
1010470173.jpg,1,CBSD,a5d93609335c34eb,validation
1010648150.jpg,3,CMD,91f866910fa11e5f,train
1010806468.jpg,4,healthy,d524326eb870792f,train
1010855776.jpg,3,CMD,d5f01e7538b61970,train
1010899191.jpg,3,CMD,8ca35a616a7e7629,validation
1011139244.jpg,3,CMD,c2b976526986c9e6,train
1011422445.jpg,3,CMD,829f7de0d22e0ae9,train
1011571614.jpg,4,healthy,c26270565cb9ce6e,validation
1011602291.jpg,2,CGM,a6a15abf40bd30d6,train
1011858443.jpg,3,CMD,d2945e72d04f9cf0,validation
1011909285.jpg,4,healthy,c1a8061fe51f7c27,train
1012257169.jpg,4,healthy,d4d22e9a15b86acd,train
1012305013.jpg,1,CBSD,dacfe44f7c2500f0,train
1012426959.jpg,0,CBB,bfec85d3ec020327,train
101253257.jpg,1,CBSD,857a2e9532a6f5c1,test
1012599090.jpg,3,CMD,968503ca75f939cc,validation
1012623980.jpg,1,CBSD,8cc83bd9dc4a6d51,train
1012755275.jpg,3,CMD,9d20b56e0bdc2bc6,validation
1012804587.jpg,1,CBSD,87ab09ff72738086,train
1012902365.jpg,4,healthy,bfdb5b6a86a68005,train
1013678821.jpg,3,CMD,8ba562c2cddd8f21,validation
1013734375.jpg,3,CMD,c0947fcbe54df0a0,train
1014087087.jpg,3,CMD,8c2c16c54ed9b796,test
1014332426.jpg,4,healthy,9ca8b0f2a6b6c2ae,train
1014359226.jpg,2,CGM,c1fa351131d1fdc8,test
1014365825.jpg,3,CMD,89e33c60671f036f,train
1014433832.jpg,3,CMD,869557cb15c2dc74,train
1014492188.jpg,1,CBSD,cf0f303026b3b9c7,train
1014810796.jpg,3,CMD,f88f992d1d1524cb,train
1014888611.jpg,3,CMD,84fb58c7f72441d8,validation
1015034348.jpg,3,CMD,c58b2d4276a47dca,train
1015143489.jpg,3,CMD,c0a64b7c2f65e50b,train
1015749198.jpg,2,CGM,85934dc3c628ef36,validation
1016027375.jpg,1,CBSD,96b4307b7be9e084,train
1016258639.jpg,3,CMD,85e3372f1cd8d09c,validation
1016334938.jpg,3,CMD,9dcb258d52b8d62a,validation
1016415263.jpg,1,CBSD,d6d4293813ebcd64,train
10169000.jpg,1,CBSD,d4f3f2b597424291,train
1016955090.jpg,2,CGM,c0b73814dba1b71b,validation
1017006970.jpg,3,CMD,c5b15e5b31aa3b81,test
101712540.jpg,2,CGM,ca321cfe0d341fd1,train
1017415426.jpg,4,healthy,91c33aa368d572e5,train
1017667711.jpg,2,CGM,cccc3e304e4e4f0f,validation
1017670009.jpg,2,CGM,99a436e24edc478d,train
1017827385.jpg,4,healthy,8c996dfba4454297,train
1017890227.jpg,3,CMD,83fd601139ce3e39,train
1018433055.jpg,3,CMD,8ad8672bb44556da,train
1018450745.jpg,1,CBSD,8eb22e83c55fb0e1,test
101876866.jpg,3,CMD,85d01f9719f1d199,validation
1018973237.jpg,0,CBB,c1957738e1c58f8a,train
1019359196.jpg,3,CMD,8a659dc8d5ca6627,test
1019366633.jpg,4,healthy,9a9517bd0b1c2dd1,train
1019398233.jpg,4,healthy,d48119d77e63132e,train
1019486948.jpg,3,CMD,c18c5e3ee143796a,validation
101960837.jpg,3,CMD,c1293fc8a06cbc6f,validation
1020196137.jpg,3,CMD,9cda7de22bd508a1,train
1020245430.jpg,3,CMD,c6a11c13787e43db,train
1020387881.jpg,3,CMD,80172fd14ea957f8,train
102039365.jpg,0,CBB,f9d541d1c5bc3e04,train
1020423203.jpg,3,CMD,a9a194d4c6ebab32,train
1020636424.jpg,3,CMD,bfbd2d2442226a7a,train
1020936674.jpg,1,CBSD,b4d23b644abf80d6,train
1021655183.jpg,2,CGM,c4b5764324537cb6,train
1021758544.jpg,0,CBB,a4e558182c3cdbd7,train
1022008227.jpg,3,CMD,86ac76e2619169b7,validation
1022283943.jpg,3,CMD,c0f73f8e0762f828,train
1022307478.jpg,3,CMD,cfed280d1e0b1177,validation
1022475063.jpg,3,CMD,db9a4e9364a03a6e,train
1022790491.jpg,3,CMD,c1c62e9973399762,train
1022850256.jpg,3,CMD,80d05e763f23632f,validation
1022932733.jpg,4,healthy,ca88133f3da0eb47,validation
1023151050.jpg,3,CMD,dcd04525663b79b1,train
1023663951.jpg,4,healthy,92436b2fb460437f,train
1023837322.jpg,3,CMD,858e7cb6163eb898,train
1023937437.jpg,3,CMD,94f447323d391d8d,train
1024067372.jpg,4,healthy,d60039d3f722c4eb,train
1024089865.jpg,0,CBB,f9d2625e04d39794,train
1024191493.jpg,3,CMD,83b975062996bd5a,train
1024367055.jpg,2,CGM,ecbd789026ccb319,test
102447703.jpg,3,CMD,cbf021ce78838ff0,test
1024504187.jpg,1,CBSD,d1ee78f32f9004d1,train
102485576.jpg,0,CBB,9586187cbb734ea1,train
1024995071.jpg,3,CMD,f4d75a3c015a97a1,train
1025060651.jpg,3,CMD,c1a20bf7c5879c9c,validation
1025198223.jpg,3,CMD,d7b3bab480d1e08d,train
1025466430.jpg,2,CGM,c01e739dbc834eb2,train
1025492337.jpg,3,CMD,c0c21f2d22d76bce,train
1025511060.jpg,2,CGM,9ce4309c9718f4db,validation
1025557405.jpg,3,CMD,c4b0f536654f49c3,train
1025616565.jpg,3,CMD,c13c37c6cd520f5c,train
1025693532.jpg,3,CMD,f02f3a03fe4416d5,train
1026177105.jpg,2,CGM,d10121da9d39bfc3,test
1026467332.jpg,0,CBB,f0c90f9c68d74e19,train
1026511145.jpg,3,CMD,82df740be116fc54,validation
1026915452.jpg,1,CBSD,84c96621cef77532,train
102719039.jpg,3,CMD,c0b98e67b05eb315,train
1027550629.jpg,3,CMD,94e05e9b2e36538b,test
1027766963.jpg,3,CMD,cecb2de82d5509a5,train
1027796931.jpg,0,CBB,911766ec6d4d2987,train
1028041356.jpg,3,CMD,c9d59495d1f9d4a0,validation
1028105805.jpg,3,CMD,d8c97f8c3ea221c5,train
1028128877.jpg,4,healthy,9f4564e4143be719,train
1028318593.jpg,3,CMD,897c0765ed98969c,test
1028446573.jpg,3,CMD,fac31152587d642f,test
1028629473.jpg,1,CBSD,99da59a82d1d6335,train
1028697500.jpg,2,CGM,80313fcc77785a72,train
1029560899.jpg,3,CMD,86a5274a495addd6,train
102968016.jpg,3,CMD,d5d4303fcb603c87,test
1029778366.jpg,3,CMD,84916354cf6f8dcc,train
1029779424.jpg,3,CMD,c08e7bce90973963,train
1030448520.jpg,1,CBSD,939c3eeb8be21906,train
1031500522.jpg,3,CMD,d4c20e9a3b6c61eb,validation
1031772206.jpg,3,CMD,d2e2649771de4b0c,train
1032082353.jpg,3,CMD,ecc466e0023b7db5,train
1032383932.jpg,3,CMD,96b641cd4e5d30a7,train
1032460539.jpg,2,CGM,86a66751197a63d6,train
1032629824.jpg,1,CBSD,9c86283f7ff08307,train
1033283646.jpg,3,CMD,83a5494e3ca5be63,train
1033403106.jpg,0,CBB,c49bb2f95fa4016a,train
1033787784.jpg,1,CBSD,87d824177aa1f7a2,train
1033962303.jpg,4,healthy,bf4948a0d2e417fa,train
1034219276.jpg,4,healthy,f98641b267ae8237,train
1034286210.jpg,3,CMD,d57803ec1be59f40,train
1034407153.jpg,3,CMD,c4ba0fa551d325dc,train
1034527129.jpg,3,CMD,d76e1546dca07aa8,train
1034548842.jpg,2,CGM,cc10711f6ec5b2cb,train
1034577161.jpg,3,CMD,b2cd69b313952f21,train
1034735631.jpg,1,CBSD,d56e2d340ecc39b1,train
1035014017.jpg,4,healthy,c2be6358cd15c5c5,train
1035350866.jpg,3,CMD,96c63058135767f3,test
1035475040.jpg,3,CMD,cc9c3133e7f01b85,train
1036133928.jpg,3,CMD,839e3d53d00727e3,train
1036302176.jpg,3,CMD,96c92745e3c35527,test
103630546.jpg,3,CMD,9ca57c5b7419169c,train
1036380403.jpg,2,CGM,95c76b72e1f09498,train
1036692910.jpg,3,CMD,c398676f4fe608c4,train
1036697361.jpg,3,CMD,e41aac5687e15e39,train
1036774035.jpg,3,CMD,9d867a9d6de1218c,validation
1036959902.jpg,0,CBB,91ce7b63203569f1,train
1037277772.jpg,1,CBSD,963e6989c034f6c7,train
1037337861.jpg,3,CMD,d9e549c5a4cec0e9,train
103776422.jpg,1,CBSD,94ad76c39d6d6a02,train
1038166459.jpg,3,CMD,fba868b3a5e68381,validation
1038176489.jpg,3,CMD,cc2b29c56cf78e03,validation
1038640139.jpg,1,CBSD,952266753b3e1995,train
1038916688.jpg,3,CMD,dccb21fc2981dd4a,test
1039045921.jpg,3,CMD,d2e464cc3a3ae3d1,train
1039176615.jpg,4,healthy,e8961ccb2e12bfe0,test
1039292236.jpg,4,healthy,e49b24d34c6117f9,train
1039658655.jpg,3,CMD,94cd633f015a17b3,train
1039676268.jpg,3,CMD,90c43437357a2777,train
1039830931.jpg,3,CMD,e41b3cf60bb5d288,validation
1039851684.jpg,3,CMD,989f2f2e06419bd9,train
1040079282.jpg,3,CMD,d2ad1895916b3e99,train
1040156603.jpg,3,CMD,df7c30830bec6c86,train
1040315063.jpg,0,CBB,d0ca4a2b6def14b4,train
1040699059.jpg,1,CBSD,90bf3ac475663233,train
1040828572.jpg,3,CMD,d2f472c14c7af0ca,train
104086261.jpg,3,CMD,90cb5e7ad31c3827,train
1040876350.jpg,3,CMD,8486119b23ad77ee,validation
1041022257.jpg,3,CMD,dbaa0edd14864b8b,train
1041184552.jpg,3,CMD,987643a71ced0eb8,validation
1041588404.jpg,3,CMD,d98f5bc99b28b0c1,train
1041651309.jpg,3,CMD,84ecdccc1eb3c61c,train
1041666046.jpg,2,CGM,c53b2ce4b05b1b3a,train
1041701814.jpg,3,CMD,8cf62d5b234b7d01,train
1041922165.jpg,2,CGM,85fa6a326aad2b0b,validation
1041923025.jpg,3,CMD,c4bb7b4c43f4148b,train
1042223039.jpg,3,CMD,84e0df18c0c71f7b,train
1042521522.jpg,3,CMD,f8c106edab0fb0a3,test
1042550484.jpg,3,CMD,91bb6ee76c285161,train
1042661635.jpg,3,CMD,96aaa08ba7b4b569,train
1043083985.jpg,3,CMD,9b835ca46dbd6ac0,validation
1043086898.jpg,4,healthy,9c5c47e371797212,test
1043184548.jpg,3,CMD,d48063eb3f504bf8,train
1043238803.jpg,2,CGM,c0bd708b64afacf0,train
1043392236.jpg,4,healthy,d2ef6d803116127f,train
1043752907.jpg,3,CMD,c1c97ed447614e69,train
1043857809.jpg,3,CMD,d7a973800e337e0e,test
1044221536.jpg,3,CMD,85213a8737eec60f,validation
104436415.jpg,2,CGM,95bf639d1b003cc3,train
1044411903.jpg,3,CMD,8de2eebeae0c4d80,train
1044545725.jpg,3,CMD,94f6510795deaf20,train
1044718671.jpg,0,CBB,92966c6336740dbb,train
1044918414.jpg,3,CMD,89861c6d7af3e072,train
1044930186.jpg,4,healthy,efc3e3c00aaa5237,train
1044971650.jpg,3,CMD,d4e16e7a898e0736,train
1045099368.jpg,4,healthy,90b374d9b931474e,train
1045208006.jpg,2,CGM,81411d444b5f6bfe,train
1045339937.jpg,3,CMD,c13066d667d94bb4,train
104535906.jpg,3,CMD,c66173199d0ee6c3,train
1045545977.jpg,4,healthy,8d7a31cd2c79da14,validation
1045708576.jpg,3,CMD,cff4302a09cbe4ce,train
1045776023.jpg,3,CMD,84b453c539edcb91,train
10459387.jpg,4,healthy,948291d3071e7fec,test
1045989131.jpg,3,CMD,db3970d285f690e1,train
1046156726.jpg,2,CGM,c0653ff0ccec4335,test
1046187121.jpg,3,CMD,c0d0d1d0c5ebb2b7,train
1046222396.jpg,3,CMD,b7142518ae7cd5e2,train
1046486747.jpg,1,CBSD,922a218d6b74e35f,train
1046631452.jpg,2,CGM,ce156a2c466f3716,test
1046703257.jpg,4,healthy,d0e426a96eaddd50,test
1046776729.jpg,3,CMD,d02fcf4a62355ad8,train
1046830901.jpg,3,CMD,95f3428461beb939,test
1047071545.jpg,3,CMD,8592715b2bb51c9d,train
1047154095.jpg,4,healthy,89623abdec46ba64,train
1047210476.jpg,3,CMD,80f4539e4acf66a6,train
1047272845.jpg,4,healthy,baba3090dabb98cc,train
1047550741.jpg,3,CMD,c1742ffc26d8f01c,train
1047645957.jpg,3,CMD,94b33ea8734d625a,train
104769172.jpg,3,CMD,893d6393ab35568a,train
1047894047.jpg,3,CMD,c89d5f162e776421,train
1047901042.jpg,2,CGM,d0e37e22f693c14c,train
1047958369.jpg,4,healthy,d6b66ce94e6043c3,train
1048147223.jpg,0,CBB,f8aa7c3edc12c095,train
1048372814.jpg,3,CMD,81924455deecbcdc,train
1048581072.jpg,2,CGM,c59c5b9946318f56,validation
1048678959.jpg,3,CMD,8a8fc65b6d659816,train
1048686894.jpg,2,CGM,c99344ac7279bad4,train
1048738679.jpg,3,CMD,aad33c798f908e32,train
1048872437.jpg,3,CMD,ebbe6a0f8dd20541,train
1049426356.jpg,3,CMD,91905a78edc63db2,train
1049791378.jpg,4,healthy,ca8d67b31b4906a7,validation
1049924040.jpg,3,CMD,84b5400f76d18f9f,train
1050134400.jpg,3,CMD,855b3e69182df2cc,train
1050263382.jpg,3,CMD,fbae2724346154d5,train
1050292454.jpg,3,CMD,c09b3c6d5ef48507,train
1050313402.jpg,3,CMD,d47c0eb56546165e,train
105057263.jpg,1,CBSD,96ea748dc918be23,train
1050774063.jpg,3,CMD,c3c36b393cbc0a36,test
1050847556.jpg,4,healthy,814d18d95bff4694,train
1050949665.jpg,0,CBB,c1fda6b0110775dc,train
1051469374.jpg,3,CMD,f6960db68e4f21c1,train
1051688339.jpg,0,CBB,b75a48c59d288b9d,train
1052028548.jpg,1,CBSD,c7197a32993da5c8,train
1052095724.jpg,0,CBB,cce3331cdecbe401,validation
1052118637.jpg,3,CMD,b21b75e12b420cbf,train
1052854295.jpg,0,CBB,caed249ef80796e0,test
1052881053.jpg,3,CMD,8b94286b0efdb296,train
1052903541.jpg,3,CMD,d1b3721828e7b49e,test
1053009170.jpg,3,CMD,98f039a7671466d9,train
105315247.jpg,3,CMD,c6823be984ae1d3e,train
1053293117.jpg,3,CMD,d0e85ce91cc23bb6,train
1053317654.jpg,3,CMD,d2f92d0a34507be3,train
1053317741.jpg,3,CMD,f7cc985f089e61d0,train
1053331543.jpg,3,CMD,ff9e6aad441a1710,test
1053506407.jpg,1,CBSD,c14126dfefcd6822,train
1054048740.jpg,2,CGM,84ad3c4a5e67f419,train
1054179399.jpg,2,CGM,82f2079ea85f20ef,train
1054232796.jpg,2,CGM,dec0607a32f6f164,test
1054468967.jpg,3,CMD,ade94dda958e0532,train
1054935979.jpg,1,CBSD,c2cd7ff060e3810f,validation
1054946133.jpg,2,CGM,94adedbde0c2a30a,test
1054987687.jpg,3,CMD,93f4db60a2df1511,validation
1055012871.jpg,3,CMD,86a306dd6f3a3a52,train
1055305901.jpg,3,CMD,f7d07f90b6121632,validation
1055627573.jpg,3,CMD,cdd22ca05e06e3e7,train
105602329.jpg,4,healthy,91cd262e5b344f5a,train
1056943297.jpg,3,CMD,8c023dbc52e565f6,train
1057043660.jpg,3,CMD,ad9c1ea55e07654a,train
105741284.jpg,4,healthy,9293929237b4b6e9,test
1057462029.jpg,0,CBB,8d5553875256876e,validation
1057519931.jpg,3,CMD,c479319ea066f4b9,test
1057579024.jpg,3,CMD,d5f9299522057a97,train
1057697623.jpg,1,CBSD,a6d8b453697e4b30,validation
1058428683.jpg,2,CGM,81dd60615ecee745,train
1058438877.jpg,3,CMD,80a719ac13e9c3fe,train
1058466257.jpg,3,CMD,fbc128100fef2cda,train
1058542448.jpg,4,healthy,c6a125d4d9be9057,train
1058931181.jpg,3,CMD,965e7f0a853455d4,train
1059213340.jpg,3,CMD,8cb06d787e34558d,validation
1059218033.jpg,3,CMD,93ca53cebd27160a,train
1059334615.jpg,3,CMD,c89e18df25733e24,validation
1059412486.jpg,2,CGM,89156a1d2d663c9f,train
1059498220.jpg,3,CMD,876b2c7961c81e9d,train
1059782259.jpg,3,CMD,979a78e025361f1b,train
1059986462.jpg,2,CGM,c3c6708797ea4f90,train
1060007225.jpg,3,CMD,c8a00dcad7f0b6f4,train
1060214168.jpg,0,CBB,b0b2438b9bbb6c8c,train
1060477140.jpg,3,CMD,86be6cbb1b8b8192,validation
1060543398.jpg,4,healthy,c269759e9350eca5,train
1060644080.jpg,4,healthy,c18a07725d8d0fbd,train
10606813.jpg,3,CMD,85b94a8e754d32f4,validation
1060691063.jpg,3,CMD,84fb2397749b238a,train
1060739991.jpg,3,CMD,d4fc34c4fcb48c8c,train
1060754806.jpg,3,CMD,f9c207bac9c31c3c,train
10607686.jpg,2,CGM,d0f723283ec74dc2,train
1060819932.jpg,3,CMD,cbf22d81ad4a7683,train
1061187521.jpg,3,CMD,c63f6ab43eb8110b,train
1061287420.jpg,3,CMD,918e31ac2c8b17bf,train
106169527.jpg,3,CMD,c3f9468b3dda4170,train
106217104.jpg,3,CMD,8fffc081c09cf88d,train
106233037.jpg,3,CMD,d68925949cf1c95e,train
1063110047.jpg,1,CBSD,d6d476747e0b6068,train
1063572140.jpg,3,CMD,c09a4a475ab1addd,train
1064129080.jpg,3,CMD,da8c6c1686b2be9c,train
1064213029.jpg,4,healthy,85ff6b841aa6311d,train
1064567128.jpg,3,CMD,9ed038d960e2a797,test
1064567864.jpg,3,CMD,db4d78e71838b312,train
1064635740.jpg,3,CMD,938d0e1b7a887bc3,train
1064688608.jpg,2,CGM,d4ad6a9609de24d9,test
1065474134.jpg,3,CMD,96f10e435659d3a6,train
1065833532.jpg,4,healthy,a3c39cc6c5bcac85,validation
1066546103.jpg,1,CBSD,e5807ca9e2d52cea,train
1066630679.jpg,3,CMD,80fbfb280720be37,test
1066635665.jpg,3,CMD,ccc95f151a233e74,train
1066701107.jpg,3,CMD,cae934133d801fbd,test
1067081821.jpg,3,CMD,c4ef6e2c329317d0,train
1067302519.jpg,4,healthy,85d22af6568452ef,train
1067379852.jpg,3,CMD,94fb74c211177633,train
1067618974.jpg,3,CMD,9c0c0ef6541c95df,train
1067694987.jpg,4,healthy,c4e9e5eee5323418,validation
1067821323.jpg,3,CMD,c8e317ab03c938be,train
1067829359.jpg,3,CMD,87c974a9760b4f0e,train
106785011.jpg,3,CMD,a0ce0bf117e313e3,train
1067983435.jpg,3,CMD,819d21bf358e5b0b,train
1068174637.jpg,2,CGM,f7285192177c9b98,train
1068558018.jpg,3,CMD,d1c935be627a2b48,train
1068624123.jpg,3,CMD,8412ce3ee5c7623b,validation
1068801763.jpg,3,CMD,9ab12b86c5a5e8dc,train
1068803845.jpg,3,CMD,9efd005934dbe10b,test
1069065600.jpg,3,CMD,90a721b93699f2cb,train
1069221450.jpg,3,CMD,99596ac44f40e1ef,test
1069816211.jpg,2,CGM,92b160947dc96fb8,train
1069921431.jpg,3,CMD,8fb163cfe00909dd,train
1069985474.jpg,1,CBSD,dec46e5cb0794945,train
1070151605.jpg,3,CMD,d67b29948d0ea996,train
1070206679.jpg,3,CMD,df910cbef06306cc,train
1070548894.jpg,3,CMD,8be4675a6d32f221,train
1070630875.jpg,3,CMD,8bc9353b5247a4d6,train
1070742689.jpg,3,CMD,92d07b84ee6ed612,test
1071136061.jpg,3,CMD,9ba20cbd2a63b1e6,train
1071660717.jpg,3,CMD,84a764ab755257d4,test
1071700805.jpg,3,CMD,92b01b6d6c987de8,validation
107179104.jpg,3,CMD,90df5e4f11070d3d,validation
1071960213.jpg,0,CBB,d2b660b2b2a1b3b6,test
1072157342.jpg,1,CBSD,cc1e25e19b9e53e0,train
1072171567.jpg,3,CMD,8bf04cca929bd0d7,train
1072259548.jpg,1,CBSD,91d7360861bf6cb4,test
1072326766.jpg,0,CBB,cdcf05c1c5c7c5c1,train
1072471707.jpg,3,CMD,97af6762294c5516,validation
1072588150.jpg,4,healthy,83dc3c6bc30d15f2,validation
1072929806.jpg,3,CMD,eec42033dd83657c,train
1073105435.jpg,3,CMD,8047766a1d33eae9,train
107350755.jpg,1,CBSD,810b3bf81098fcfe,validation
1073881095.jpg,3,CMD,9bf8471b70c58647,test
1073893170.jpg,3,CMD,9ae76a1e0f352591,test
1073915000.jpg,4,healthy,c1b87adb0239e5d4,test
1073983503.jpg,4,healthy,d1d13a4eb9e48738,train
107427326.jpg,4,healthy,8e2b65d8e63529b2,train
1074333151.jpg,1,CBSD,d5a326ca0f94e38d,test
1074399386.jpg,3,CMD,a5601b1d5d876e2b,train
1074412436.jpg,3,CMD,c58a62686eb58bf4,train
107443287.jpg,3,CMD,95fac0f102fe6427,train
1074461567.jpg,1,CBSD,cc9f6272e12ecc8c,train
1074544926.jpg,3,CMD,d08a2ca7064bf6f5,validation
107458529.jpg,3,CMD,8ce62fc475d8721a,train
107466550.jpg,4,healthy,c4f32de217307b29,train
1074721909.jpg,3,CMD,80fe6d01572f6e52,train
1074804892.jpg,3,CMD,b10eb9ccf1c6c929,train
1074822391.jpg,3,CMD,d5f61b7b02847d42,train
1075008294.jpg,3,CMD,c2a57e96395b7007,validation
1075008577.jpg,3,CMD,d19ed19fce08682d,train
1075249116.jpg,0,CBB,c1c3678c25d7cf22,train
1075456471.jpg,2,CGM,d01b6a68e80dda9f,train
1075841093.jpg,3,CMD,85b3548e57da243d,train
107608677.jpg,4,healthy,81073f30006ff7dd,test
1076699996.jpg,3,CMD,c29d61a23e63e1bc,train
1076906366.jpg,3,CMD,94882952dd77645f,train
1076964019.jpg,1,CBSD,c05e34331eb76e8c,validation
1077032520.jpg,1,CBSD,c7a336c9d8b02b59,train
1077091549.jpg,3,CMD,dabc517625a1b3c2,train
1077138637.jpg,3,CMD,86f92f026ed6158e,train
1077343678.jpg,3,CMD,d5dc32b31e91221f,train
1077647851.jpg,4,healthy,e9f023af7faf0004,train
1077728760.jpg,4,healthy,dbd41b8174b9702b,test
1077786495.jpg,2,CGM,da85396779a21c65,train
107801790.jpg,4,healthy,d18c2eea374d59b0,validation
1078061341.jpg,1,CBSD,89647435b9852f8f,train
10780620.jpg,3,CMD,adbc3ee2722a2383,train
1078497809.jpg,3,CMD,91ec580e67758eca,test
1078590865.jpg,0,CBB,94db62aef961430e,train
1078779441.jpg,1,CBSD,819dad5fe322a313,test
1078875759.jpg,3,CMD,967e34ed694e118c,train
1079107547.jpg,3,CMD,a0f70fcef148cc32,test
1079216156.jpg,3,CMD,b9c46836528b76ce,train
1079224858.jpg,3,CMD,98c20dfdc91c26f6,train
1079432452.jpg,3,CMD,c3f860b77828bd34,train
1079514795.jpg,3,CMD,832572c6e9be4e1c,train
1079793899.jpg,1,CBSD,93c7103b098fc7f1,test
1079818659.jpg,3,CMD,927c17d62ec24e5c,train
1080123455.jpg,1,CBSD,933a12c21ce3ede5,train
1080179563.jpg,3,CMD,99f1e524acb969a1,train
1080185160.jpg,4,healthy,d58f479d30c03979,train
1080265497.jpg,3,CMD,85f56b9845c3589b,train
1080281713.jpg,3,CMD,94ad5fd07b16b8a0,train
1080407872.jpg,0,CBB,fce8a5a60a7d811d,validation
1080752639.jpg,1,CBSD,8d855239cdb48e76,train
1081031509.jpg,3,CMD,b7ba3e13f50dc101,train
1081331009.jpg,0,CBB,867825c7f8059fb8,train
1081937072.jpg,4,healthy,9821c8ce6dcf427e,train
1081992369.jpg,1,CBSD,c4c4636b7c6c6743,train
1082098147.jpg,4,healthy,c799c1025ff8f1e0,train
1082579432.jpg,3,CMD,a6874fb8037c89b9,train
1082822990.jpg,3,CMD,87b3398e8acae272,train
1082887568.jpg,2,CGM,dde368e36029c25b,validation
1083021605.jpg,4,healthy,b4c4cbff1c813166,train
1083149527.jpg,3,CMD,d6ddd58c8db91029,train
108321963.jpg,3,CMD,86fe618fe9c19294,train
1083535091.jpg,4,healthy,f483c6e930fcd254,train
1083681960.jpg,2,CGM,83bc0bf810fa27d9,train
1083896176.jpg,2,CGM,cae968bc79717051,validation
1084229234.jpg,4,healthy,949b2be062be1cad,train
108428649.jpg,3,CMD,cdd0782f26b560f1,test
1084779411.jpg,3,CMD,947134966f775892,train
1084885558.jpg,2,CGM,d2bd31aa60c22d9f,train
1084966463.jpg,3,CMD,cc8f293c54d43c5d,test
1085038226.jpg,4,healthy,c2a0bf24d48bb9cb,train
1085297222.jpg,1,CBSD,a39c055c3cf176ca,train
1085629921.jpg,3,CMD,d8b766e8029dc963,train
1085879366.jpg,3,CMD,c427420ef95b7e31,test
1085931637.jpg,3,CMD,89c5643b776e0d0d,train
1085950509.jpg,0,CBB,84bb6a051dc663d7,validation
1086080704.jpg,3,CMD,845259da4cce73d9,train
1086102546.jpg,3,CMD,81bf36e0953e6153,test
1086221210.jpg,3,CMD,d7fa6870970ea0a9,train
1086499006.jpg,3,CMD,93e448daed336698,train
1086538376.jpg,4,healthy,ced4ce83bc94512b,test
1086549590.jpg,3,CMD,87ae40ac7af5525c,train
1086683858.jpg,3,CMD,d3d61c19986b7a25,train
1087450558.jpg,3,CMD,91e0221c767576ee,train
1088048736.jpg,3,CMD,dcfc7ee53e07000a,train
1088104223.jpg,2,CGM,de310cc70f09d76c,validation
1088343861.jpg,3,CMD,9ea963980a80f6ef,train
1088416255.jpg,3,CMD,96f22b0cdcda53c4,train
1088631003.jpg,3,CMD,c02873f37d5c5692,test
1088853815.jpg,3,CMD,d0567f1295bc8c4b,train
1089147259.jpg,3,CMD,d5ca28613ea9e49e,validation
108944327.jpg,3,CMD,89d5766a887a9a9a,train
1089555688.jpg,3,CMD,d219624a37b7722b,train
1089661926.jpg,1,CBSD,c49136e082fde15f,validation
1089759212.jpg,0,CBB,d7452c7829d3da98,train
1089887353.jpg,3,CMD,95d525d233e15a2d,train
1090116806.jpg,3,CMD,d1863e7a61e026af,train
1090266454.jpg,3,CMD,94c7ece19b39681a,train
1090285146.jpg,3,CMD,84cb763de85a0fc2,validation
109039552.jpg,3,CMD,85f63a4d066ae595,train
109060770.jpg,2,CGM,e3cf30c84e393596,test
1090972181.jpg,1,CBSD,8fcc38b32343635b,train
1091104589.jpg,2,CGM,f16e3aa75178889c,train
1091388730.jpg,3,CMD,9476679b38cd1748,validation
1091414887.jpg,3,CMD,8ea57e70674e2269,train
1091450292.jpg,3,CMD,c1fa79cd82831b17,train
1091452653.jpg,3,CMD,d9e536058bee161a,train
1091529167.jpg,3,CMD,f9f81337bea00d12,train
1091727259.jpg,3,CMD,92c16fbd09d654e2,train
1091837239.jpg,4,healthy,c0c16d92de7fb824,train
1091869695.jpg,1,CBSD,bad252d69a33921e,validation
1092232758.jpg,4,healthy,97d1073a46b6394e,train
1092289858.jpg,2,CGM,ab953dc1a1be8543,train
1092535479.jpg,2,CGM,cc9e2f27273350d8,train
1092645359.jpg,3,CMD,98d73596cb9a5849,train
1092772509.jpg,3,CMD,c13c7126dc333ad9,test
1092828758.jpg,4,healthy,c2c0ecc8d893f3dc,validation
1092874124.jpg,3,CMD,819e2e6d726cb13a,train
1093114557.jpg,3,CMD,de927d1875885077,train
1093539112.jpg,3,CMD,c3fc10a5aa067ad7,train
1093739814.jpg,3,CMD,83861e726653727e,train
1093765262.jpg,1,CBSD,f0ce38e903663769,train
1093908406.jpg,4,healthy,91cde491f2c7582e,validation
1094294460.jpg,2,CGM,d2a0323f79b3c0f8,test
1094295442.jpg,0,CBB,862932cfb9944ba7,train
1094476490.jpg,3,CMD,97e00b1a21b75f69,test
1094482700.jpg,3,CMD,84d31a7e3314df2c,test
1094531638.jpg,3,CMD,daa4781e29f40ff0,test
1094769327.jpg,3,CMD,889c766dd72630e3,train
1094811132.jpg,3,CMD,d6b44a593b2e2c39,train
1095008050.jpg,3,CMD,c88d1d67d7f0ca12,train
1095247638.jpg,4,healthy,c78839f183ff8087,train
1095482483.jpg,3,CMD,85db6ddc0ce11e0e,test
109551927.jpg,4,healthy,b6de54c1abb8401f,validation
1095723751.jpg,3,CMD,950656de6f818b66,train
1095798136.jpg,3,CMD,9bc86cf025be42ce,train
1095906723.jpg,3,CMD,8dce336c3074e596,test
1095991625.jpg,3,CMD,fa16fada8a94c223,train
1096216935.jpg,3,CMD,cf8d28167757a815,train
1096302814.jpg,1,CBSD,d6fe6365458292b1,train
1096438409.jpg,4,healthy,cc4b6252b5cd4ba6,test
1096800842.jpg,2,CGM,80d176ec9ef807a5,validation
1097202105.jpg,3,CMD,c297d3db939134b0,train
1097206620.jpg,3,CMD,ea426a6776941b9c,train
1097213244.jpg,3,CMD,dca81eac6736cf40,train
1097323507.jpg,1,CBSD,966c34baa5554b2d,train
1097497550.jpg,3,CMD,dc9638e8d36d6185,train
1097598508.jpg,3,CMD,d09f8946bbaa4633,train
1097658176.jpg,3,CMD,c29ab407ffe82133,train
109787893.jpg,3,CMD,e29a009997b6e1ee,train
1097928870.jpg,3,CMD,f0270ba51e9e7269,train
109816879.jpg,0,CBB,d42e2fb17fd10489,validation
1098184586.jpg,4,healthy,818c367156d2dcee,train
1098348421.jpg,3,CMD,92e9366c201bb7d3,train
1098384736.jpg,3,CMD,9d2a741749c5e13e,train
1098392001.jpg,3,CMD,c3873f4338397c1c,train
1098441542.jpg,4,healthy,d0ecb295971b3c0b,train
1098603613.jpg,3,CMD,acb06f2f73f20126,train
1098727659.jpg,3,CMD,82da27ab2df21565,train
1098903353.jpg,3,CMD,c538d76563c4c1b6,train
1099450301.jpg,4,healthy,852f26f13aa4694f,train
1099668939.jpg,2,CGM,deb7657043646a8a,train
1099869110.jpg,3,CMD,ec996f1a095eab21,test
1099870140.jpg,1,CBSD,9d626f98690f341e,train
1099882902.jpg,1,CBSD,ca9525a01f437ee6,train
1100049957.jpg,3,CMD,85b1d8f3cdde3088,train
1100052546.jpg,3,CMD,855f68ece78b8c12,test
1100123652.jpg,3,CMD,90ae6da915da2be1,train
1100136717.jpg,3,CMD,dcb148b36946b9ac,train
1100141254.jpg,2,CGM,c17c34bb7dd289a0,test
1100247536.jpg,1,CBSD,c732229264a9e9fe,train
110051175.jpg,3,CMD,8ca071f31d3e29d5,validation
1100532272.jpg,2,CGM,c691e4091f131f77,validation
1100677588.jpg,4,healthy,80d07b87f9e42f29,validation
1100718808.jpg,3,CMD,fda825137126537a,test
1100733960.jpg,1,CBSD,90fa79bc5921fc24,train
1101262562.jpg,3,CMD,c0922e70bf8cd4cf,train
1101317234.jpg,3,CMD,c39c30da26ed393c,train
1101409116.jpg,4,healthy,ddbf3490602d079b,train
1101952886.jpg,0,CBB,d3de2ea509842b3d,train
1102114596.jpg,2,CGM,d5c072cbd0de1e34,test
1102683272.jpg,3,CMD,c38d7c03259e167b,train
1102693690.jpg,4,healthy,84db36b9d292f9a0,train
1103037453.jpg,3,CMD,9778634560eb6e52,validation
110316351.jpg,3,CMD,b7ac55d219744633,train
1103304372.jpg,0,CBB,d7e82d3341ad9686,train
110359894.jpg,4,healthy,d48f669c2d5832e6,train
110366351.jpg,3,CMD,82b176ea2d541be5,train
1103742559.jpg,1,CBSD,869927ce41e6f1a5,train
1103977756.jpg,2,CGM,d0362f3e38e663c4,train
1104000386.jpg,3,CMD,dd2144dffb210785,train
1104298311.jpg,3,CMD,84b7e6801f7ce187,train
1104322555.jpg,3,CMD,c2811f5a9afe159c,train
1104367012.jpg,3,CMD,d7a82ba16ba60673,test
1104743192.jpg,3,CMD,d4c927a65ab64473,train
1105163779.jpg,3,CMD,99f17ea1468473a9,validation
1105255922.jpg,0,CBB,972c7a4b4eb43133,validation
11054682.jpg,3,CMD,cd882ad1a3385df6,validation
1105650232.jpg,3,CMD,d1b162f88fd5160d,validation
1105694504.jpg,1,CBSD,818c398fb3cd3a71,train
1105873839.jpg,3,CMD,9e0b485f21750eee,validation
110588438.jpg,3,CMD,81df1b6b6433c037,train
1105907243.jpg,1,CBSD,96da6af71783086a,validation
1106106088.jpg,4,healthy,9ada4a865ad2d4d5,train
1106273992.jpg,3,CMD,a04a153cef922c7f,validation
1106559016.jpg,4,healthy,cf9621afd02ac959,train
1106608031.jpg,3,CMD,8fd439582e3f085d,train
1107438.jpg,3,CMD,93b866d269b67a24,train
1107481034.jpg,3,CMD,87bc2788adb03bc9,train
1108320889.jpg,3,CMD,8fe8494c7e431c3d,train
1108862699.jpg,3,CMD,c08f1fff072f9c00,validation
1108899810.jpg,3,CMD,93ec38c23f3b017a,train
1109052326.jpg,2,CGM,d4b50ec875606bb6,train
1109109430.jpg,3,CMD,c6c127985d4ee1f4,test
1109216233.jpg,3,CMD,c07468e83fd79992,validation
1109418037.jpg,3,CMD,9a914dc9722e07db,train
110949726.jpg,3,CMD,c4bfa31d584909eb,train
1109535439.jpg,3,CMD,f5817af830569ab4,validation
1109793764.jpg,3,CMD,86e95e202a8dbeea,validation
1109928772.jpg,3,CMD,9dad79696054a3c9,test
1110416706.jpg,3,CMD,c1ca4a2069dba7e7,train
1110421964.jpg,3,CMD,94c92b96928abd9b,train
1110465816.jpg,3,CMD,c8f23d823cced362,validation
1110776878.jpg,3,CMD,a42d21b63fe64387,train
1111006106.jpg,3,CMD,8ddb72a136d846ac,train
111117998.jpg,3,CMD,a0f9db1069af06ec,train
1111288187.jpg,2,CGM,d18922db37196e93,train
1111352870.jpg,3,CMD,81fc38937b1e5cd0,train
1111719655.jpg,3,CMD,f047e7943231a796,validation
1111878443.jpg,3,CMD,d9b3549360cb19f1,train
1111946219.jpg,1,CBSD,c9bb76d6640584ce,train
1112055301.jpg,3,CMD,87987878c0b596f6,validation
1112568678.jpg,3,CMD,bd8a780fa00703ff,train
1112896854.jpg,3,CMD,800ffb83ab251d9e,train
1112943175.jpg,2,CGM,898671f43777560c,train
1113197985.jpg,3,CMD,d80c51cbce278e75,validation
1113246543.jpg,2,CGM,8ec42a619d766975,train
1113324991.jpg,3,CMD,b8522db6216476bd,train
1113547652.jpg,3,CMD,c3901e3d6394e4b7,train
111358933.jpg,0,CBB,d5d96bc26e68c125,train
1113624946.jpg,3,CMD,96da0a482d87d3f9,validation
1113768888.jpg,1,CBSD,8fe1413d2e263b17,train
1113813904.jpg,3,CMD,dc546152a9e57a9c,test
111384857.jpg,2,CGM,c29d3e257de0851e,validation
1113946759.jpg,2,CGM,9be4439ae1500fbb,validation
1114473986.jpg,3,CMD,8cf0266fa7dc881d,validation
1114588792.jpg,2,CGM,b5973c439a1d1167,train
1114918862.jpg,3,CMD,82a177565997b626,validation
1114980117.jpg,3,CMD,cc3e569e88012aff,train
1115186514.jpg,3,CMD,d82f76a847843537,test
1115249889.jpg,3,CMD,c0ed38ee174217e3,train
1115273193.jpg,3,CMD,d987f825b6a089ea,test
1115331699.jpg,3,CMD,a36d313548cbf48e,test
1115389496.jpg,4,healthy,e9827252f5240dfb,train
1115451372.jpg,2,CGM,8fe23f9300f310fc,train
1116129173.jpg,1,CBSD,9ada4a4a9bb3d1c2,train
1116229616.jpg,3,CMD,84dc3353a16c5eb3,test
11162952.jpg,3,CMD,e8ea77e5e1c24226,train
1116356197.jpg,2,CGM,e6b348999d6e20ce,test
1116781528.jpg,2,CGM,cd2d7c6d620e0aab,train
1116856972.jpg,3,CMD,ca12f9a78a53bb90,train
1117006363.jpg,3,CMD,8fde313a1710e2a7,train
1117033254.jpg,1,CBSD,857b4e8d3b470c78,test
1117136990.jpg,1,CBSD,c3b57b0441c81f9f,train
1117199954.jpg,3,CMD,a5b977ddc0861e30,train
1117253517.jpg,3,CMD,85b61f1c3c033d6b,train
1117432302.jpg,2,CGM,90017946dc93f6be,train
1117482915.jpg,3,CMD,c09622a6bd1d7b33,train
111755849.jpg,3,CMD,c39d7ed30cf04463,train
1117635403.jpg,3,CMD,98e8d4271f776942,validation
1117937512.jpg,3,CMD,8ec129dbb4bc1a63,train
1118018491.jpg,2,CGM,948038f3f2297d37,validation
1118049363.jpg,3,CMD,d5f5368491b38c35,train
1118064801.jpg,3,CMD,cfdd660370953127,train
1118164655.jpg,4,healthy,90da34a0aed1d3e7,train
1118213233.jpg,3,CMD,d2c3343fb0ea0b95,train
1118350826.jpg,2,CGM,cae41a65d13bd30e,train
1118381273.jpg,3,CMD,84f2489c3776e5d2,train
1118493919.jpg,3,CMD,fc8128abf9519599,train
1118628939.jpg,3,CMD,c9e87eed063a14c3,train
1119046243.jpg,3,CMD,999e217d62d60a3d,train
1119134814.jpg,2,CGM,ccda26b453eca417,validation
1119403430.jpg,4,healthy,a3d9679a761609a5,train
1119593200.jpg,4,healthy,83d3584e626eaeb1,train
1119665495.jpg,3,CMD,858f3e595b3669c0,validation
1119747653.jpg,2,CGM,9dc843937b8dfc02,train
1119847734.jpg,0,CBB,d22c37fac0c5165e,train
1119934368.jpg,3,CMD,851c693b7c2379c3,test
1119995789.jpg,3,CMD,82377cd1a76ee034,train
1120005690.jpg,3,CMD,8dc972c61e9e2d61,train
1120416975.jpg,1,CBSD,8a7c853955186abf,test
1120538910.jpg,3,CMD,e2cd06f84d1e652e,train
1120557501.jpg,3,CMD,98037ee18b704cfb,train
1120732120.jpg,3,CMD,c99a0a6cb2af17cc,train
1120933008.jpg,3,CMD,ccec5a8a33b1729a,test
1120985228.jpg,3,CMD,99e5639d19b9431a,train
1121048541.jpg,2,CGM,959bc8e758535469,train
1121089876.jpg,2,CGM,d194715e61ac7f12,train
1121169601.jpg,3,CMD,dbf33c86681b8784,train
1121793903.jpg,1,CBSD,8a6c55d62a8b9c7a,test
1121950922.jpg,4,healthy,8e8b6aabe6d61291,train
1122080430.jpg,4,healthy,94d62f2b34da56e0,train
1122491573.jpg,2,CGM,854b68305f758e9b,test
1122533329.jpg,4,healthy,c8e4b2dad1a6d3b0,train
1122970967.jpg,4,healthy,dbfef5b8a0246061,train
1122980752.jpg,3,CMD,88eb348b56315d9e,train
1123269893.jpg,0,CBB,93532dd0e1f7803b,train
1123691141.jpg,1,CBSD,90d966d8e1fdc491,train
1123847730.jpg,1,CBSD,c8e16f0d32b251db,train
1123902504.jpg,3,CMD,9890376f9493c976,validation
1124029406.jpg,3,CMD,95e172ac14ec4fe1,train
1124166287.jpg,3,CMD,c7c878e85ab4d5a8,train
1124255421.jpg,1,CBSD,94d53acce5863596,train
1124291241.jpg,0,CBB,96906b96b59896bc,validation
1124430120.jpg,3,CMD,d4d63c870c271b5d,train
1124493346.jpg,3,CMD,90d82babdc3af982,train
1124545066.jpg,3,CMD,f1856eb05f091eb4,test
1124741083.jpg,4,healthy,83963c8963ee663c,train
112487271.jpg,3,CMD,890c9e2e5db1bad4,train
1125109121.jpg,2,CGM,9e6719382f333934,train
1125148529.jpg,2,CGM,8b809b9cc1b7d9a5,train
11252426.jpg,3,CMD,93d23bfb29356508,train
1125517777.jpg,1,CBSD,9a957d5a706a602f,train
1125560878.jpg,4,healthy,c49c7c6ddfc10196,train
112557905.jpg,3,CMD,d6eb26923e2d7214,train
1126189127.jpg,3,CMD,e1986de790a1de52,train
112619806.jpg,3,CMD,c6ac5dc213dc5b83,test
1126417568.jpg,1,CBSD,dbd474892a7f40ca,train
112646666.jpg,3,CMD,d5b242daee293385,validation
1126686225.jpg,3,CMD,8d6c61ae7c50597a,train
1126766682.jpg,3,CMD,9def66a42291662d,train
112690000.jpg,2,CGM,aca627c8f22bd8b4,test
1126995294.jpg,3,CMD,81927698e72ccebc,train
1127054489.jpg,3,CMD,84b46df322e9f506,validation
1127286868.jpg,0,CBB,c3d7621b7c907f20,train
1127322697.jpg,3,CMD,99c845c1769e2773,train
1127352598.jpg,3,CMD,84165d9f67176c0b,validation
1127545108.jpg,3,CMD,868e8f839199f9b1,validation
1127648735.jpg,3,CMD,cfaf2103801a3efb,train
1127920784.jpg,4,healthy,c79ca531d88d94c7,validation
1128067244.jpg,3,CMD,d36836a63c732a9c,train
1128080664.jpg,1,CBSD,c8b12ebbf18c325a,test
112818929.jpg,3,CMD,85de1c032ebef4e0,train
1128373288.jpg,3,CMD,ad9c55492e564b36,train
1128419407.jpg,3,CMD,c9074ef1d952e613,train
1128531258.jpg,1,CBSD,8ddd3326171b6295,train
1128747807.jpg,3,CMD,82a9692437beda8b,train
1129086927.jpg,3,CMD,c69271b22dbd1467,test
1129343531.jpg,3,CMD,8ee824ed61cf52aa,train
1129442307.jpg,2,CGM,c6ca67b830c7cc69,validation
1129666944.jpg,1,CBSD,cdcb73d8c4d184b4,train
1129668095.jpg,3,CMD,94bf4e006d41bfd4,train
1129878051.jpg,1,CBSD,d2fd6e6290977064,test
113007530.jpg,3,CMD,d4a07adf6302cdb4,train
1130201707.jpg,1,CBSD,859e5a5b69645a2b,train
1130568730.jpg,3,CMD,c2563deb0105fcba,train
1130848139.jpg,2,CGM,cae1ee9d9d010baa,train
113115280.jpg,3,CMD,f8db40cbfa96d012,test
1131164164.jpg,2,CGM,c5a1e1f0fa785456,train
1131545521.jpg,3,CMD,c18f23f5c4f28d19,train
1131795306.jpg,4,healthy,f88645472c6eea27,train
1131824490.jpg,3,CMD,d12c5a4e356f245b,test
1131959133.jpg,3,CMD,dc876a1935555b62,train
1132263978.jpg,2,CGM,c4cc5077c09cfae6,train
1132352696.jpg,3,CMD,bfd54b285e08e10f,train
1132572799.jpg,3,CMD,c583acc8b5a58bab,train
1132695066.jpg,3,CMD,d0a33cf097fc4067,test
1132839452.jpg,4,healthy,cfcf169f09985322,train
1133003664.jpg,3,CMD,93a474d76455f4c1,train
1133271450.jpg,3,CMD,8585617d4ee256e3,train
1133309905.jpg,2,CGM,d3c5260e8bd5649d,train
1133337432.jpg,2,CGM,de516f0809f019fe,train
1133741600.jpg,3,CMD,9dd2641ee36098e7,train
1133979561.jpg,3,CMD,84f343ad649a4f2d,train
1134181894.jpg,3,CMD,df811dc31abf4550,validation
1134204099.jpg,4,healthy,88fb740a17d83bcc,train
1134341646.jpg,3,CMD,c5e41f92870a6d3b,train
1134422280.jpg,0,CBB,fe42d17ec650a239,train
1134555481.jpg,3,CMD,86f97612317df8a0,train
1135103288.jpg,1,CBSD,d5ad3cd24acf1b08,train
1135186120.jpg,3,CMD,b0df817700eb5bd0,train
1135319126.jpg,3,CMD,d9f14d6ca0415e73,train
1135510790.jpg,1,CBSD,c19dc8d9888babab,validation
1135727315.jpg,3,CMD,c4e93a65da9165d4,train
113596289.jpg,1,CBSD,d3453da785e63511,validation
1135994745.jpg,3,CMD,85a501dbe7fc3063,train
1136197975.jpg,3,CMD,858563f3c483a3e7,train
1136247761.jpg,3,CMD,97f478f06d194638,train
1136287930.jpg,3,CMD,f9fc12f01a165672,train
1136746572.jpg,1,CBSD,c81a0dbaeeec5519,train
1136801202.jpg,3,CMD,9ed45e9e67892864,train
1136820675.jpg,1,CBSD,99d63acb1cf2a514,test
1137270192.jpg,3,CMD,cd633ee9c0966b24,train
1137391278.jpg,3,CMD,83904ebd0ad5637e,train
1137421218.jpg,1,CBSD,9f9c338f808674a7,test
1137454058.jpg,3,CMD,84da27b41a86f8af,train
1137468272.jpg,3,CMD,b6c235c22af5c1e6,train
1137518834.jpg,1,CBSD,cedc3cfcb1072223,train
1137582859.jpg,3,CMD,c4d07267ed9939a4,train
1137631673.jpg,1,CBSD,d2b82e93d9c63338,train
1137739472.jpg,2,CGM,daca6c70e7dc210d,train
1138006821.jpg,3,CMD,bfa4392711ff10c8,train
113803368.jpg,3,CMD,8e8f7c8e06fe1321,test
1138036719.jpg,2,CGM,94ab5b4a4ae8acb6,train
1138058391.jpg,4,healthy,d49b159738d2b607,test
1138072371.jpg,3,CMD,d9e945d1e2645a8d,test
1138283090.jpg,3,CMD,94d454c5c28feb96,train
1138461516.jpg,3,CMD,92ce12f96f62690d,train
1138645276.jpg,4,healthy,979b09fd40463cf4,test
1138779690.jpg,2,CGM,d8c22174c72e78f6,train
1138949936.jpg,3,CMD,d51135a914efa69c,train
1139406590.jpg,3,CMD,dbf232671872243b,test
1139665721.jpg,2,CGM,d9f47be8366aa480,train
1139742461.jpg,3,CMD,b8be2f595190bc8c,train
1139923759.jpg,3,CMD,d8511ad225cfd2f1,test
1140116873.jpg,2,CGM,81cd26c6291f739b,train
1140278796.jpg,3,CMD,b4d7a3a54a8d9153,validation
114081332.jpg,3,CMD,90b779ca747a8398,train
1141170826.jpg,3,CMD,d1d42a211f0b5f5e,validation
1141275049.jpg,3,CMD,959a68d6d26799c1,train
114137661.jpg,3,CMD,91e8f6b9e2d60ea0,test
114139340.jpg,3,CMD,da1b68eb163a6296,train
1141475259.jpg,3,CMD,d58e171787a1711e,test
1141754259.jpg,3,CMD,9a053eb10fb861fc,train
114198015.jpg,3,CMD,c0e066f4cd7cf170,train
1142064548.jpg,3,CMD,ea89a433225a7ce7,train
1142350132.jpg,3,CMD,81cf79cd52c8744b,train
114251805.jpg,1,CBSD,9c9930233fe4f4e2,train
1142600361.jpg,3,CMD,84c07e3dcf5e3036,train
1142627620.jpg,3,CMD,9ca471dc46926ead,train
1142830488.jpg,3,CMD,91fd02d65c3a701f,train
1143022454.jpg,3,CMD,c5f9299b262745cc,train
1143108835.jpg,3,CMD,dfddf0c2a8b1d00a,train
1143548479.jpg,3,CMD,d9e366353734b105,train
1143964354.jpg,4,healthy,93e0636cdc919ba3,train
1144328728.jpg,3,CMD,8fc513996d824b79,train
1144657211.jpg,3,CMD,8dd22d522d565d33,validation
1144686555.jpg,1,CBSD,989d657c66632371,train
1144914727.jpg,3,CMD,837f6512732d23d1,train
1145076372.jpg,3,CMD,9ca135e4b275f432,train
1145084928.jpg,3,CMD,9f9c013820fb6bdc,test
114551323.jpg,3,CMD,8e3e609154f9cad5,test
1145667404.jpg,3,CMD,d29025e0da6b66f6,train
1146074650.jpg,3,CMD,87ec122b3e429af3,train
1146555837.jpg,3,CMD,a8d00f1ffebc4185,train
1146557184.jpg,2,CGM,fbd06086afd02fa2,test
1146671365.jpg,1,CBSD,e2957528a7bce843,train
1146674028.jpg,3,CMD,ece6ee93b485a405,train
1146811684.jpg,3,CMD,dfcc3a98c9c8d0c9,train
1146890765.jpg,3,CMD,9c832fc0c366df98,validation
1147036458.jpg,3,CMD,b0064737f3983cda,validation
114721185.jpg,3,CMD,cdf83441293e8e73,train
1147474861.jpg,4,healthy,da9a343d47670b8c,train
1147602192.jpg,3,CMD,8a7ad6496145f933,train
1147790325.jpg,3,CMD,98de67093c6a2db1,train
1148135576.jpg,3,CMD,d1661b3a4c1d61db,train
1148219268.jpg,3,CMD,81fe0af4303fd1e2,train
1148267148.jpg,4,healthy,849e77b20c147ea7,validation
1148412619.jpg,3,CMD,d1df049e4c7217e4,validation
1148573405.jpg,3,CMD,9ce9333d69c66e02,train
1148629594.jpg,4,healthy,c0b739066c8f0bf5,validation
1148829591.jpg,0,CBB,cdbd39c818c64379,train
1148865724.jpg,3,CMD,d28db3c63027c4af,train
1148976891.jpg,3,CMD,d08375d174e1cb2e,validation
1149131142.jpg,3,CMD,9ad73fef092105c4,train
1149189284.jpg,3,CMD,86f911827b9c62d7,train
1149243998.jpg,0,CBB,c1c36327363f46c3,train
1149366109.jpg,1,CBSD,99d562ec1ae2569c,train
1149376590.jpg,3,CMD,c589380b4aeee2bd,train
1149596528.jpg,4,healthy,848f3e981bdc53e8,validation
1149843066.jpg,3,CMD,f53206e10f1f434f,train
1149874040.jpg,3,CMD,e68935126be319e6,train
1150053692.jpg,3,CMD,f8ad968b1353f40c,train
1150289394.jpg,3,CMD,8e899f9198ef9087,train
1150322026.jpg,3,CMD,a8d37b97504a8f68,test
1150408914.jpg,1,CBSD,90d82dd836b9631f,validation
1150608601.jpg,3,CMD,ca310b6e374c371e,train
1150800852.jpg,3,CMD,e4a43786b0f80ff8,train
1151124099.jpg,3,CMD,d5870d73d8143c73,train
1151214071.jpg,3,CMD,de4967e624b22333,validation
1151591175.jpg,3,CMD,d79a63c443e4cd49,train
1151646112.jpg,3,CMD,80975aeaf9ba2e0a,test
1151756938.jpg,3,CMD,8d9835abd8e4655a,validation
1151793970.jpg,3,CMD,c38e323b1bd2817d,test
1151941049.jpg,2,CGM,b59e5c0d0bb41e5c,train
1152100841.jpg,3,CMD,cd606b6d78614c73,validation
1152356015.jpg,3,CMD,99c9666fa634305b,train
1152631724.jpg,0,CBB,949f6a8f7c983330,train
1153394975.jpg,2,CGM,c5b579c03b163cb2,train
1153679641.jpg,3,CMD,da4b985425875b6d,train
1153882793.jpg,1,CBSD,92e3698b26df221d,train
1154146320.jpg,3,CMD,b8f830fccf03425e,train
1154243459.jpg,3,CMD,ded075a9176c702a,test
1154259077.jpg,2,CGM,c5f00bb9958e13d3,validation
115438345.jpg,2,CGM,c1812b4a6dc7939f,train
1154479394.jpg,4,healthy,d2ca06377cc81cbe,train
11553250.jpg,3,CMD,e9e1e35edac30854,test
115543947.jpg,3,CMD,d090d694a5e9a5fa,validation
1155507570.jpg,4,healthy,91ec68916d7695b2,train
1155922656.jpg,3,CMD,c7b0639e710aa1dd,train
1156438071.jpg,3,CMD,d3817ea64d8563c9,train
1156464284.jpg,1,CBSD,81a5307a66d94e3f,train
1156776649.jpg,1,CBSD,bdca6e77a1a50095,test
1156963169.jpg,1,CBSD,8db6242f2f7ce0a1,train
1157456834.jpg,3,CMD,c1466a576d3526d6,train
11574961.jpg,1,CBSD,97cc29d6c2c9d6a4,train
1157584839.jpg,3,CMD,87906ed968b115f6,train
115829780.jpg,1,CBSD,85934aa649ccedf4,train
1158328538.jpg,4,healthy,c0873cdc4f165ba5,train
1158465741.jpg,3,CMD,9d9f72b08c987a46,train
1158552127.jpg,2,CGM,cc982f2b329678e9,train
1158624632.jpg,4,healthy,80f17d83799bc2d1,train
1158898602.jpg,3,CMD,d18d39d71e48666c,train
1158902447.jpg,3,CMD,9c712eedc5421eb1,train
1159051913.jpg,3,CMD,d37b60ab94994b15,train
1159384671.jpg,3,CMD,f4891e4f321c49f3,train
1159573446.jpg,3,CMD,c3ca79b12fd440cb,train
1159885100.jpg,3,CMD,f28fc2c216636d99,validation
1159958823.jpg,3,CMD,c1bc4bc366547d86,test
1159977136.jpg,3,CMD,a4f89f9c7a0b81a6,train
1160018036.jpg,1,CBSD,93fc53b1ecd2240b,validation
1160075077.jpg,4,healthy,928d2eae92c21bbd,train
1160106089.jpg,3,CMD,959b43d663a66a62,train
1160386245.jpg,3,CMD,cd97489ed086a99e,train
1160441044.jpg,1,CBSD,9de35894669566d1,train
1160633739.jpg,4,healthy,97d8ace75b0c4646,train
1160694638.jpg,3,CMD,dbce32c1965839a5,train
1160762545.jpg,3,CMD,97563ec7e52c4921,train
1160835992.jpg,1,CBSD,f4934b89c75524b6,train
1161282261.jpg,2,CGM,96490d9b3b22bd36,train
1161422335.jpg,3,CMD,80dcc61d1f3aa9f4,validation
1161696474.jpg,3,CMD,d0fa227e4ccd416b,test
1161718761.jpg,4,healthy,9cc0771e6925875e,train
1161877959.jpg,3,CMD,847e61027c635bf6,test
1162152381.jpg,2,CGM,c8bc38e51cd17e83,test
1162161027.jpg,3,CMD,c1e22dfc60c17b1d,train
1162586236.jpg,3,CMD,d3d547b16e867105,train
1162702675.jpg,3,CMD,cbcc2d7432a35365,train
1162784532.jpg,3,CMD,8481b6dbab5e0bd1,train
1162809006.jpg,3,CMD,eb90ccc35d8c91b5,train
1162919908.jpg,3,CMD,cdd476e10de417c1,train
1163169626.jpg,3,CMD,87bc32ca1c6316d7,train
1163211967.jpg,3,CMD,c14d4f9f741e88d1,validation
1163230614.jpg,3,CMD,89f2789626ca2cbd,validation
116338302.jpg,4,healthy,9fd68deae0607078,test
1163901335.jpg,1,CBSD,98ee1366c942ed96,validation
1164006257.jpg,3,CMD,90eb3b527ab90f09,train
1164139457.jpg,3,CMD,91882e4e87a53aef,test
1164430780.jpg,3,CMD,ddce6d71017dd801,train
1164550544.jpg,3,CMD,855959786783cda6,train
116466028.jpg,2,CGM,96cb6b3626992167,train
1164692375.jpg,2,CGM,97a14a0739d867ab,test
1164773152.jpg,4,healthy,98da1257466227f7,train
1165169660.jpg,3,CMD,85b065c67ebdc8c1,train
1165463551.jpg,3,CMD,d5da1e78139862d5,train
1165503053.jpg,3,CMD,953009f60a6e6f4f,test
1165640366.jpg,3,CMD,80c3def39e353d80,validation
1165672630.jpg,4,healthy,83f47c5305945bae,train
1165857265.jpg,1,CBSD,a22a39575f1e39a1,validation
1165946895.jpg,3,CMD,85ee3a8d595384ec,validation
116602588.jpg,3,CMD,994e2ee34a58d197,train
1166269139.jpg,3,CMD,89c330ef47054fdc,train
1166951694.jpg,3,CMD,d5e87eac20e7d828,train
1166973570.jpg,0,CBB,dc867796165d8195,train
1166984087.jpg,3,CMD,9410127aed38fce7,train
1166986456.jpg,1,CBSD,ddd6621b9fa054d0,validation
1167375452.jpg,3,CMD,d0f070f03cf85774,test
1167578241.jpg,3,CMD,c3b66389793c1b43,test
1167942478.jpg,1,CBSD,94266da7f8430db9,train
1168027605.jpg,3,CMD,a5c83ad4ed306477,train
1168108889.jpg,1,CBSD,d46b736c30c1696e,validation
11690064.jpg,0,CBB,d6cfd086c01bf139,train
1169202879.jpg,3,CMD,fdd5828ec327303c,train
1169336431.jpg,4,healthy,819659a946b5f0e7,train
1169555364.jpg,3,CMD,c0ca32a9aabe6957,train
1169643720.jpg,3,CMD,c4f52906748b4adf,validation
1169677118.jpg,3,CMD,869539b3476a3596,validation
1170312176.jpg,3,CMD,f4d234d1172691b7,train
117031981.jpg,3,CMD,d3a4908a7691feb4,train
1170371662.jpg,4,healthy,81253f65b5969671,validation
1170646822.jpg,3,CMD,dbfbd0c039b69281,validation
1170720367.jpg,4,healthy,c0e21d8a3f34e95e,train
1171170982.jpg,3,CMD,d49a21de61c9736c,train
1171302232.jpg,3,CMD,843f71286173c797,train
1171302816.jpg,2,CGM,99f508d5ebc50d07,test
1171418212.jpg,4,healthy,91f68aaef0a33847,train
1171469131.jpg,4,healthy,c69d3d0191d099fe,train
1171643139.jpg,3,CMD,9cbe6613094c68f7,validation
1172047582.jpg,3,CMD,c4a32a5e593789da,train
1172185263.jpg,3,CMD,906a7ab641d0db6b,validation
1172216777.jpg,3,CMD,c2b12db9761f6506,test
117226420.jpg,3,CMD,85fd2c930e4fb590,train
1172621803.jpg,3,CMD,d2952d2eb71849e9,validation
1172756697.jpg,1,CBSD,869a246a5d5373e5,train
1172769653.jpg,3,CMD,8b8e2c729b8b62a7,train
1173040000.jpg,2,CGM,9e8d9995361b6568,train
1173147967.jpg,3,CMD,881567cbe8d90d3e,train
1173705124.jpg,3,CMD,92e5431972b3573a,validation
1174112023.jpg,3,CMD,92d60bea708f7187,test
1174286080.jpg,3,CMD,9c12643a6f75663c,test
1174429768.jpg,1,CBSD,d6ba2d5a5a14e383,train
1174872307.jpg,3,CMD,ecba9529da64290f,train
1175346022.jpg,3,CMD,c6b6275ca536e138,train
1175579707.jpg,3,CMD,858111fefb8e61e1,validation
1175791525.jpg,2,CGM,d69918ce74063ece,validation
1175844078.jpg,3,CMD,912b36cbb94b41b5,train
1176023935.jpg,3,CMD,f59f0e3b0f145066,train
1176036516.jpg,3,CMD,fcda40d1a5035fc5,train
1176300111.jpg,3,CMD,8f8546a938e2749f,test
1176362801.jpg,3,CMD,944bf6190ec572dc,train
1176574092.jpg,3,CMD,818f6bb14f858b9c,validation
1176861748.jpg,1,CBSD,92d25ca9d1cb965a,train
1176894803.jpg,1,CBSD,c0f138d99e5a3175,train
1176908348.jpg,3,CMD,dee36d49141cb515,validation
1177074840.jpg,1,CBSD,9b9b309283db9327,train
1177109141.jpg,3,CMD,92832e593aee15f4,test
1177195410.jpg,2,CGM,ada57d169085a4f5,train
1177346702.jpg,1,CBSD,dda25b35155bc0e1,train
1177596795.jpg,4,healthy,80d79872e2c6c37b,train
117782161.jpg,3,CMD,94f63a5b6c5906a3,test
1177964972.jpg,3,CMD,cd9866ef41921ab3,validation
1178068241.jpg,2,CGM,d2d36ab96179312c,train
1178196000.jpg,3,CMD,d9a884835bf42d6e,test
1178307457.jpg,4,healthy,c4e561f4e4c1f0a7,train
1178309265.jpg,3,CMD,985c3f4fcbf24290,train
1178339881.jpg,3,CMD,cca5676a119967b4,train
117837871.jpg,3,CMD,d0b42a814bcb4fbe,train
1178519877.jpg,1,CBSD,d5938b859abc90d3,validation
1178737001.jpg,4,healthy,87da690107ff551c,train
1179062519.jpg,4,healthy,d98beb14077e2634,validation
1179134330.jpg,4,healthy,8dd3620c7de5c586,validation
1179237425.jpg,2,CGM,c94d49b381da6675,train
1179255874.jpg,3,CMD,8ee534992176d8ba,train
1179385123.jpg,2,CGM,c7a927d826a4583f,train
1179452457.jpg,3,CMD,90d7311b8efaf10a,train
117953500.jpg,3,CMD,87ba7cbac870814f,train
1179634197.jpg,3,CMD,cc3653a03ebe585a,train
117969308.jpg,2,CGM,c6fc7d4680e8f909,train
1179908738.jpg,4,healthy,9fc3e2f094acd0f0,train
1179913576.jpg,0,CBB,d1d91e3e6623131b,train
1180011069.jpg,3,CMD,c99e2764731a1f31,train
1180559828.jpg,3,CMD,c3b47f5a0e2d0ec4,train
1180565740.jpg,3,CMD,c3d838436aeba8ab,train
1180887054.jpg,3,CMD,978f2731191e6b61,train
1180914426.jpg,3,CMD,c3b1348a2dbae07d,train
1180917298.jpg,3,CMD,d1a9691baf643634,test
118102555.jpg,3,CMD,bdc252e94ec73132,train
1181283292.jpg,3,CMD,94ac234d73eb1cb2,validation
1181473732.jpg,1,CBSD,c39e7a200ff240bf,validation
1181577348.jpg,3,CMD,9cc30af535a2e9b2,train
1181613818.jpg,2,CGM,c4942fc93a939acd,train
1181678723.jpg,0,CBB,a7fd57d41740a292,validation
1181734172.jpg,2,CGM,80f833dd6ba52c99,validation
1182166221.jpg,1,CBSD,d68f374e4b065ce0,train
1182217128.jpg,0,CBB,94877be0c3ce34e1,train
1182402718.jpg,4,healthy,d4b16485c7af692c,train
1182451935.jpg,3,CMD,d1c23f99d48a36b8,train
1182679440.jpg,2,CGM,d4f977f9810865a4,train
1182693918.jpg,4,healthy,e03b827d07e98f94,train
1182741554.jpg,3,CMD,c78d4eda4e788417,train
1182950503.jpg,3,CMD,c1961c0336cc3f9f,test
118348643.jpg,3,CMD,8bb929ab538f4712,train
118373722.jpg,3,CMD,80634f17134cf7e3,validation
1184269820.jpg,3,CMD,8cf675ca2df04346,train
118428727.jpg,3,CMD,f8a64e30efd41945,train
1184455106.jpg,3,CMD,9bae26c738213ee8,validation
1184866282.jpg,3,CMD,c0cf6bbf1cc31360,train
1184908873.jpg,2,CGM,d1ca1e81d23e78f4,validation
1184927419.jpg,3,CMD,dcee21d205740f7c,test
1184986094.jpg,2,CGM,d5824a5f6a2f0793,train
1185052767.jpg,3,CMD,d99617b5d68a9498,train
1185129762.jpg,3,CMD,80721fa39ee22c3f,train
1185163153.jpg,3,CMD,d2116dab6d4ec784,train
1185369128.jpg,3,CMD,c79230c51777683b,test
1185679423.jpg,3,CMD,fca69c633a0493da,validation
1185924788.jpg,1,CBSD,c11b7a668630795f,train
1185995427.jpg,0,CBB,865f6928632d2de5,train
1186498322.jpg,3,CMD,a5f558a74687121f,train
1186662179.jpg,3,CMD,dd876495632b3171,train
1186910590.jpg,4,healthy,c2703fc56e53c946,test
1186992492.jpg,1,CBSD,dae821a2f1c74cdc,train
1187087973.jpg,2,CGM,deb13ff8c180a2e8,validation
1187393265.jpg,3,CMD,8781771b252b788f,validation
1187772608.jpg,3,CMD,a79a6c3873e45187,train
1188133265.jpg,2,CGM,cb346a3f5ac8c30e,validation
1188162047.jpg,3,CMD,e3a1713e3152919f,train
118845002.jpg,3,CMD,9f8743d3aab0c782,train
1188511483.jpg,3,CMD,86d364747f07f025,validation
1189155349.jpg,3,CMD,81c2a7b77e31681b,train
1190206557.jpg,3,CMD,bbcb905c3b616aa4,train
1190231109.jpg,3,CMD,c730328fe4d3bd24,validation
1190399034.jpg,4,healthy,beae3ebca08ca461,validation
1190620431.jpg,4,healthy,c9c471b97226de4a,train
1191019000.jpg,3,CMD,cba623d9b4a660cb,train
1191199977.jpg,3,CMD,d19b06a11a63e5b7,train
1191499624.jpg,3,CMD,84890d37d36678dd,train
119190212.jpg,3,CMD,91a1f15327385d5d,train
1191974622.jpg,1,CBSD,c3bd65342a42ea3b,test
1192229349.jpg,3,CMD,98cd6af01c4bc8bd,train
1192463815.jpg,3,CMD,c201f76253497f4d,train
1192486665.jpg,3,CMD,a9be7115e00dc5b9,train
1193048805.jpg,1,CBSD,9c8627624bc9c757,test
1193197595.jpg,1,CBSD,93a87a0b9cf32734,train
1193204860.jpg,3,CMD,ae422fa643fe448d,train
1193388066.jpg,3,CMD,94a532dfe0a27f50,train
119354743.jpg,2,CGM,86b74da131d4b678,train
1193576367.jpg,3,CMD,979e6a829b94127b,validation
1193633048.jpg,3,CMD,c5c043fdd39a20f6,validation
1194042617.jpg,4,healthy,96fa6e82211acadb,test
1194116552.jpg,3,CMD,fdd42f1e8d5a1112,train
1194287929.jpg,1,CBSD,dffd6940dac66440,train
1194838492.jpg,2,CGM,c26a9257835b699e,train
1195235889.jpg,2,CGM,d1a836cb25bf032d,train
1195541869.jpg,3,CMD,87bf4de12d706c0c,train
119558736.jpg,3,CMD,8df34e954ea94552,train
119559875.jpg,3,CMD,f3fdcc90443f5308,train
1195608282.jpg,4,healthy,86d9633674224f3e,test
1195706216.jpg,4,healthy,81b333b032396ff1,validation
119573280.jpg,3,CMD,8cc42fe028ba73e7,train
119590613.jpg,2,CGM,d3e172e2fb86c8c0,train
1196180506.jpg,3,CMD,d0743839c5e5dc4e,train
1196276402.jpg,3,CMD,c6f949e333994c62,train
1196349536.jpg,3,CMD,8df7379a60469835,train
1196683812.jpg,3,CMD,c5fc376670165253,train
1196700830.jpg,3,CMD,c8c91989b93e2caf,train
119670532.jpg,1,CBSD,862d3fd2a91c526b,train
1196761091.jpg,3,CMD,c5276982961d972f,train
1197128490.jpg,1,CBSD,962b25d2cbb57053,train
1197216804.jpg,2,CGM,d4b3336c063b3553,train
1197223849.jpg,3,CMD,96007ebd0cef2aa5,train
1197262681.jpg,3,CMD,94223c375af167d4,validation
1197556417.jpg,3,CMD,8dfa05a73a4950b7,test
1197828071.jpg,3,CMD,dfd7241ca448bcca,train
119785295.jpg,1,CBSD,96546e26257363f1,train
1197890857.jpg,2,CGM,c1dd2ef001e6137b,train
1198438913.jpg,3,CMD,d7e0233ce7c2ab14,validation
1198476572.jpg,4,healthy,d9f05e453ab03599,train
1198521073.jpg,4,healthy,e89529cea3ab4dd0,train
1198530356.jpg,3,CMD,d4d9354f24c46bd8,train
119857388.jpg,3,CMD,c1fa365b431e3c85,train
119881246.jpg,3,CMD,cc6c482f7893675a,validation
1199307978.jpg,4,healthy,8199336b36c3e4f8,train
1199756923.jpg,3,CMD,d2b1664a3646dad6,train
1199797130.jpg,2,CGM,92ed2cb0eb8ec8c3,validation
1199951888.jpg,3,CMD,d4b0709f5d390b65,test
1200108798.jpg,1,CBSD,c5de712e38b2a427,train
1200660912.jpg,1,CBSD,8cb8b8fcd0f1634a,train
1200666322.jpg,0,CBB,92cf7d5832331d15,train
1200696605.jpg,1,CBSD,ddbba42498819fe8,train
1201098987.jpg,3,CMD,92bb0e84a921fd3e,train
1201158169.jpg,3,CMD,d9dd2ef134e02159,train
1201250931.jpg,2,CGM,c7632c727917151e,train
120153747.jpg,3,CMD,97ef1d1b3a65810a,train
1201690046.jpg,1,CBSD,c29d3ff070c31f06,test
1201703302.jpg,1,CBSD,d0f25683ed385956,test
1202102465.jpg,3,CMD,d09a1bf334b4b4a6,train
1202113453.jpg,2,CGM,86a36dbce7c0938c,test
1202139476.jpg,3,CMD,90f227175f321b8d,train
1202567382.jpg,4,healthy,96c5780a26c74ff8,test
1202619622.jpg,3,CMD,d88b4eb0e4d9327c,train
1202852313.jpg,3,CMD,cce33398b137483d,train
1202909561.jpg,3,CMD,9fdf7e9645189021,train
1203115878.jpg,1,CBSD,fc14526b0f0f96e1,train
1203118326.jpg,1,CBSD,ade01cfbacd0511e,train
1203248171.jpg,1,CBSD,94f017fe05df302c,train
1203285369.jpg,3,CMD,d1ad4a3c7b904f64,train
1203777682.jpg,3,CMD,9ae270e00787b69f,validation
1203861431.jpg,0,CBB,96cccae8e8daaaa8,train
1204078103.jpg,3,CMD,c4eb6e930c826dba,validation
1204174833.jpg,3,CMD,97bf48d1e0648477,train
1204281938.jpg,3,CMD,85ed68094b4afe9a,train
1204449633.jpg,3,CMD,a123027af6f691c7,train
120478478.jpg,3,CMD,c590079617ed3bcc,train
1204938946.jpg,2,CGM,cc914317689776d5,train
1205478806.jpg,1,CBSD,c69d482bd7c90bd4,train
1205581229.jpg,3,CMD,f48d33cb07630c9b,train
1205963821.jpg,3,CMD,8dcb4d2e37947624,train
1206025945.jpg,3,CMD,d2133de5a61ec14d,test
1206126822.jpg,3,CMD,8c8d6f635a5c7330,validation
1206348025.jpg,3,CMD,c0b21f591e67705d,train
1206993435.jpg,3,CMD,9c9367cc0b66e09b,train
1207096725.jpg,3,CMD,c8871d2822fbf9e4,train
1207142999.jpg,0,CBB,86ee691c467fa452,test
1207444703.jpg,3,CMD,93c36bc50a3370f5,test
1207471454.jpg,3,CMD,81fc6191439bb72e,train
1207510885.jpg,2,CGM,83ec4c0e3d3fa8a3,test
1207682270.jpg,2,CGM,87a36ac1d59eb8d0,train
1207863833.jpg,4,healthy,ec117e887b1fe00e,test
1207970766.jpg,3,CMD,8efe21810e96ccbe,train
1207981174.jpg,3,CMD,9890c3cbf9a2971e,train
1208145531.jpg,3,CMD,98cd2fd761a05b29,train
1208216776.jpg,3,CMD,8fcf72270b01f8b8,test
1208561216.jpg,3,CMD,ccc9731e3e26307c,validation
1208930498.jpg,0,CBB,891b399a5b9903af,train
1209108991.jpg,1,CBSD,ddb8320e7442b9f4,test
1209157685.jpg,1,CBSD,90e2e38cfd760f05,train
1209827516.jpg,2,CGM,c8b72d8ed2903f31,train
1209868824.jpg,1,CBSD,dc483f0767dd5086,train
1210363668.jpg,4,healthy,ced8f3aeb4b11403,validation
1210657191.jpg,1,CBSD,95f66c09f4e03ab1,train
1210661305.jpg,3,CMD,8ef32c366636a526,train
1210950494.jpg,3,CMD,d4f2d2f0d285bc0d,test
1211049179.jpg,3,CMD,c7d90ce64bb6530c,train
1211187400.jpg,3,CMD,d459641a3aed6d0e,test
1211459869.jpg,2,CGM,c19763f343316327,train
1211633180.jpg,1,CBSD,86b570e3e429d71c,train
1211782296.jpg,3,CMD,c2f718ed26672523,train
1211842242.jpg,3,CMD,83b8398f83ee7486,train
1211972466.jpg,3,CMD,d0cf379824fb6a88,train
1212386797.jpg,3,CMD,b8acafec35245278,train
1212399275.jpg,3,CMD,d0c53ec148b5f734,train
1212460226.jpg,4,healthy,e41b7c912f62e03b,train
1212554580.jpg,1,CBSD,d874324bb59eaa62,test
121256398.jpg,3,CMD,d7a56e921c9a8867,test
1213015502.jpg,3,CMD,9da248ecd2cbee21,train
1213094661.jpg,2,CGM,def87a06286751ca,train
1213254809.jpg,3,CMD,815d63b9f892d9a4,train
1213348737.jpg,2,CGM,d6647a7e8d17444a,train
1213498907.jpg,3,CMD,cc0d868df56214fb,test
1213570538.jpg,3,CMD,de812d6897d3c349,test
1213716430.jpg,3,CMD,d5161d26398ecbd8,test
1213773669.jpg,3,CMD,e845c7372b7258d1,validation
1213859298.jpg,3,CMD,88a3752b66cfed04,train
1214073637.jpg,1,CBSD,8ac525541ae1b75f,train
1214320013.jpg,3,CMD,97e155bd63e44862,train
1214627201.jpg,3,CMD,cb103c1bac1de26f,validation
1215008377.jpg,3,CMD,86aba6d6ed4f0892,train
1215323856.jpg,3,CMD,fc53358c32f202cf,train
1215348044.jpg,3,CMD,c0af46da22bd16b9,train
1215357027.jpg,3,CMD,f9a070eb350785bc,train
1215607589.jpg,3,CMD,91e433ecaf84272d,validation
1215628327.jpg,3,CMD,85b55bd220a9faca,train
1215749742.jpg,3,CMD,d1d410da59595a7e,train
1216054567.jpg,3,CMD,84e0363fb95cae0d,validation
121610069.jpg,0,CBB,c6986da592cac9b6,test
1216540575.jpg,4,healthy,96ec60a6bca31f13,train
1216651928.jpg,3,CMD,91f504bd3b2e5538,validation
1216982810.jpg,4,healthy,afd9716704e143e2,train
1217495585.jpg,3,CMD,ddde7b66254a9090,train
1217828400.jpg,3,CMD,877963bee0a53464,train
1218204606.jpg,0,CBB,fd3d6cf02e602133,train
1218351890.jpg,3,CMD,93e42f79c0a11bd5,train
1218523717.jpg,1,CBSD,86b106756a746d7a,train
1218546888.jpg,3,CMD,86c953276e5b6915,validation
1218759874.jpg,4,healthy,c0eb9a8e2d593366,train
1218762874.jpg,3,CMD,d1f801bf3c5f4a28,train
1218794118.jpg,3,CMD,97a87a95ee8116e2,train
1218840411.jpg,3,CMD,cec51d8a191f83ba,test
1218944385.jpg,3,CMD,b0ff1001ff2761e1,train
1219522287.jpg,3,CMD,9a1b66ceb9b38305,train
1220026240.jpg,3,CMD,a43f85b443d13b3a,train
1220111423.jpg,1,CBSD,e9712bca3ac9f181,train
1220118716.jpg,3,CMD,87f80b9c69b2542f,train
1220197.jpg,3,CMD,98d2319b7b68a54e,train
1220365722.jpg,3,CMD,c2103b3db15d5d36,train
122052441.jpg,3,CMD,e0c333e50ce4737a,train
1220597062.jpg,3,CMD,c4b27687bd4299ac,validation
122062036.jpg,3,CMD,8fcc4c9d0532af0f,validation
1220729206.jpg,3,CMD,94716ebc611f9ce0,train
1221146503.jpg,3,CMD,c2223fe63c4139be,train
1221389553.jpg,4,healthy,d7d868f078b1f860,train
1221540590.jpg,3,CMD,c1b971a06691c7d7,train
1221608594.jpg,3,CMD,98cd2967063d2db9,train
1221664353.jpg,3,CMD,8187470178f53ee7,train
122168686.jpg,3,CMD,8975061b70ca7fcc,train
1222123820.jpg,3,CMD,80873f4813678f9f,test
1222304315.jpg,0,CBB,87c609d16eca733c,test
1222634459.jpg,3,CMD,a488494e55b3e77c,train
1222730682.jpg,3,CMD,d7902df630a17d19,train
1222869257.jpg,3,CMD,9761242cd97f10f9,train
122288577.jpg,3,CMD,99f24f0d62b12d2e,train
1223189227.jpg,3,CMD,f0ef13c22cfc0cc6,train
1223678256.jpg,4,healthy,85726fd1670833ce,validation
122390799.jpg,1,CBSD,d0a53eb9c86e209f,validation
1224284456.jpg,4,healthy,d7dc2c029e3c18cf,validation
1224722414.jpg,4,healthy,8b8fa36769518a9c,train
1224742642.jpg,4,healthy,8bcc4b151a71bab5,train
1224932535.jpg,3,CMD,c5ebe78ae58c94a0,test
1225597955.jpg,3,CMD,8caa3f5532991d9c,train
1225715359.jpg,3,CMD,c1db1fa2acc12b8e,train
122601029.jpg,2,CGM,d4bd32c00b99ea73,train
1226067101.jpg,3,CMD,c0bcba9c70a3d572,train
1226193662.jpg,3,CMD,c9ca34b533d9e11a,train
1226229633.jpg,2,CGM,c0d71f52e40c3dd9,train
1226235183.jpg,2,CGM,8cb9d62b695a54a5,train
1226263276.jpg,3,CMD,9db63adaaef0404c,train
1226905166.jpg,4,healthy,c4942f653efcc207,validation
1227037635.jpg,3,CMD,97e038c26caf95c9,train
1227161199.jpg,3,CMD,c8e57159c9c968a7,train
1227531167.jpg,4,healthy,85fe0bf260e148cf,train
122766178.jpg,3,CMD,80cba5721c93ecd7,train
1227858300.jpg,3,CMD,9ca52a6f34124be7,test
1227903119.jpg,3,CMD,85cd32f1145bd517,train
1228602404.jpg,3,CMD,c0ba3ed1a09fa5b4,train
122863277.jpg,3,CMD,87a3f5be46865033,train
1228648727.jpg,1,CBSD,9c863fd24ba59662,test
1228668761.jpg,2,CGM,cfe7e36160213395,train
1228781460.jpg,4,healthy,c2ed40626f7055fa,validation
1229830686.jpg,3,CMD,948857a46d925ef5,train
1230025143.jpg,3,CMD,d5ca3885761a8cf6,validation
1230166376.jpg,3,CMD,8b636a70b8dc131f,train
1230241829.jpg,3,CMD,97d19c3d655164d2,train
12302662.jpg,3,CMD,f6e22b3c8195a566,train
1230729035.jpg,3,CMD,c689777691959a85,train
1230760429.jpg,4,healthy,e79d171b0ac1c9f0,test
1230922273.jpg,4,healthy,9db878748d9a42e5,validation
1230974910.jpg,3,CMD,d4aa31656fa9b611,train
1230982659.jpg,2,CGM,9cb70782c8f1c795,train
1231451126.jpg,0,CBB,879174475bc96656,train
1231587429.jpg,3,CMD,afe171e238d18636,train
1231695981.jpg,4,healthy,879d38b0c685b9a7,validation
1231822734.jpg,1,CBSD,d1b768990f8731a3,validation
1231866114.jpg,3,CMD,a993cc2956e95959,test
1232087196.jpg,3,CMD,d9d96ee3496084b9,validation
1232139433.jpg,3,CMD,d0567dca2c8f2533,validation
1232148732.jpg,3,CMD,95c1619e97c61dcc,train
1232501252.jpg,3,CMD,80bc74d265722fb5,validation
1232698591.jpg,3,CMD,8d8d23af16e22eac,train
1232814934.jpg,2,CGM,9ec51ee3e01d71c2,train
1232852695.jpg,3,CMD,c9ea203525fe86f8,train
1233286734.jpg,3,CMD,80fe78c366d968b8,train
1233339948.jpg,2,CGM,a9c67c701efd0607,train
1233519528.jpg,2,CGM,85ed65fd29a005ea,train
1233530597.jpg,3,CMD,ea9176ecc30d2c56,train
1233532275.jpg,2,CGM,c1c363cba393d2d2,train
1233762252.jpg,3,CMD,f4c312d337fa1b04,test
1233926167.jpg,3,CMD,91cd2f345ce2e0d3,test
1234042950.jpg,3,CMD,912d56437be42f0d,train
1234159870.jpg,3,CMD,ad9a439e60e16e8d,validation
1234218765.jpg,4,healthy,850e11eca35b66b7,train
1234260909.jpg,2,CGM,84e126dfc097f552,train
1234294272.jpg,3,CMD,d1a635699839cbd2,test
1234332763.jpg,3,CMD,ccb725cd258de18c,train
1234375577.jpg,1,CBSD,943675656de85b90,train
1234555380.jpg,1,CBSD,867967dec9951660,train
1234571117.jpg,3,CMD,c2715aca37689673,train
123464878.jpg,3,CMD,8cec668d6fb01c56,train
1234924764.jpg,3,CMD,d40b492b57277339,train
1234931385.jpg,2,CGM,81fb78261f56a1b4,train
1235142158.jpg,4,healthy,c9d12c9e606dda4e,train
12351712.jpg,4,healthy,89396ca31cec34eb,train
1235188286.jpg,2,CGM,909768fd1f4a0679,validation
1236036550.jpg,0,CBB,de3563c8c69e4531,train
1236127980.jpg,2,CGM,f78f68415a9a4479,train
1236328100.jpg,3,CMD,c0c2fee2d09ed29c,train
1236376745.jpg,3,CMD,d99b6e63fc203921,train
1236546384.jpg,3,CMD,80d00edf5b8037f7,test
1236840149.jpg,1,CBSD,c4973f39b0b585e0,train
1236952675.jpg,4,healthy,84c3063e313db3ee,train
1237665250.jpg,3,CMD,cce8e8e9aea18b15,train
12377617.jpg,3,CMD,822975cf6d4119dd,validation
123780103.jpg,3,CMD,d0e36eb17a247153,train
1237818538.jpg,3,CMD,82b03c3f07c5be5c,validation
1237914743.jpg,3,CMD,8579123675cbc363,train
1238159478.jpg,2,CGM,db8921853c3ea47b,validation
1238212963.jpg,1,CBSD,96e764642fad484b,train
1238413001.jpg,2,CGM,cf185893fb04d3d8,train
1238420364.jpg,4,healthy,98f38cf8734e3905,train
1238597078.jpg,3,CMD,813e789e1ef53438,train
1238616975.jpg,1,CBSD,cdbc292b445d29e3,train
123865158.jpg,3,CMD,d2c9bd9593d2888d,train
1238821861.jpg,2,CGM,95d3790e612d41bd,train
1239119385.jpg,3,CMD,82121d7c7b7b38b8,test
1239252841.jpg,3,CMD,8be87ec45089e4ee,test
1239270828.jpg,4,healthy,c8ca3e2d37b2216b,train
1239287766.jpg,3,CMD,898e158abee4795a,validation
1239790463.jpg,4,healthy,90b32ca5535576ec,train
1239825198.jpg,3,CMD,d1ce3a254f22ce72,train
1239998285.jpg,3,CMD,c2e125b6358966dd,train
1240341274.jpg,1,CBSD,a7e62ed61a305593,train
1240401949.jpg,3,CMD,c7810f9c634d9eb8,train
1240563843.jpg,3,CMD,c2818d455f7b6a47,train
1240853463.jpg,3,CMD,c0c7323a0b57e3e3,train
1241084858.jpg,2,CGM,8dcf2970443a73b3,train
1241243048.jpg,0,CBB,a44b3f2b909f5c2a,train
1241356893.jpg,3,CMD,c4f18279d68a78ab,train
1241495841.jpg,3,CMD,c429727d55a5781e,train
1241748776.jpg,3,CMD,83e76ba3acac2d90,train
1241954880.jpg,3,CMD,efab6bb108884e17,validation
1242176689.jpg,3,CMD,c1d93cfc0d4b6b84,train
1242261081.jpg,1,CBSD,bf54092a11beab17,train
1242441980.jpg,3,CMD,d8ea432563366b93,train
1242546458.jpg,3,CMD,8f652f9eb86cab00,train
1242632379.jpg,4,healthy,cbf075cbe8606271,train
1242670856.jpg,3,CMD,adbcf9eb04381199,test
1243038432.jpg,3,CMD,863961036ffd65d0,test
1243263123.jpg,3,CMD,e4a50d359aeaf216,train
1243342263.jpg,3,CMD,8ed821366cae68eb,test
1243561178.jpg,1,CBSD,926654aac51e3f36,train
1243744574.jpg,3,CMD,90c946e3749c0f5f,train
1244124878.jpg,3,CMD,8c792ba4bb4f5443,train
1244582090.jpg,3,CMD,827c4379f93d30c5,test
1244752759.jpg,3,CMD,c0b53835bf064bb3,validation
1244824731.jpg,1,CBSD,d4e24391799bbcd0,train
1245296192.jpg,3,CMD,f2e12d0f594b127a,train
1245658284.jpg,3,CMD,912075fe9c9c2a7a,train
1245945074.jpg,3,CMD,8ef938e1d66814d5,train
1246560412.jpg,3,CMD,dc2b4f064bad3516,train
1246876543.jpg,3,CMD,9ba538a6bc70127e,train
1247154727.jpg,1,CBSD,d22868ea78f9c6b1,validation
124731659.jpg,3,CMD,d2de21953f524963,train
1247742333.jpg,3,CMD,9dcb48e969582b4b,train
1247856048.jpg,3,CMD,94e75a596ab84339,train
1248159312.jpg,2,CGM,c997e69a99ae2c28,test
1248926880.jpg,4,healthy,c1b73dc92d689f08,train
124956903.jpg,3,CMD,d05e65f70bc6318a,train
1249688756.jpg,4,healthy,97ee6242db58c90e,train
1249702391.jpg,3,CMD,98f059aee1a29dcc,train
1249858364.jpg,3,CMD,9ceb23dfb1646510,train
1250105924.jpg,3,CMD,a0d8417a6dd67137,validation
1250175842.jpg,3,CMD,ca4d339c9c3836b6,train
1250233158.jpg,3,CMD,d0973be7389930b1,validation
1250343314.jpg,3,CMD,d1b06cccb18d9679,test
1250364598.jpg,2,CGM,c38d7da41b4db6a0,train
125037460.jpg,3,CMD,c63d32c12712796f,train
1250376017.jpg,3,CMD,e0b3e4be8619463d,test
1250400468.jpg,3,CMD,9f9968303b3cb853,train
1250532785.jpg,4,healthy,bb926741ec3e1b48,train
1250607039.jpg,3,CMD,c57d4651c65a9b85,train
1250622029.jpg,3,CMD,9ac1793e86478f13,test
125088495.jpg,3,CMD,d4f66b43319a3a1c,test
1251047094.jpg,3,CMD,8e0164733f895b9e,train
1251225892.jpg,3,CMD,82ed8fa3a9093f13,train
1251319553.jpg,3,CMD,9301359e6d3c8e3b,train
1251480782.jpg,4,healthy,909b2720678db5db,test
1251549762.jpg,3,CMD,9f200eb52790f8bd,train
1251667319.jpg,3,CMD,98376dd0c2d10e7e,train
125207834.jpg,0,CBB,93f64d8933e4d8d0,validation
1252142336.jpg,4,healthy,bb86576b251c52e1,train
1252242867.jpg,3,CMD,86a47b7ac799829c,train
1252288895.jpg,2,CGM,d9d859d858d87958,train
1252338072.jpg,1,CBSD,9da63a1c239ca6b6,train
1252538311.jpg,3,CMD,d97005a6674ea9d9,train
1252720161.jpg,3,CMD,81da3d2cecf96360,validation
1252787417.jpg,3,CMD,86f64d8b305cf169,train
1252793337.jpg,0,CBB,cb0cd7d88e2954e6,train
1253152443.jpg,3,CMD,c58eb578e23972a1,validation
1253224713.jpg,3,CMD,d9af38955c61de80,validation
1253370926.jpg,1,CBSD,918f6acff4420736,train
125344081.jpg,3,CMD,978475e86073d3a9,validation
1253636882.jpg,1,CBSD,94e21ab4475ebe0b,test
1253839478.jpg,1,CBSD,d5e15a03396e2b1d,train
1253922268.jpg,3,CMD,c546797f10172ce3,train
1254020596.jpg,3,CMD,ad92c5165bb433ca,train
1254027074.jpg,3,CMD,91741af8772a1537,validation
1254069190.jpg,1,CBSD,9ca2618f8f5d0576,train
1254294690.jpg,3,CMD,cb839796bd327422,train
125475896.jpg,3,CMD,d29a2748e2e51eea,test
125541683.jpg,1,CBSD,938678a307f8e2cb,train
1256156533.jpg,3,CMD,dedf23859a2e2161,train
1256672551.jpg,3,CMD,94cb3c60afe111be,test
1256756297.jpg,2,CGM,d2d31b373505a674,train
125703440.jpg,0,CBB,88941fbcbdcb25d0,train
125738717.jpg,3,CMD,b3c0643eecca3b15,train
1257614231.jpg,2,CGM,9adc6e93e2c332c2,test
1257722336.jpg,4,healthy,ac0b0e7ba54be274,train
1257929885.jpg,2,CGM,87c864f2eba70395,train
125795186.jpg,3,CMD,a8e0ff2782e74919,train
1258222691.jpg,2,CGM,dc788cc31da86e99,validation
1258399753.jpg,3,CMD,86fc18ab66d24ea5,train
1258444443.jpg,0,CBB,82cdc99aa51d6baa,train
1258505000.jpg,3,CMD,e0cfd98bd4297314,validation
1258508279.jpg,3,CMD,a8d635915368df8a,train
1258586775.jpg,0,CBB,95b36d94434db658,train
1258625916.jpg,3,CMD,987d4cdc60caabb2,train
12588847.jpg,3,CMD,932b23ee72f25254,train
1259649165.jpg,3,CMD,829636d9779704da,validation
125989393.jpg,3,CMD,829f57e627252789,test
1260065285.jpg,2,CGM,87ee2a72091c7d6c,train
1260076177.jpg,4,healthy,a15ee116e8b57aa1,train
1260451249.jpg,3,CMD,849f2f43dad31744,test
126058013.jpg,3,CMD,fd4114a599ea1e72,test
1260599331.jpg,2,CGM,9f412f3c02cb35f1,train
1261540961.jpg,0,CBB,858c4790acd3fabc,train
1261588898.jpg,3,CMD,8bef637299d54026,validation
1261642510.jpg,1,CBSD,d28d60e7fca08a9e,train
126180843.jpg,3,CMD,8a5ee00e4bf0333f,train
1261918701.jpg,2,CGM,d8c33d725c29c3c5,test
126224804.jpg,3,CMD,96e0190d132b9d7f,train
1262742218.jpg,3,CMD,9071d8ff3f833094,validation
1263205653.jpg,3,CMD,bd8b68782596535c,validation
1263625799.jpg,3,CMD,d01b6bdb25c89c71,train
1263787016.jpg,3,CMD,8593033c37cdcd3c,train
126401177.jpg,3,CMD,d7ad48342bcf681a,train
1264068357.jpg,3,CMD,db98466e2cb39389,validation
1264109301.jpg,1,CBSD,c7bf59a0cd4604cb,test
1264210768.jpg,3,CMD,859906c5b953be66,train
1264219928.jpg,2,CGM,96c05e95384b57ae,test
1264302367.jpg,4,healthy,cdaa39cf66103ac6,train
126475693.jpg,3,CMD,c5b40eda2e155733,test
1264889950.jpg,3,CMD,948f4719cc59b734,validation
1265114019.jpg,3,CMD,c5d361a51ead34a9,test
1265234988.jpg,3,CMD,91b16bd0721b674d,test
126550251.jpg,3,CMD,862b5ec2f16f3611,validation
1266177500.jpg,3,CMD,c1add2e6c70a2db4,validation
1266269794.jpg,2,CGM,cdf31eea04f901cc,train
1266326020.jpg,3,CMD,adc01a5f633c9e49,train
1266586037.jpg,3,CMD,c1b53af448d3e34c,train
1266654234.jpg,3,CMD,da6d2c360b7821f9,validation
1266982278.jpg,3,CMD,f8ef29411fd40de0,train
1267263772.jpg,2,CGM,d2f90772c91f5894,test
126735469.jpg,3,CMD,c4b91cc37a59dc68,train
1267453592.jpg,3,CMD,8aacd4d5d5cae252,train
1267456239.jpg,4,healthy,958ce2a2cc98d9d7,train
1267671444.jpg,4,healthy,91d5b261261fda71,train
1267796913.jpg,4,healthy,969528e656b3b436,test
1268162819.jpg,1,CBSD,9c9a51d1f1bc3d41,train
1268317918.jpg,3,CMD,d2af14954aed4d85,validation
1268454099.jpg,3,CMD,8c734bb442aff454,train
12688038.jpg,2,CGM,b3bd69542d7120ad,test
1268809916.jpg,3,CMD,cdb21fc9e90a031f,validation
1268829750.jpg,3,CMD,cadd68b649a052db,validation
1268934820.jpg,4,healthy,94de460e76e73e20,train
1269100993.jpg,3,CMD,d52e60f562c0a6f3,train
126925997.jpg,3,CMD,873269bc30cb0fd6,validation
1269451212.jpg,3,CMD,8a0d874b0da73e37,train
1269528724.jpg,3,CMD,dd470173f8b97c10,train
1269550303.jpg,4,healthy,f845f8580af41bf4,train
1269638182.jpg,3,CMD,957a62b74c8d4ad2,train
1269646820.jpg,2,CGM,91ef7a88902cfce1,train
1269832262.jpg,3,CMD,83b65eb1914ac397,train
1269866934.jpg,4,healthy,84c771d83df06cd1,train
1269902527.jpg,1,CBSD,c6cb6dc5f0e21c58,train
1270179035.jpg,4,healthy,beb7776424260257,validation
1270368553.jpg,3,CMD,ce2f0dd175608a97,train
1270462565.jpg,0,CBB,985b7965ceb49849,test
1270512550.jpg,3,CMD,8d933ec5ad532239,train
1270871208.jpg,3,CMD,91e617c363272fa2,train
1271039917.jpg,2,CGM,d0ee58c41d8be4b6,train
1271086718.jpg,3,CMD,8b3b73606e3c54a9,train
127130878.jpg,3,CMD,c2c362e1e175b1e3,train
1271525915.jpg,3,CMD,c6e21d3b21dde834,train
127157286.jpg,2,CGM,bcec64b28b5229b9,train
1271661082.jpg,4,healthy,947bcfa318c6607c,test
1271824448.jpg,2,CGM,84e0c2c98a5a5ffd,train
1272204314.jpg,3,CMD,d4d06fafa118706d,validation
1272336516.jpg,3,CMD,c1d83ccce3b94d07,train
1272381477.jpg,4,healthy,95b52446f6b41b0f,validation
127241516.jpg,3,CMD,83f63f397f8044e0,validation
1272432199.jpg,1,CBSD,decc20bdca08c8bf,test
1272495783.jpg,0,CBB,c50d4339f21b4f17,train
1272736985.jpg,3,CMD,dbe62289ad1b4c36,train
1273209922.jpg,3,CMD,dbe2b2cf32118933,test
1273363177.jpg,3,CMD,f22e91aa85575ac5,test
1273539439.jpg,3,CMD,82173fc8fb2c23e2,train
1273641598.jpg,3,CMD,9ae11f640f717447,train
1273947721.jpg,2,CGM,8dab4246c6d5d5b2,train
1274100886.jpg,3,CMD,89ca32b5b6ac8da9,train
1274387624.jpg,3,CMD,da0f22986bb2b497,train
1274424632.jpg,3,CMD,b599695d60159a5d,train
127464350.jpg,0,CBB,8fb470599c6696e1,train
1274779866.jpg,3,CMD,9dc1690175bd3c55,train
1274817063.jpg,3,CMD,c1cc7687717c4b38,train
1274870847.jpg,3,CMD,8ed03aea5867745c,test
1275221941.jpg,1,CBSD,b7c9248b5e95f142,train
1275321010.jpg,3,CMD,b51176cfc323d846,train
1275608644.jpg,2,CGM,e29fe2fdc80078c9,validation
1275939259.jpg,3,CMD,d770259c694724ed,train
1276177919.jpg,3,CMD,84c51ae4b64e6dd6,validation
1276269227.jpg,1,CBSD,9ad45ae2cd33261b,validation
1276388888.jpg,3,CMD,c2c462f4c78f78e1,test
1276467932.jpg,3,CMD,c48970b54bb0d76e,validation
1276561660.jpg,4,healthy,c0b3ec316e4ec3a3,test
127665486.jpg,1,CBSD,d1983066afa68e5b,test
1276802461.jpg,0,CBB,d6f8c5f00735ce84,validation
1276900213.jpg,4,healthy,def796b1350c001f,train
1276952217.jpg,3,CMD,8aad64ac2d86f5e2,train
1277049682.jpg,3,CMD,959839a69ce0e3f2,train
1277057359.jpg,4,healthy,c8c446663f72d939,train
1277210685.jpg,4,healthy,968835da171fe2b2,train
1277358374.jpg,3,CMD,95b9069cc4df7905,train
127742871.jpg,4,healthy,84dc7fda01fab504,train
1277473656.jpg,3,CMD,c452376c8b7760cd,train
1277648239.jpg,3,CMD,d1d44e2e29b6c663,validation
1277679675.jpg,4,healthy,c3406c617ef1b786,train
127776052.jpg,3,CMD,c5f7400dc74f5a98,train
1277789680.jpg,3,CMD,9af46461d2ed6748,train
1277807656.jpg,3,CMD,c0bd5ba21cf9065d,train
1277920745.jpg,3,CMD,d1a679c74a81567c,validation
1277936443.jpg,3,CMD,dce41718acc2cbf8,train
1278246781.jpg,3,CMD,d8e03dd163897333,test
1278314475.jpg,2,CGM,99b568e5ac4f84a6,train
1278434105.jpg,3,CMD,a2b113c16eb6cb1e,train
1278537815.jpg,1,CBSD,9434c1fd44d27ace,test
1278626353.jpg,3,CMD,c8d5e138cefd940c,train
1278681440.jpg,3,CMD,d43b2b745a1b2b26,train
1278924259.jpg,2,CGM,9c9c08deabe34b34,validation
1279007002.jpg,3,CMD,c49e30ce0cf42dbe,train
127931569.jpg,3,CMD,c68669f81fc94d1a,test
1279364304.jpg,3,CMD,b06e39c7ccb05f0a,validation
1279384269.jpg,3,CMD,89eef4e31236471c,validation
1279535323.jpg,3,CMD,da926e4193b16d1b,train
1279832641.jpg,2,CGM,8d8d8b9193a1e6ce,validation
1279878525.jpg,1,CBSD,d4d360e63af04b8d,train
1279883672.jpg,3,CMD,82d748f8cc3be474,validation
1279918358.jpg,3,CMD,c0611bb2c76c6e5d,validation
1280298978.jpg,4,healthy,c58e2f5c4869cc9b,train
1280952640.jpg,3,CMD,85362972ecd6e4a9,validation
1281046744.jpg,3,CMD,918633e80dfe7427,train
1281067697.jpg,3,CMD,d6e873f55a146c06,validation
1281155236.jpg,3,CMD,84994c3e2bf74a69,train
1281314946.jpg,0,CBB,94cc260776b326f3,train
1281439622.jpg,3,CMD,90d47732fd922669,validation
1281527517.jpg,1,CBSD,808c3ce3cbb456db,train
1282512262.jpg,3,CMD,c9a3e9dea498ccc1,train
1282714006.jpg,2,CGM,843e70f4ab9b6435,train
1283026281.jpg,3,CMD,ca732e720c3e79c4,train
1283188.jpg,1,CBSD,c1df3b9010ce296f,train
1283999626.jpg,1,CBSD,cc8e67e292cda13a,train
1284148713.jpg,3,CMD,9bd06ca290397e67,test
1284343377.jpg,1,CBSD,cc3d64cef1521eb0,validation
1284380240.jpg,3,CMD,96d4629c59539bac,train
1284398426.jpg,3,CMD,80ffc33c0bf03dc1,train
1284753184.jpg,3,CMD,bd8b189581ade536,train
1284779898.jpg,4,healthy,cda72ee142c9d594,train
1284979146.jpg,3,CMD,99ab4a3f5495340f,train
1285287595.jpg,1,CBSD,de189d6c92cae269,train
1285436512.jpg,3,CMD,8080a0959fcf7f7c,train
1285588852.jpg,1,CBSD,c0eb1f503ce45c37,train
1285606604.jpg,3,CMD,83f87c455a569ec8,train
1285648286.jpg,3,CMD,d2c86c8d3927965b,train
1285837923.jpg,3,CMD,d0a33e984fe3307a,test
1285841616.jpg,3,CMD,d9a52cb56a2b21f1,train
128594927.jpg,3,CMD,a15e13e5e893564e,test
128596928.jpg,3,CMD,c3c66cf265727a0a,train
1286002720.jpg,3,CMD,90fb6c2d15128ef5,train
1286327974.jpg,3,CMD,d82964990e0ef6d7,train
1286409959.jpg,1,CBSD,92cd75eec9120af1,validation
1286475043.jpg,3,CMD,c3864af71d4f22f0,train
1286828340.jpg,3,CMD,d42a71263ed1e3c3,train
1286864317.jpg,3,CMD,85f115fe283e613c,train
1287323446.jpg,3,CMD,c8e442eb8d35f13a,train
1287334854.jpg,0,CBB,d0b16bb4b5ee8c05,train
1287635668.jpg,3,CMD,9be521457c834ddc,train
1287875001.jpg,3,CMD,84b762b97b568d28,train
1287942179.jpg,3,CMD,916f6bdc72161638,train
1287994755.jpg,3,CMD,fae07f9807d2928c,train
1288115291.jpg,4,healthy,96ed6930336e1d2a,validation
128820265.jpg,3,CMD,c8c8790f3ec2ee2a,train
1288225954.jpg,2,CGM,c192366f193e6593,train
1288267850.jpg,3,CMD,d7c033468b346ab7,test
1288328953.jpg,3,CMD,83ae5962b934d38e,validation
1288354862.jpg,3,CMD,92686b1a6b6d46e9,train
1288497419.jpg,3,CMD,85aa7b3e09b134ce,train
1288845097.jpg,2,CGM,9d9b2c8e9fc90e28,train
1288893945.jpg,2,CGM,999b6ce6c6222d99,train
1288923505.jpg,3,CMD,96e576614c76f301,train
1289519057.jpg,2,CGM,cba86b1c6b63195a,validation
1289615657.jpg,3,CMD,d8a639869ae936e8,train
1289985467.jpg,1,CBSD,878b2af47290c39f,validation
1290024042.jpg,2,CGM,dde1439d50a3911f,train
1290043327.jpg,3,CMD,95f224324d4ed39e,train
1290189931.jpg,2,CGM,81917b347343ed47,train
1290330052.jpg,4,healthy,9f1e6ca6402a3dcd,validation
1290727489.jpg,3,CMD,f5c81be6e58c3708,train
1290729293.jpg,4,healthy,8094f78b94c59ecb,train
1290734565.jpg,3,CMD,99c6660d0c3e3aed,train
1290835464.jpg,4,healthy,948f4a81a774d31f,test
1291065002.jpg,3,CMD,d5aa67bc38063d43,train
1291178007.jpg,3,CMD,c33c630ef1e72ac1,train
1291389398.jpg,3,CMD,951235743039bfcd,test
1291425796.jpg,4,healthy,c2771f40d3ec81e3,train
1291552662.jpg,3,CMD,9c86325a49e5ea4f,train
1291761689.jpg,3,CMD,d9d33a9850722dbc,train
1292034909.jpg,4,healthy,ecd22d7250e34ce6,train
1292206670.jpg,3,CMD,94e7521709fcd436,train
1292371855.jpg,3,CMD,e4855be1ea7ac2a1,train
1292410663.jpg,4,healthy,c4017e682ef9ad1b,train
1292512512.jpg,3,CMD,88972cb3d72961da,test
1292573857.jpg,3,CMD,da2f2fd0922e3a1c,train
129262656.jpg,4,healthy,94976f62d431ac35,train
1292954141.jpg,0,CBB,96a227a6dc9c666c,train
1293001652.jpg,4,healthy,c6d12f897687f061,train
1293096589.jpg,2,CGM,909d27c8edca6572,validation
1293402299.jpg,3,CMD,848b3b826b6453ef,train
1293629264.jpg,4,healthy,8de331a371cb62b4,train
1293702189.jpg,3,CMD,9cd80c97212ef7c6,test
1294513049.jpg,3,CMD,ab372751148c6be6,train
1294805879.jpg,1,CBSD,d47e633c0e338783,validation
1294960967.jpg,3,CMD,d5d469e9c9664662,test
1295121717.jpg,2,CGM,81662bd3fbd94446,train
1295129366.jpg,3,CMD,90e3f2ab8f9d540c,train
1295150238.jpg,3,CMD,85bb6cf30a5562c5,train
1295166151.jpg,2,CGM,81ab6f58e3c350ea,validation
1295898623.jpg,3,CMD,d07c6492c7492f6b,train
1296168681.jpg,3,CMD,d5bfbfa9a0498103,train
1296423120.jpg,3,CMD,c5b232913e29bdb4,train
1296460388.jpg,3,CMD,be9020cd0c7a9f76,train
1296498545.jpg,3,CMD,93ab4ae095358f63,train
1296884986.jpg,3,CMD,db41efc4ec09ca34,train
1297475127.jpg,3,CMD,86c8ca366bf4714b,train
1297573130.jpg,1,CBSD,b8ea6af86ae85152,validation
1297767108.jpg,2,CGM,810778cc65bc7b65,test
1297867546.jpg,3,CMD,ca300f6b7171652f,train
1297941011.jpg,3,CMD,d1ce2577ea5b5024,train
1297980012.jpg,4,healthy,88f06e874274becb,train
1298289380.jpg,3,CMD,9aa46a323b5532cf,train
1298297542.jpg,1,CBSD,c70d326dd4e912ec,test
1298749911.jpg,3,CMD,dba241be4dd0435b,train
1298789590.jpg,0,CBB,95eadab325539225,test
1298895601.jpg,2,CGM,c03b78d154f1f591,train
1299050149.jpg,4,healthy,88d60f80d4d6b71f,validation
1299200628.jpg,0,CBB,85c2caed56856e1e,train
1299237560.jpg,3,CMD,95f14d7b89435d81,test
1299442240.jpg,3,CMD,d2d8dac3c2d9c1f0,train
1299889949.jpg,3,CMD,d1bc31c937139f90,train
1300474997.jpg,3,CMD,d1d33a4eee1760a1,train
1300599354.jpg,4,healthy,99ac64229fce8cb3,train
1300823152.jpg,4,healthy,c03f6e8860f76f18,train
1300931153.jpg,2,CGM,d1f0749e0ec66cd4,train
1300977508.jpg,4,healthy,fa970c8a71392c5e,train
1301053588.jpg,3,CMD,c1e339cc9e823ce9,train
1301200237.jpg,3,CMD,8eb00679b17ea39c,train
1301425081.jpg,3,CMD,8c8306997ef8a8ee,train
1301600127.jpg,3,CMD,88867c0633c66dfb,validation
1301699738.jpg,3,CMD,dcc62f9b24e24699,train
1302078468.jpg,1,CBSD,95d952abc5b694b0,test
1302223977.jpg,3,CMD,936d329b4ca31ba6,train
1302300755.jpg,2,CGM,9d9992c75d99b248,train
1302324142.jpg,3,CMD,d26b60f65225db0b,train
1302328544.jpg,4,healthy,82993efeb172a606,test
1302565676.jpg,4,healthy,e3bc161f269848e7,train
1302626718.jpg,3,CMD,d02b8945beff4069,test
1302660521.jpg,2,CGM,99c16e171702dd7c,train
130292235.jpg,3,CMD,85eb359b51934cb4,validation
1303082197.jpg,1,CBSD,8904327965c6fe3e,train
1303312284.jpg,4,healthy,8c66719d2d629e65,train
1303415587.jpg,2,CGM,dae4b39d27951a18,train
1303473787.jpg,1,CBSD,c3a4397417b617c9,train
1303549363.jpg,3,CMD,95a758ca698536b9,train
1303557485.jpg,3,CMD,8dc524a0dbf90db6,train
1303876802.jpg,0,CBB,8d425aac2ead761d,validation
1304015285.jpg,0,CBB,e1af2e946458ada9,validation
1304633262.jpg,4,healthy,9619371a07e645de,validation
1304731693.jpg,3,CMD,87e90f816e4e78a3,train
1304829719.jpg,3,CMD,85d9133351e5936d,train
1305042137.jpg,3,CMD,fc133acf105a0dd5,train
130508321.jpg,1,CBSD,919d72bb27b21654,test
1305295466.jpg,3,CMD,d6a54a95a11f65ac,train
1305572752.jpg,3,CMD,94eb460fb6e1682b,train
1305744512.jpg,3,CMD,c8f34d58a38d4d0f,train
1305777482.jpg,4,healthy,868720f2d8adbf26,train
1305780999.jpg,3,CMD,868773715e31076e,train
1305931861.jpg,3,CMD,a07e467223e957d1,train
1306087922.jpg,2,CGM,c090203d6cefff46,test
1306743221.jpg,1,CBSD,c9fa37c90e3920e5,train
130685384.jpg,3,CMD,d17634a71cc10ff2,validation
1307113448.jpg,2,CGM,ebe17703979248cc,test
130726047.jpg,3,CMD,b1c045cc7887ded9,test
1307416806.jpg,1,CBSD,eaf86091d7cc53e0,train
1307553157.jpg,4,healthy,c4b063a550a1efed,train
1307759125.jpg,3,CMD,c6a13dc94bb710cd,train
1307848426.jpg,3,CMD,f2a22a9ab89ba3a6,test
1308108307.jpg,3,CMD,cc3331fce18df04a,train
1308168920.jpg,3,CMD,92b362fe25d1602f,train
1308234304.jpg,4,healthy,85b95ea6cb870c69,train
1308920852.jpg,3,CMD,d474072c8bdbc473,train
1309044307.jpg,3,CMD,d40cc85370f91efa,train
1309142410.jpg,3,CMD,828525656d5b6bb5,train
1309174561.jpg,4,healthy,d2ca4cb1b383eae8,train
1309185049.jpg,3,CMD,d0d4645239ee96d3,train
1309794504.jpg,2,CGM,d768d621df02a4d3,train
1309857132.jpg,4,healthy,f3150f41c3f2927c,train
1310462986.jpg,4,healthy,ecad82125277cbaa,validation
1310705023.jpg,3,CMD,d5f226dec066b129,train
1311286809.jpg,3,CMD,937849f4a5592abc,validation
1311435294.jpg,3,CMD,8cc054f9beb2be06,train
1311772076.jpg,3,CMD,d18f0c63554e3d3c,train
1311928765.jpg,3,CMD,b5c92cb36c3a8d4c,validation
1311965722.jpg,3,CMD,95f0573a342db1cc,test
1312051349.jpg,3,CMD,d5476f37364c4262,train
1312388258.jpg,2,CGM,8a4977598da89e36,train
1312658140.jpg,4,healthy,a0b4b7f0cbc8d949,train
1312770396.jpg,0,CBB,9cb1191c710fbf8c,train
1312909376.jpg,3,CMD,96c1f0a2d21f8d1f,train
1312991272.jpg,0,CBB,c54d5fb0302366bd,test
1313039014.jpg,3,CMD,d2fb3686a4945ab4,validation
1313344197.jpg,4,healthy,9a98f361583abca5,test
1313365128.jpg,3,CMD,879329a1d5b695ca,test
1313437821.jpg,3,CMD,d0293296f1cc3be6,train
1313438955.jpg,3,CMD,caa729f931754b12,train
1313782039.jpg,3,CMD,93a4393b8a92359f,train
1313972896.jpg,3,CMD,80f373dd308b3786,train
1314192396.jpg,3,CMD,d3684937f6d3c091,test
1314320713.jpg,3,CMD,925c2f9911ab57b1,test
1314349691.jpg,3,CMD,94fc738470f1b8f0,train
1314553246.jpg,3,CMD,d0163fc7bc8f600e,train
1314553833.jpg,3,CMD,83c569766d3cc48d,validation
1314818419.jpg,2,CGM,86091e3c5354d3fe,train
131507385.jpg,3,CMD,85d47aa3433e947c,train
1315150294.jpg,3,CMD,9e8c269de167f809,train
1315264079.jpg,3,CMD,d9e7b3183513a469,train
1315280013.jpg,1,CBSD,cc3731897cf09e98,test
1315326545.jpg,3,CMD,d9207c4b54d71e33,train
1315340793.jpg,3,CMD,c55a293439cbbea1,validation
1315698965.jpg,4,healthy,815f51e330f0d89f,test
1315703561.jpg,1,CBSD,879b6cd1450df42b,train
1315797481.jpg,1,CBSD,95b6b482c3e6e2e1,train
1315872826.jpg,0,CBB,c1ce1a4efc44a4ed,test
1316173298.jpg,2,CGM,85cf339259142fab,train
1316234196.jpg,4,healthy,96ad12ed826d9e34,test
1316293623.jpg,1,CBSD,c09d6f56f0a8898f,train
1316381206.jpg,3,CMD,d16c705cea3335e4,train
1316805765.jpg,4,healthy,dc5c93c6b1e821b6,train
1317352014.jpg,3,CMD,c0b76b182de631ce,train
131746797.jpg,1,CBSD,cbd3298ca769aa2a,train
1317481628.jpg,3,CMD,cb9c3e6167cc4872,train
1317487445.jpg,4,healthy,d1a95af1340bfa29,train
1317841019.jpg,1,CBSD,c1fc32297c3a3a2b,train
1318025509.jpg,2,CGM,ce9803139f7c6c6a,validation
1318419572.jpg,3,CMD,97f8384fd79b2006,train
1318741768.jpg,3,CMD,cdd4e09da4aeea30,test
1319252065.jpg,4,healthy,c79868cf3fc861a4,train
1319853450.jpg,1,CBSD,9ecc766d4a893722,train
1319890575.jpg,3,CMD,891b68306f6dedc2,train
1320006527.jpg,3,CMD,cd0c48ed3f3c216b,train
132012134.jpg,1,CBSD,f6d812a678373097,train
1320276326.jpg,4,healthy,93f57f9319123096,test
1320401376.jpg,3,CMD,e1b05ac593db4e0e,train
1320526288.jpg,3,CMD,c0387c5e5e96760b,train
1320985412.jpg,3,CMD,ccbc778843135ad3,train
1321561951.jpg,4,healthy,c9502d1d3377af88,validation
1321644663.jpg,3,CMD,930e6e215ef8c974,test
1321771793.jpg,3,CMD,9d876a4767ea6188,test
1322108824.jpg,0,CBB,94f6398eac038fe4,train
1322947953.jpg,3,CMD,90253b473c7c56a7,validation
1323186666.jpg,3,CMD,93074039723e57f3,train
1323334775.jpg,3,CMD,929887724b2d6dcd,train
1323659037.jpg,3,CMD,c8df38a556e8830f,train
1323935440.jpg,3,CMD,d8911e9b2ce07b72,train
1323997328.jpg,3,CMD,9ab1536c39576ca8,test
1324257289.jpg,3,CMD,84b2fb9d0587e3e0,train
1324557012.jpg,3,CMD,8ca50c6f2f38de16,validation
1325098159.jpg,2,CGM,80c1dff0d06b7695,train
1325445600.jpg,3,CMD,dfeb0fa16b184312,validation
1325487740.jpg,3,CMD,c18b693fe540be49,test
1325693886.jpg,3,CMD,99d660c7fcc90b31,train
1326064660.jpg,4,healthy,cdc536686e3a6926,validation
1326139580.jpg,4,healthy,c3e16170f0da1f8e,train
1326787301.jpg,0,CBB,c1dc679826c718ee,train
132695140.jpg,4,healthy,86b93f80a196333f,test
1327003472.jpg,3,CMD,84ba0c56bcc47f4e,train
1327541700.jpg,3,CMD,d64309afb19c666a,train
1327766969.jpg,1,CBSD,8df01769b9d7021b,train
1328015019.jpg,4,healthy,dc13637453e594e2,train
1328164078.jpg,4,healthy,a88c4e391df72dc4,validation
1328372449.jpg,0,CBB,d69b735e83419463,validation
1329083657.jpg,4,healthy,959d62668cce9b91,train
1329201937.jpg,4,healthy,d73471e04e063fd2,test
1329476257.jpg,3,CMD,a9e65964daadd248,train
1329605336.jpg,3,CMD,d18916c931d96fa9,train
1329871144.jpg,2,CGM,a89139c1e4df9c33,validation
132993724.jpg,3,CMD,d31c78834c5499bf,train
1330357112.jpg,3,CMD,a48677356dc2849f,test
1330510466.jpg,2,CGM,dad5120e45f263da,validation
1330526033.jpg,3,CMD,dd9062fd26ea8dc0,train
1330845250.jpg,1,CBSD,d43f72953b2b0117,train
133097678.jpg,2,CGM,e11c5527ad193ad6,validation
1331106068.jpg,1,CBSD,cd853f3af043ca4a,train
1331134229.jpg,0,CBB,f2990f0f6921a796,test
1331136359.jpg,3,CMD,96ba3a131c757951,test
133119904.jpg,3,CMD,f6f4cc1a32ca14d6,test
1331226893.jpg,4,healthy,96cc5816efc3151d,train
1331259403.jpg,3,CMD,d0586aa8293f77d4,train
1331260806.jpg,4,healthy,8cac6cbcadb56981,train
1331365734.jpg,3,CMD,d0f15c224af55b8d,train
13314358.jpg,3,CMD,e8a9a9395961f0e3,train
1331491784.jpg,3,CMD,dc1d26b673875c21,train
1331843412.jpg,1,CBSD,b2cd1934fd724833,train
1332005593.jpg,2,CGM,c9e92155acdcda58,train
1332424855.jpg,0,CBB,d491635a72656fa8,validation
1332476551.jpg,1,CBSD,cdaa3154633ee8e1,validation
133263895.jpg,4,healthy,c4cb2c0da2e77363,train
1332855741.jpg,3,CMD,d9d665260c6652fc,train
1332894133.jpg,1,CBSD,91a33abca5a569c9,train
133303828.jpg,4,healthy,cdf22e6941137bd0,train
1333145781.jpg,3,CMD,dedc092f363611d1,train
1333177599.jpg,3,CMD,80771ae5754ba653,train
1333185003.jpg,1,CBSD,849c20069afffee4,test
133326379.jpg,4,healthy,9dca59832e6847ad,train
1333307057.jpg,3,CMD,c3c3a791f289a5a3,train
1333419699.jpg,3,CMD,a4d83bb1eda87078,train
1333580402.jpg,0,CBB,98ef28b7e7105386,train
1334106792.jpg,3,CMD,96242bd7756527c2,train
1334282465.jpg,4,healthy,ccc862d337f24f90,validation
133431114.jpg,4,healthy,899634f91696a9a7,train
133434281.jpg,3,CMD,94c9548d7ad14b5d,train
133458128.jpg,3,CMD,95f2532b205c4edb,train
1334594870.jpg,3,CMD,9f97351813f99909,train
1334904382.jpg,1,CBSD,d5d635522b951c4e,test
1335010337.jpg,2,CGM,c2550d95d2cf35ca,test
1335049078.jpg,2,CGM,8584246baeef551d,validation
1335057947.jpg,3,CMD,869fdb9359103a2b,train
1335111806.jpg,3,CMD,867638d94d4f31d2,validation
1335214678.jpg,3,CMD,e0fb954b24564a37,validation
1335452154.jpg,3,CMD,80a87ec2abe1d9e3,test
1335531094.jpg,1,CBSD,95ad49f56a8b2a89,validation
1336010975.jpg,3,CMD,c6d4347250a7dc5e,train
1336088186.jpg,3,CMD,834e210ef9173cbb,train
1336103427.jpg,3,CMD,a48b10fc439e6bf2,train
1336117857.jpg,3,CMD,c0a8fedd7cb61412,validation
1336391690.jpg,3,CMD,968b2c89274e3b9d,train
1336580642.jpg,0,CBB,9c6bb5608ee83d86,train
1336666406.jpg,3,CMD,9d7876b522b003bb,train
1336686450.jpg,3,CMD,97e8e8da30bbd013,train
1337147552.jpg,1,CBSD,818efee8c907545e,validation
1337148323.jpg,3,CMD,a3d90887637bcacc,train
133736168.jpg,3,CMD,d0a11d7f6f471213,validation
1337518511.jpg,3,CMD,81c97b7277242979,validation
1337727597.jpg,3,CMD,c0876d5071c734df,train
1337934930.jpg,3,CMD,e8651b0130cbd7dd,train
1338027879.jpg,3,CMD,b959770e21b4649d,test
1338159402.jpg,1,CBSD,b49611adee6e1293,train
1338228532.jpg,3,CMD,c9a096fd28166c7b,train
1338355057.jpg,2,CGM,d281c1fac2b4bc37,train
1338751464.jpg,3,CMD,c03768d11eec2fe8,train
1338879378.jpg,3,CMD,86e54dc4e58b7853,train
1339257499.jpg,0,CBB,d4f0651ff9c843c2,train
1339311059.jpg,3,CMD,80b7477c6c64587e,train
1339337700.jpg,3,CMD,a446093c72b3bfe4,validation
1339403533.jpg,1,CBSD,95fc1b2f2ce131a1,train
1339606936.jpg,3,CMD,918167fcb0347adc,train
1339614738.jpg,2,CGM,9ae86ccdd9824d2d,train
13399494.jpg,3,CMD,d024348cc8eabbdf,validation
1340066568.jpg,3,CMD,87bb7d0940de7843,train
1340186286.jpg,4,healthy,867a7684bf6403a7,train
1340310321.jpg,2,CGM,8e2977d9045e7156,train
1340939411.jpg,3,CMD,819d6c4767792a27,validation
1340949419.jpg,3,CMD,a9322bf78e15c46c,train
1340999953.jpg,4,healthy,a9ce4d650b2b627c,train
1341035168.jpg,3,CMD,99ee72093a5da0b9,train
1341130310.jpg,3,CMD,854a39d6623d66ce,train
1341694459.jpg,4,healthy,86cb35396b1304fe,train
1342109684.jpg,3,CMD,d5cb072b291e525e,train
1342343254.jpg,0,CBB,cddc5ecc8483878e,test
1342351547.jpg,4,healthy,d4c636b8ebd0992c,train
134240800.jpg,3,CMD,80c63aacd3ad58de,validation
1343301467.jpg,2,CGM,d73f1d30338f06d0,train
134334479.jpg,3,CMD,b5edd85252c3cb0a,train
1343351739.jpg,3,CMD,c8e726fc2cd0f903,train
1343457656.jpg,3,CMD,9ceb522f2aa25794,train
1343777320.jpg,1,CBSD,86b9711eb9434be2,train
1344212681.jpg,2,CGM,d1f0f3f0c499648d,validation
1344226593.jpg,4,healthy,a7c9c99a1a1d1e55,validation
1344397550.jpg,4,healthy,dec1378b0f948b85,train
1344420041.jpg,3,CMD,d0c72e312d6c3ea6,train
1344445533.jpg,2,CGM,87d82c171b1f5353,train
1344533607.jpg,4,healthy,8dd1a5b1a7aaa0ea,train
1344686527.jpg,3,CMD,95b01ec1f85917c7,train
1344694162.jpg,3,CMD,d12ab1a5b3d868b5,test
1344771092.jpg,3,CMD,84a13ecb3671b6d2,train
1344931095.jpg,3,CMD,d4f0378240d57f2e,train
1345258060.jpg,3,CMD,81cc9ae3c5b3c8e3,train
1345401195.jpg,3,CMD,d07325c778be1a16,train
1345657742.jpg,2,CGM,956c42b23e556e5a,train
1345715941.jpg,3,CMD,c5f3c2899a9e3d44,train
1345734406.jpg,2,CGM,cafc23093a85b6da,train
1345845382.jpg,2,CGM,adc896d85b13932b,test
1345964218.jpg,3,CMD,806f39cb5e66461b,train
134649425.jpg,3,CMD,fabe688ba184a639,test
1346595943.jpg,1,CBSD,d2c4f6efc892812d,train
1346754206.jpg,4,healthy,89d57682059ebcf8,train
1346909762.jpg,4,healthy,dcb36cc12f5a1998,train
1346993708.jpg,3,CMD,94ff18847f40db0e,train
1347873049.jpg,3,CMD,dedb0f9e5a183160,test
1347907652.jpg,3,CMD,a7893376415b8d8b,test
1347999958.jpg,4,healthy,d49cacbcb8b73422,train
1348020579.jpg,3,CMD,a55522299cf61f2b,train
1348163694.jpg,4,healthy,84c90e536e69aecd,train
1348221044.jpg,3,CMD,cdb952c2275cea58,test
1348307468.jpg,4,healthy,90fc6d311691b6e5,validation
1348606741.jpg,1,CBSD,d49c633c6e584f0d,train
1348941923.jpg,3,CMD,c399790f7ee31007,test
1349084498.jpg,3,CMD,90f4661e9ab8c87d,train
1349523638.jpg,3,CMD,a1ad9d7c2d19219b,train
1349874091.jpg,3,CMD,e8967984145fc7c3,train
135006967.jpg,3,CMD,c3ca37d564931c8b,validation
13502100.jpg,3,CMD,94e53b045879c3d7,validation
1350350797.jpg,3,CMD,d5e5450fa06a3e0f,train
1350837396.jpg,2,CGM,d0c4636b1e365be8,validation
1350898322.jpg,2,CGM,c1bd2d4431d97c87,train
1350902917.jpg,3,CMD,8df93a1d06c6e265,test
1350921024.jpg,3,CMD,8f9446cd681b70ee,validation
135094227.jpg,2,CGM,d6ec6c5a6c44a9ac,test
1351107060.jpg,1,CBSD,924b63a435738f1d,validation
1351337979.jpg,3,CMD,86a5654e682f2d6b,train
1351433725.jpg,3,CMD,d2fb2da4268e48ce,train
1351445240.jpg,4,healthy,c4633dd1245ee995,train
1351460531.jpg,2,CGM,c4da39d749ac1aa9,train
1351485568.jpg,3,CMD,dcec145b92d233ac,train
1351565738.jpg,3,CMD,c1dc6c163e5f5446,validation
1351925390.jpg,3,CMD,c0cf3ed557705642,train
135225385.jpg,3,CMD,99666811df9db152,train
1352363015.jpg,2,CGM,84f05f0663e93e2e,train
1352385379.jpg,3,CMD,c0f3689e986512df,train
1352386013.jpg,3,CMD,90b323a272b75b8d,validation
1352401807.jpg,3,CMD,d2996459344e0efd,train
1352447679.jpg,3,CMD,80f36ab92d4e74b1,train
135254587.jpg,1,CBSD,97682b85d8d698ab,train
1352603733.jpg,3,CMD,ff9007a0effe0103,validation
1352630748.jpg,3,CMD,8928ae3ea69f9a8c,train
1352692605.jpg,3,CMD,c097641933cf3b0f,validation
135270912.jpg,4,healthy,d039645b7c9d1f0c,train
1352736021.jpg,3,CMD,c5c9e292bbb2b216,train
1352878479.jpg,3,CMD,c0e3b6331f8de198,validation
1352927108.jpg,3,CMD,8ca97486c4ae5aaf,train
1352934921.jpg,1,CBSD,93987a43d9e31b1c,test
135365403.jpg,3,CMD,81dc42643bb9abb3,validation
1353797925.jpg,3,CMD,843b48c67869df47,train
1353868679.jpg,3,CMD,8926665d77f91c18,train
1354001742.jpg,3,CMD,db266c039eb0e31d,train
1354277751.jpg,3,CMD,9bae9ccabe8e8890,train
1354318448.jpg,3,CMD,c1966f37b48c252b,train
1354380890.jpg,3,CMD,d309176727f12c8d,validation
1354408202.jpg,3,CMD,84f64b8233dd4ba6,train
135446160.jpg,3,CMD,a412260f6c7bcf0f,test
1354574511.jpg,3,CMD,8ddb43235c69a62e,train
1354594669.jpg,3,CMD,a7a270b6e4e4c786,train
1354623867.jpg,3,CMD,87784e7f00b2662f,train
1354666610.jpg,4,healthy,91881c3179775fb8,train
1354800137.jpg,3,CMD,859c4a7d26766c8e,train
1355063606.jpg,3,CMD,87478af89d52f458,train
1355230082.jpg,3,CMD,85aa3f8d8d61a2b3,train
1355462312.jpg,1,CBSD,859935f37fd00711,train
1355521556.jpg,1,CBSD,810c3f785f21fa96,train
1355602317.jpg,3,CMD,e419753331bd09ad,train
1355611441.jpg,1,CBSD,b9976aad548c156a,train
1355746136.jpg,1,CBSD,93837a1e4ce8afa4,validation
1355825847.jpg,0,CBB,97c52c6b72667823,train
135606795.jpg,3,CMD,9f582475070d79da,train
135615181.jpg,3,CMD,95de4196d8d057d1,train
1356273389.jpg,3,CMD,93b8787b4b65412e,train
1356339693.jpg,3,CMD,c0f6590f174e34b6,validation
1356346992.jpg,3,CMD,bc38586e46957699,train
1356643754.jpg,3,CMD,d3cf3ad132e20587,train
1356659344.jpg,3,CMD,84c5e58e85de9c0f,train
1356836747.jpg,1,CBSD,97d47262698293af,train
1357095762.jpg,3,CMD,842f3aaa4ac718fd,train
1357133171.jpg,3,CMD,efe3b1dae41202ca,train
1357225780.jpg,3,CMD,dae522daa1173eb0,test
1357287434.jpg,3,CMD,dac722d9f7a04552,train
1357547386.jpg,3,CMD,9f8448726d5c0f37,test
1357774593.jpg,1,CBSD,c4f123e56b4e6465,test
1357797590.jpg,0,CBB,c19f74f8d256c807,train
1358076537.jpg,0,CBB,978f69ac5c0c6ba4,train
1358112837.jpg,3,CMD,d09163dcaf40bc75,train
1358224095.jpg,3,CMD,87da48e2da36e85c,train
135834998.jpg,3,CMD,c3f8626e1d522cf1,train
1358792990.jpg,4,healthy,9694d4d79262aaab,train
1359197741.jpg,3,CMD,93b64cbb247234e9,train
1359200021.jpg,2,CGM,d4d25faba5055253,train
1359438859.jpg,2,CGM,d4ff6d764a4864a0,test
1359619982.jpg,3,CMD,938c2cdcbc5363a3,train
1359741464.jpg,3,CMD,c1b92463b9c41f7a,test
135977286.jpg,3,CMD,85dc482b508fbf4d,test
1359809318.jpg,4,healthy,d36629b3661833b6,train
1359844717.jpg,3,CMD,91ad2f3e38819b8b,test
1359893940.jpg,1,CBSD,87d17c8665882baf,validation
1359969815.jpg,2,CGM,90a165c6c7696ed6,train
136000699.jpg,2,CGM,96a43cc85b964cbb,train
136002095.jpg,3,CMD,c6cf12017ead9758,train
1360215464.jpg,3,CMD,83bc30cb35316fb4,train
1360403534.jpg,3,CMD,cda54fce2984ef01,train
1360675476.jpg,3,CMD,c1bd0eca304fade1,train
1361129876.jpg,4,healthy,c5a14e3c324bfdc2,train
1361142044.jpg,4,healthy,c6ab75e04b25d299,validation
1361163747.jpg,4,healthy,d4d17c9211faaab4,train
1361425698.jpg,3,CMD,d8d963a0f0fb1d03,train
1361999425.jpg,3,CMD,d7c4698bd45125b3,train
1362088025.jpg,3,CMD,d5e725526461b347,train
1362172635.jpg,3,CMD,c3ac69e23793089f,train
1362176870.jpg,3,CMD,85ab3c91ecb239a5,validation
1362265434.jpg,3,CMD,87db3ac078ae2798,train
1362452707.jpg,1,CBSD,87e96cd04f816b1d,train
1362645481.jpg,3,CMD,94d0793f1d1b0b8d,test
1362873947.jpg,4,healthy,993355577e833c88,train
1363024111.jpg,3,CMD,9cb73006790d6afa,train
1363127962.jpg,3,CMD,94b97de171a00b9e,validation
1363807985.jpg,4,healthy,e4a13c9f273611c7,train
1363877858.jpg,3,CMD,cc09165e69c47add,validation
1364063429.jpg,4,healthy,e70a5ede0b2f1381,train
1364299181.jpg,3,CMD,99de7801c22f7ca9,train
1364309626.jpg,3,CMD,c7e86c0935e21bb6,train
1364337013.jpg,3,CMD,c4894827d9ecb3d3,train
1364389290.jpg,3,CMD,d1cc697b26b3384a,train
1364435251.jpg,4,healthy,edf3ea9c9b855020,validation
1364472347.jpg,4,healthy,8cf1639648a546fe,train
1364616567.jpg,1,CBSD,94c56fb630596a2d,test
1364643330.jpg,3,CMD,89ea4b2d931168fd,validation
1364893627.jpg,3,CMD,b649d85ec2cbc532,train
1365114577.jpg,3,CMD,d98533fcccc32299,test
1365352690.jpg,3,CMD,d3a559812756af92,test
1365404548.jpg,3,CMD,806f66733984df85,train
1365612235.jpg,4,healthy,c47c2b1e52ee34e1,train
1365660763.jpg,3,CMD,9bb971e0842bd63c,train
1366111049.jpg,2,CGM,95f365286a3731e2,validation
1366307251.jpg,3,CMD,b6dd696262552387,train
1366430957.jpg,1,CBSD,cbe7219c3e6b8161,validation
1366570105.jpg,3,CMD,94877bd65a232c36,validation
1366955402.jpg,2,CGM,d9ec74c232eae588,train
1366979536.jpg,3,CMD,94e1353ca3476f92,validation
1367013120.jpg,3,CMD,95a44bde70857e4c,validation
1367181542.jpg,3,CMD,b5c155421ef3835e,train
1367265515.jpg,3,CMD,e1976cbd330c8273,validation
1367319512.jpg,1,CBSD,e0af2476bea658c1,train
1367418803.jpg,3,CMD,c28b7c21e6be286e,train
1367438166.jpg,3,CMD,a0c2a6eba3faa263,train
1367847379.jpg,2,CGM,91f4569e19c35536,train
1367882980.jpg,3,CMD,8f601d254d38adfc,train
1367947137.jpg,3,CMD,81f21ea03ee65cba,train
1367959908.jpg,3,CMD,d2f71ab3cb868d08,train
1368038127.jpg,3,CMD,89d52c8f7b4864ad,test
1368056046.jpg,3,CMD,dafe637d68062944,train
136815898.jpg,0,CBB,dda32c9822dd7507,train
1368162685.jpg,2,CGM,cc8c61b24ab526fe,train
1368184561.jpg,3,CMD,81fc09d35726bb1c,train
1368384368.jpg,1,CBSD,d9b02c2b6686aaf3,train
1368550859.jpg,3,CMD,e2316533639894fd,train
1369059031.jpg,3,CMD,d82628ed39973b15,train
1369203337.jpg,4,healthy,8fdc2a217fe8d083,test
136922431.jpg,2,CGM,d6666bc121de24ab,train
1369694663.jpg,2,CGM,a1a7349b7d381ac9,validation
1369732079.jpg,3,CMD,c5c242a5c7c13b7b,validation
1369758830.jpg,3,CMD,95d1513e6cf148ad,test
1369924842.jpg,1,CBSD,89b0363f03a578f5,test
1369983957.jpg,3,CMD,80e52ec63f5b264d,validation
136999898.jpg,3,CMD,b97845925b1fe891,train
1370253627.jpg,3,CMD,87d408f711f6e12b,train
1370342087.jpg,3,CMD,d86c36d4f5af005a,train
137038681.jpg,3,CMD,87b96d175e49a981,test
1370558109.jpg,3,CMD,dca132493edf8714,test
1371104507.jpg,2,CGM,d8253693bef26b80,train
1371273944.jpg,1,CBSD,c0642fd29bd2762b,train
137128883.jpg,1,CBSD,dc987172cf8a8c36,train
1371479635.jpg,3,CMD,c3da7c5614ab2764,train
1371699817.jpg,0,CBB,90fd628d9fa139a8,train
1371830154.jpg,3,CMD,cce6379ecc5d1118,train
1371946692.jpg,4,healthy,e09e0bb7680db636,train
1372417670.jpg,4,healthy,c4b92b83355f520f,train
1372490463.jpg,3,CMD,ceb96d9c83ad7021,train
1372642771.jpg,3,CMD,c9856efef2c19045,train
1373499412.jpg,4,healthy,90d659af4d75249a,validation
1373520804.jpg,3,CMD,9438f6052f8a9db3,train
1373565631.jpg,3,CMD,803f956677a66a91,train
1373683400.jpg,1,CBSD,9dc867eb2e1a2a1a,train
137383741.jpg,3,CMD,81de36f29cd14e38,train
1374350867.jpg,3,CMD,d0d930f9abeb4861,train
1374456253.jpg,3,CMD,80b1ff8f2475892e,train
1374580493.jpg,3,CMD,94fe651ea45a2aa5,test
137474940.jpg,3,CMD,ed92236d15cad1ca,train
1375058524.jpg,3,CMD,90a030d96fba0ff6,train
1375173494.jpg,1,CBSD,933b338ffce20704,train
1375245484.jpg,3,CMD,969f316d49929396,train
1375249760.jpg,3,CMD,943f3c06c82d4ff2,train
1375425264.jpg,1,CBSD,87915dec6d6cc04d,test
1375919988.jpg,3,CMD,8cc710e1694e7eba,test
1376091294.jpg,4,healthy,82932d0f187ef5e4,test
1376107939.jpg,4,healthy,9cd36e962a092db6,validation
1376119492.jpg,3,CMD,c3ac2b6f12c5649b,train
1376632265.jpg,3,CMD,c2b7587932082fde,train
1376689947.jpg,3,CMD,d2a926c1f22c99de,test
1376907726.jpg,3,CMD,b2eb370ab250db8a,train
1377187378.jpg,2,CGM,991b3b32d5a26c36,train
1377199562.jpg,3,CMD,c00e3e327236bab7,validation
1377263378.jpg,3,CMD,9a8b39734e664a6c,train
1377320047.jpg,3,CMD,95ec12706f0ae9dc,test
1377344118.jpg,4,healthy,84cf6ed684547a3a,train
1377618103.jpg,3,CMD,e83c13311f1be3d1,validation
1377639054.jpg,3,CMD,8f4069ca057bf03f,train
1377755607.jpg,2,CGM,a8f53c6142766d1b,train
1377926295.jpg,3,CMD,c5e61e376719112e,test
1378105752.jpg,3,CMD,866f48c91f85dec4,train
137826863.jpg,3,CMD,e3a560f2b1652dc9,test
1378311298.jpg,2,CGM,a49727d3e39232b4,train
1378330885.jpg,2,CGM,82d2595d6da487ab,test
1378444906.jpg,3,CMD,99e72b78522f1296,train
1378549599.jpg,4,healthy,c59558660a7ea92f,validation
1378721520.jpg,3,CMD,cfc52a1175c069af,train
1378833219.jpg,3,CMD,d1ba7d02954a937c,train
1378967272.jpg,2,CGM,d2c930b556d8437e,train
1379079003.jpg,2,CGM,8f84213f078fe06f,train
1379081390.jpg,3,CMD,82f1773846dce60b,train
1379189798.jpg,2,CGM,85f16a0b270cf9d3,train
137921395.jpg,3,CMD,c1b68f28b81545df,train
1379234576.jpg,3,CMD,85983b67c6c1d574,train
1379566830.jpg,1,CBSD,99987642fbc56626,validation
1380110739.jpg,3,CMD,bcd7253f0d4412d6,train
1380727344.jpg,3,CMD,c4f3786e603d23f0,train
1380772166.jpg,3,CMD,85e525731be8e81e,validation
1380973855.jpg,2,CGM,9ce12cc35c5a5763,train
138109251.jpg,3,CMD,f8850fb50707e23b,test
1381222280.jpg,3,CMD,84f57214c16b79a7,train
138133533.jpg,3,CMD,c454236b391f8ebc,train
1381453836.jpg,1,CBSD,96f1701e8ca56b2d,train
1381532581.jpg,3,CMD,d6a3699e388525cd,train
1381562197.jpg,3,CMD,82216747b7f57129,train
1381626886.jpg,3,CMD,a0a4b9b7e8b590e9,train
1381660932.jpg,3,CMD,91fd1e235f081d66,train
1381916877.jpg,1,CBSD,cc96403ecf783dc1,train
1381919423.jpg,2,CGM,c37b363270831775,train
1381945589.jpg,3,CMD,949e99b8419f9f84,train
1381973639.jpg,4,healthy,f4876338cdb23e11,train
1382329644.jpg,3,CMD,80ad27b2b1ee6ac5,train
1382636470.jpg,3,CMD,aad471b44f939d09,train
1382842589.jpg,2,CGM,da9e666c9392922e,train
138293614.jpg,3,CMD,d6966a7e192074f2,train
1383020993.jpg,0,CBB,968d68db68866cec,train
1383027450.jpg,3,CMD,9f9a008ae7c833b7,train
1383148057.jpg,3,CMD,84e3198ebacc565b,train
1383172615.jpg,2,CGM,d176315f2a9d5072,train
1383174686.jpg,3,CMD,95fb2d921e15036e,validation
1383220439.jpg,3,CMD,a55277a552a51d55,train
1383472035.jpg,3,CMD,85f17e4c369b4896,train
138347790.jpg,3,CMD,c55d736b28d1416d,train
1383484107.jpg,4,healthy,c0666b940f729abd,train
1383579851.jpg,3,CMD,975b30582da31abd,train
1383632067.jpg,1,CBSD,d78940fa1306bfaa,train
1383656888.jpg,3,CMD,d5dc7272166e0f05,train
138459723.jpg,3,CMD,e5c81fff7118444c,train
1385082833.jpg,3,CMD,952e64b9a3ac5556,train
1385160350.jpg,3,CMD,cdb120617c7e15ae,train
1385746259.jpg,4,healthy,c99832cd79624d73,validation
1385808202.jpg,4,healthy,e7999ab819a2e44b,train
1386157120.jpg,3,CMD,8191723b71367e78,validation
1386333017.jpg,3,CMD,a5fb4ad42d4b51a8,train
1386339986.jpg,3,CMD,84f97449669b2dc5,train
1386425795.jpg,3,CMD,807f29843cdcf3c9,train
1386736977.jpg,4,healthy,b0d825065b73fc71,train
1386911368.jpg,4,healthy,94933d80c6dc7d9c,train
1387354222.jpg,3,CMD,f197602d37bc111e,train
1387417051.jpg,1,CBSD,829e6deae5a302cb,train
138763396.jpg,3,CMD,952a2df61b5e88a5,train
138786454.jpg,3,CMD,d7d238f227de2105,train
1387999254.jpg,3,CMD,aa956aaaa47aa59c,train
1388871610.jpg,4,healthy,c7c0403e7d35363b,train
13891046.jpg,3,CMD,81826f48c5daf52f,train
13892025.jpg,3,CMD,c9c969a474b2f878,train
1389283574.jpg,3,CMD,d48f2fd83d24b819,train
1389564003.jpg,3,CMD,e9e1325616af27a8,train
1389754395.jpg,4,healthy,c68465a6ec2ddcc9,train
1389822104.jpg,3,CMD,91af2bad6b896a21,train
1390241299.jpg,3,CMD,d2c64c310eef385d,validation
139047883.jpg,3,CMD,b5d869a20df1e8c6,train
1390504425.jpg,3,CMD,d4b631b6cccb6268,validation
1391087542.jpg,3,CMD,c5d106e67d43603f,validation
1391150010.jpg,2,CGM,c66b36b9146ee312,train
1391250868.jpg,1,CBSD,e0d6179c92e0726f,test
1391289587.jpg,3,CMD,c20577d9b82387da,validation
139132642.jpg,3,CMD,b25947b63b894d2c,test
1391327178.jpg,3,CMD,956476c39941f7c4,train
1391361289.jpg,3,CMD,cdbd309baf812196,test
1391377544.jpg,0,CBB,9cbac8e94c4c5cd6,train
1391510011.jpg,3,CMD,8b356abef0c20cf8,train
1391587362.jpg,3,CMD,93cc38623ee5ed48,train
1391719532.jpg,4,healthy,c393635a1470277f,train
1391794042.jpg,3,CMD,94843b0fd1fbca91,train
1391911669.jpg,3,CMD,98f81ec473f3704a,train
1391957751.jpg,3,CMD,c0f9261ab7ec00ef,train
1393253028.jpg,3,CMD,93207bb720d22d77,train
1393343720.jpg,3,CMD,95064d150f966cbf,train
139341665.jpg,2,CGM,cd901b6f784d405f,train
1393783706.jpg,2,CGM,95ba28741ec9c567,test
1393861868.jpg,3,CMD,b7a4972c6c8a69d2,train
1393892139.jpg,3,CMD,89e73d8a234bb45a,test
139397294.jpg,3,CMD,d0d55511554a4fdd,train
1394172142.jpg,4,healthy,94c93fb64923362b,train
139442048.jpg,2,CGM,88bf615e9cc370b8,train
1394744680.jpg,1,CBSD,b79d61b819c5a594,train
1395194202.jpg,3,CMD,8c8b80b0939efa7d,train
1395194377.jpg,3,CMD,82c136c3ad4e0f3f,train
1395467521.jpg,3,CMD,dd780e607b1fe1c0,train
1395513159.jpg,3,CMD,d7fc7b9123626442,train
1395794245.jpg,3,CMD,93b87b71e2c2630e,train
1395866975.jpg,4,healthy,9393919b1b4b4769,train
139601828.jpg,3,CMD,86b63416c2b6c4f7,validation
139601932.jpg,1,CBSD,9f94671740be3496,train
1396076509.jpg,3,CMD,cfa46eb1e2ca11aa,test
1396114117.jpg,1,CBSD,d0cb63760ac9327e,validation
1396197326.jpg,1,CBSD,dfabff8b89828090,train
1396226721.jpg,4,healthy,990c3e3b40ea3c7d,train
1396312810.jpg,3,CMD,f0e0687c7ebe0c49,train
1396634803.jpg,1,CBSD,94882ff5240f6e3e,train
1396822256.jpg,0,CBB,c19436736b25e5c5,train
1396847821.jpg,0,CBB,d4a966e2ca25b7c8,train
1397034988.jpg,3,CMD,81ef5cc74a09f938,train
1397140267.jpg,3,CMD,da9ffed60c30a029,test
1397439068.jpg,1,CBSD,b9987baa2ea49496,train
13975743.jpg,2,CGM,d1f38e0661c93aec,train
1397837312.jpg,3,CMD,839e729f6c303965,train
1397843043.jpg,4,healthy,82c86a1efafa1e68,test
1398184409.jpg,2,CGM,c5b41f6748cc33c9,train
1398249475.jpg,3,CMD,d0cc51763dc6587c,train
1398282852.jpg,3,CMD,c49b236037dc2d5e,train
1398427720.jpg,1,CBSD,caec6f8754398623,validation
1398447903.jpg,3,CMD,8af167043a6dd19e,train
1398572814.jpg,3,CMD,dd2072735dcc5a49,train
1398685050.jpg,3,CMD,c3ec7eab96912115,validation
1398952610.jpg,1,CBSD,c0dd9f2770d0a6b4,train
1399204339.jpg,1,CBSD,91f96ec4324a7574,train
1399448037.jpg,3,CMD,c7c57b801ea5ed48,train
1399640317.jpg,3,CMD,9ae221afb9ccc691,train
1400362797.jpg,3,CMD,98e06cb069ea3f6c,validation
1400687003.jpg,0,CBB,bdb00f50c16e7a55,train
1401447206.jpg,3,CMD,c2d77b3051ab5934,train
1401473494.jpg,3,CMD,942c352d7197962f,train
1401539761.jpg,4,healthy,d88ad39a60a1afba,train
1401565578.jpg,3,CMD,82c76dc00ff1e659,test
1401653529.jpg,2,CGM,c4fa1b24d969b496,train
1402359353.jpg,2,CGM,b0c207f723de456a,validation
140243499.jpg,3,CMD,cbd82e1d782e61f0,train
1402491391.jpg,3,CMD,d46d29f60df10da1,train
1402508321.jpg,1,CBSD,849b49843f3c79ec,train
1402706671.jpg,1,CBSD,eaea7d1c1c1d1705,train
1402748825.jpg,1,CBSD,a93e0a290ef7ea85,test
1403068754.jpg,0,CBB,ac4658a47ffaa10d,train
1403091423.jpg,2,CGM,879364e18dd9322f,train
1403274115.jpg,1,CBSD,848e8cb43b7362f6,train
1403410864.jpg,2,CGM,d7a42b121c87db1e,train
1403492344.jpg,1,CBSD,c6d23b64ad8fc415,train
140350208.jpg,2,CGM,9ae456dbac955446,validation
1403617478.jpg,3,CMD,9abc706163e74746,train
1403621003.jpg,3,CMD,81ad5e33b56ce28a,train
140387888.jpg,2,CGM,d48f26b3137d0556,train
1403954196.jpg,3,CMD,98d6638c4e35b1cb,train
1404256606.jpg,3,CMD,90ef134ce76990d5,train
1404393856.jpg,1,CBSD,833e5cdfa8b51550,train
140439386.jpg,1,CBSD,ddb3a69d87820353,train
1404479334.jpg,3,CMD,99ad865c1a5d56ca,train
140467144.jpg,3,CMD,c56372b0991be69a,train
1404738929.jpg,3,CMD,c1d53aba34c22f3c,train
140478919.jpg,3,CMD,92e13fb00f70a51f,train
1405323651.jpg,3,CMD,d0a0bd3ed842de36,validation
1406290747.jpg,3,CMD,c1e0f0e0e39625df,train
1406419715.jpg,4,healthy,c6da62893d2d2b59,test
1406654897.jpg,0,CBB,c0e60cd9670dd72e,train
1407007212.jpg,2,CGM,819dc0a3f4f9663a,train
1407032343.jpg,3,CMD,a8f98b2d0c49bbd4,train
1407060226.jpg,1,CBSD,e06371c6f3d82e1a,train
1407062920.jpg,1,CBSD,b1c99aa5255a4dab,test
1407355307.jpg,2,CGM,9501153d3e8fc69e,test
1407720026.jpg,3,CMD,91f06f0e1fb0e44b,test
1408250223.jpg,3,CMD,cbd97fc160a892d8,train
1408296206.jpg,0,CBB,d8b47098272e1db7,train
1408639438.jpg,2,CGM,c0d7665553ad252e,validation
1408964751.jpg,1,CBSD,976438cb65346b5c,train
1409426378.jpg,2,CGM,81fdf686165a2cc3,train
1409467593.jpg,3,CMD,c5fc25d21ad34eb0,train
1410225488.jpg,4,healthy,dd8e1218ae1a7c9d,train
1410447291.jpg,3,CMD,c1dc602167b53de3,train
1410522150.jpg,3,CMD,c72e681738315d37,validation
1410638110.jpg,1,CBSD,b1fcb6a0460b5d87,test
1410738568.jpg,4,healthy,f182838f9f9c9278,train
141080401.jpg,3,CMD,867973b8a9564a2d,test
1410815943.jpg,3,CMD,d9cb05f542e838b9,train
1410870894.jpg,3,CMD,d1da4cc4f5f92423,validation
1410898675.jpg,0,CBB,da332d1196abd782,train
1411057259.jpg,4,healthy,d69679060d786b6c,train
1411386.jpg,3,CMD,d51c7938c9820d7f,test
1411610648.jpg,0,CBB,92c95f9bc2b90966,train
1411682771.jpg,1,CBSD,ccf978d97103272c,train
1411799307.jpg,3,CMD,8cc93fc46bb241ec,train
1412272619.jpg,4,healthy,8ff3e071580ed711,validation
1412766908.jpg,3,CMD,f0917a456285cfb6,train
1412788738.jpg,0,CBB,f1e1e5d50e0f2a4a,train
1412967165.jpg,3,CMD,85aa0fb1495a3ea7,train
1414081718.jpg,3,CMD,90d6c6b526b874da,train
1414761827.jpg,3,CMD,9423057e2defa493,train
1414812251.jpg,3,CMD,de3a32a9846a752b,test
1415036837.jpg,3,CMD,e59965d22f210b97,train
141506985.jpg,1,CBSD,cdc475adca168c8e,validation
1415152677.jpg,3,CMD,c0a57fe54ca09e5c,train
1415244401.jpg,2,CGM,84bd62ff018637a5,test
1415276331.jpg,3,CMD,ceda22bcf18b08e9,test
1415860816.jpg,2,CGM,9597ad89c9da48cc,test
1415940915.jpg,3,CMD,81a2764c9e3467f5,train
1416108002.jpg,3,CMD,d08a61d667b93bc1,train
1416145759.jpg,3,CMD,83ac6b1755d21b9c,train
1416272901.jpg,3,CMD,c37c3aa934da6d12,train
1416331607.jpg,3,CMD,8a8d6efc449c2ca7,validation
1416367019.jpg,3,CMD,9e309e270d3af171,train
1416461898.jpg,3,CMD,e6b90ea663cc14e6,train
1416607824.jpg,3,CMD,b5d9494436163eda,train
1416904075.jpg,3,CMD,8096e1f2fe796870,validation
1417032569.jpg,3,CMD,988d3c5c1fe84766,validation
1417356734.jpg,4,healthy,cc971a9f3ebd3800,train
141741766.jpg,3,CMD,d0104b2e1d35f3d7,train
1417446398.jpg,3,CMD,d56626894bcc47dc,test
1417496054.jpg,3,CMD,8bb63522526d2cde,train
1417876180.jpg,3,CMD,99e27c850f5a7aa2,validation
1417975194.jpg,3,CMD,95bb73304eac1e83,train
1418080132.jpg,1,CBSD,d38d7cf302051f5c,train
1418105858.jpg,3,CMD,97e02b3c4869a53f,train
1418341223.jpg,3,CMD,87983ad27d87462d,train
1418463220.jpg,2,CGM,c5ca6c636e349e38,validation
1418640499.jpg,3,CMD,e6c1c1eb5290e4f5,train
1418701712.jpg,1,CBSD,d58f6930c509db4b,train
1418896988.jpg,1,CBSD,99e72e842e6b6199,train
1419231799.jpg,1,CBSD,944f08cde5bb3295,train
1419604978.jpg,3,CMD,810a73667b9d9731,train
1419674728.jpg,3,CMD,f2f168ecf0e1bc80,validation
1419991978.jpg,1,CBSD,8c523dacd0267677,train
1420352773.jpg,3,CMD,ce83148ce1f89f33,train
1420638030.jpg,2,CGM,c38433d539b4e39c,test
1421062396.jpg,2,CGM,c18d3a90236d75b7,train
1421166262.jpg,3,CMD,84dc3fd998e8c4d8,train
1421336359.jpg,1,CBSD,94fb24b8ba0e59c3,train
1421508049.jpg,3,CMD,c3c85b4c5be51d32,validation
1421692593.jpg,3,CMD,c0cd1f8afe0f068b,train
1421720064.jpg,3,CMD,9598383dccd56927,validation
1421925584.jpg,3,CMD,8d748dc5f086f07a,train
1421969879.jpg,3,CMD,c8df265411735baa,test
1422459648.jpg,2,CGM,92a5779e2fc12607,train
1422694007.jpg,3,CMD,bc03d966de3a7221,train
14227104.jpg,2,CGM,9e864564a37bb04f,train
1422781530.jpg,4,healthy,f2eb2540399a9c7c,train
142279359.jpg,3,CMD,96f641c90b486ecf,train
1423035983.jpg,3,CMD,ff81076e419c3d13,train
1423442291.jpg,3,CMD,80b03ebb230f695f,train
1423499316.jpg,3,CMD,c6d83519271d4ccf,train
142362483.jpg,0,CBB,b9155355ea69496a,train
1423702741.jpg,3,CMD,9fa0bb996ea310b1,train
1423993986.jpg,3,CMD,cdba76382a362e16,train
1424060312.jpg,3,CMD,956d2743c062db7c,test
1424184391.jpg,3,CMD,b0bf1c23149be475,train
1424400038.jpg,2,CGM,99934cf0c13ed0ed,train
1424456827.jpg,3,CMD,81ba15366e921b7b,train
1424785333.jpg,3,CMD,c5961d1d34796535,train
1424905982.jpg,3,CMD,c63969c216c6e367,train
1424930187.jpg,3,CMD,cdb0237f3a108767,train
142510693.jpg,3,CMD,d168617067637ee1,train
1425154910.jpg,2,CGM,d12f708c56e3ed48,test
1425189269.jpg,3,CMD,c19d14533e2a3de5,train
1425209102.jpg,3,CMD,a4fbd8ccb800ee53,test
1425588144.jpg,3,CMD,88d62f415e5bcf22,train
1425848299.jpg,2,CGM,9ec0612edb9391d3,train
1425912705.jpg,4,healthy,d5b54a878c5c86b6,train
1426129628.jpg,0,CBB,c09f39d791869a69,train
1426159636.jpg,3,CMD,c6b15533716769c4,train
1426179564.jpg,4,healthy,edda251e7c224a4e,test
1426455408.jpg,2,CGM,87af6ec364723318,validation
1426690752.jpg,2,CGM,80df7a345b7e6610,validation
1426902714.jpg,1,CBSD,9695387263792ccd,train
1427151109.jpg,2,CGM,c6f866165885a5f5,train
1427164708.jpg,3,CMD,94581a9fa3b34cce,validation
1427193776.jpg,3,CMD,d09937c6e869067e,train
1427289885.jpg,1,CBSD,86e32778d99d8c54,train
1427453131.jpg,3,CMD,c3fe134cb58c0b33,validation
1427622404.jpg,3,CMD,9663570e2142fc6f,train
1427678310.jpg,1,CBSD,966143ae68634fb9,train
142793456.jpg,3,CMD,98fa2e420f705bb9,train
1428048289.jpg,3,CMD,85d658db7783e860,train
142821017.jpg,1,CBSD,d6d92ea46672f940,test
1428302810.jpg,4,healthy,8dcc1f01782fad93,train
1428569100.jpg,4,healthy,80676f7816665ec5,test
1428921734.jpg,2,CGM,cc162e10b4acadbf,train
1428992266.jpg,3,CMD,d1e45a1ab296436f,train
1429000810.jpg,2,CGM,dbec6cb2043ea8a6,train
1429065354.jpg,3,CMD,c29b3f9dc3c642a1,train
1429410780.jpg,3,CMD,a9e91a8dfac8ea84,train
1429478360.jpg,1,CBSD,dfe70249435ab4e1,train
1430092169.jpg,2,CGM,cdcb66e0a2a18fcc,train
1430189615.jpg,2,CGM,849c748724ecfe63,test
1430257906.jpg,1,CBSD,919b1e75588fc11b,train
1430503629.jpg,3,CMD,d5cb7bd030e443b2,train
1430539919.jpg,3,CMD,96e01bf620c7f04f,validation
143092286.jpg,4,healthy,95e10aec8983ba9f,train
1430955699.jpg,0,CBB,d48f3158de4b8c93,train
1431052836.jpg,3,CMD,d0d32c3d6ae8836d,train
1431172246.jpg,4,healthy,9cda6bdb32d45a10,train
1431232276.jpg,2,CGM,8c883c76de1f2bc1,test
1432000471.jpg,3,CMD,ff784180bad5256a,test
143205841.jpg,4,healthy,dc9e28301fe88737,validation
1432249645.jpg,1,CBSD,c2c6769583ced4f0,test
1432401820.jpg,2,CGM,8accced6d66b0319,test
1432403578.jpg,2,CGM,d8004b715f72773a,train
143241616.jpg,3,CMD,d2f8741616a9d5a5,train
1432492199.jpg,3,CMD,d6fcc2b82b43ae21,train
1432552358.jpg,3,CMD,b38f1993338c93e4,train
1432853954.jpg,3,CMD,9cd34e586a6d7464,train
1433061380.jpg,2,CGM,93dc5b45e926302f,train
1433079784.jpg,1,CBSD,895e2203c2fdb83f,train
1433360715.jpg,3,CMD,b5da638e7ce16206,train
1433585468.jpg,3,CMD,97dc4f931128d6e4,test
1433595455.jpg,3,CMD,c4f707c85886de9c,test
1433652364.jpg,4,healthy,c59a249f74d61996,train
1433911758.jpg,3,CMD,cb4b6129934e6e36,train
1433930335.jpg,3,CMD,db944f8661a3744b,train
1434045118.jpg,3,CMD,9da512e9855a7ac6,train
1434172630.jpg,2,CGM,c7852c9e61c8a7d6,train
1434200283.jpg,4,healthy,c18c1f1a76c25eba,train
1434278066.jpg,3,CMD,dcb965a91d94850f,train
1434278080.jpg,3,CMD,d0f103d600bd7f66,train
1434474334.jpg,2,CGM,8518685cbab3d93b,train
1434629559.jpg,3,CMD,d5d03cb061cced27,train
1435012035.jpg,3,CMD,d0a7390fbc26b2b2,train
1435171396.jpg,3,CMD,edb4c7635152668c,validation
1435171668.jpg,3,CMD,d4f476d4509754ca,train
1435182915.jpg,3,CMD,90ad43d0788adf9d,train
1435237849.jpg,2,CGM,b35c186413a7ed9c,validation
143572777.jpg,2,CGM,91466d66c0e1feb8,train
1435727833.jpg,3,CMD,e368467807b92c9f,test
1436106170.jpg,3,CMD,dc6768c435d96c16,train
1436211995.jpg,3,CMD,d3ad36c9a4a25956,train
1436413250.jpg,4,healthy,fc19fe0417e87b01,train
1436595255.jpg,3,CMD,ce3d512e2f160ae9,validation
1436605997.jpg,3,CMD,e59b5e250bc51a4d,train
1436699751.jpg,4,healthy,8c733395c43e29b3,train
1436718296.jpg,4,healthy,c8d8c8d8fc9966cc,test
1436835230.jpg,3,CMD,d48364cb6ccd163b,validation
1437038533.jpg,3,CMD,8bad39a73da0b446,test
1437139355.jpg,3,CMD,d9e5726c44e54ad2,test
1437341132.jpg,4,healthy,91a89ed39e81c787,validation
1437908880.jpg,3,CMD,d41a4d6bf12d0fc2,test
143798547.jpg,2,CGM,964d3d666d716223,test
1438039429.jpg,4,healthy,cb9f7159a263411e,train
1438129678.jpg,2,CGM,944b3685b28eba6d,test
1438263670.jpg,2,CGM,96f9269c769891ac,train
1438664994.jpg,2,CGM,c7c82c6f40d4b3ae,test
1438681082.jpg,3,CMD,855c4d1acf935729,test
1438970432.jpg,3,CMD,d0b039c76439ccb7,train
1438981160.jpg,3,CMD,df8f6393195c5448,train
1439675422.jpg,0,CBB,c696694ab2e16c97,test
1439711843.jpg,2,CGM,96cd4f92c49c213f,train
1439924959.jpg,3,CMD,9c8defcb4124a5a5,train
1440401494.jpg,3,CMD,99d613247e9b64c9,train
1440459489.jpg,3,CMD,c2ce55885b6acdac,validation
1441232731.jpg,3,CMD,f9863ee0a5849f92,train
1442249007.jpg,2,CGM,d2966e5d714858b9,train
1442268656.jpg,4,healthy,dadc618bb471461b,validation
1442310291.jpg,4,healthy,829536c63590dfad,train
1442345924.jpg,0,CBB,9c95d492cad8daca,train
1442363807.jpg,3,CMD,90a65cf8f0ec29e6,train
1442451975.jpg,3,CMD,90654fdb4e7462b8,train
1442862093.jpg,4,healthy,95fb5de96a3201c8,train
1442929249.jpg,3,CMD,dac6ca999b9a1313,train
1442952438.jpg,3,CMD,d49fab5d191f0984,validation
144301620.jpg,3,CMD,81cb6fbad6c81929,train
144323754.jpg,3,CMD,93b531278bf03a1b,train
1443356256.jpg,2,CGM,84a926b9a57c0b9f,validation
1443500189.jpg,0,CBB,99f72091cfc0c7a5,train
1443532770.jpg,2,CGM,e184c368b5e31ed3,train
1443950929.jpg,3,CMD,d9e22a7c96792513,validation
1444190532.jpg,3,CMD,c0f332a47b1d70f8,train
1444207508.jpg,3,CMD,dd3465f038646b69,train
1444285375.jpg,1,CBSD,d9ab499741e2ec98,train
1444544314.jpg,0,CBB,984b3575692d1dd2,train
144489717.jpg,2,CGM,ca8a478f336d50da,train
144495276.jpg,3,CMD,8739649d430f3f23,train
1445110215.jpg,4,healthy,db80a0f4598be61f,train
1445118586.jpg,3,CMD,d5c2240f36636fb1,train
1445131056.jpg,3,CMD,dd872d410af9e30d,validation
1445197304.jpg,4,healthy,cad868770e450e77,train
1445318591.jpg,3,CMD,86697b38d2c794a9,test
1445324291.jpg,4,healthy,8cc4e21bb732cdcc,train
1445369057.jpg,4,healthy,96ac2cab2b6b1555,train
1445721278.jpg,1,CBSD,9b9bb50a75f205c2,train
1445981750.jpg,3,CMD,d6a503fffe550022,test
1446406888.jpg,3,CMD,d9db2aae2202f666,test
1446704302.jpg,3,CMD,958a6dd66b84a2f1,train
1446871248.jpg,3,CMD,90b64fe723f69828,train
1446872004.jpg,0,CBB,99ccc4135eccb21f,test
1447209989.jpg,3,CMD,d0c369a961ed4747,train
1447310792.jpg,3,CMD,947944b049add36f,train
1447330096.jpg,2,CGM,fae9aa8403177bb0,train
1447520990.jpg,3,CMD,c19b4c505bf96c66,train
144778428.jpg,4,healthy,9af705274e49d2cc,train
1447825333.jpg,3,CMD,c41b28664fd9b32d,train
1447962374.jpg,1,CBSD,cca96e0c361fc9a6,test
1448182015.jpg,3,CMD,f1a64cd39cb1c392,train
1448397186.jpg,0,CBB,d4d404af8f1485ef,train
1448521119.jpg,3,CMD,e742064e2fb07b59,validation
144873912.jpg,3,CMD,c8167971a41fd5d2,validation
1448827431.jpg,3,CMD,d2ba3b50b24a356d,test
1448897511.jpg,1,CBSD,fd9cf0d4b1483c31,train
1449210447.jpg,3,CMD,d7692f06e81538cd,train
1449330793.jpg,3,CMD,d1db35628bcc5b30,train
1449414594.jpg,2,CGM,85ae18136f0d5ae7,train
1450741896.jpg,3,CMD,c587529e85db4aac,train
1450787226.jpg,1,CBSD,8aa47dc343cbcd0e,train
1450903179.jpg,4,healthy,dcbe49b640611b3e,validation
1451004490.jpg,2,CGM,84af28523b7a5b63,train
1451055508.jpg,3,CMD,d8a016352ddf4cd5,train
1451222946.jpg,3,CMD,cec120dbe9b71964,train
1451330624.jpg,3,CMD,c3b923e98bcaa925,train
1451862945.jpg,3,CMD,80597a7c78371cf8,train
1451915901.jpg,3,CMD,c10b345687caeeba,validation
1452139455.jpg,3,CMD,b4d3d12b52a3c7a1,train
1452215100.jpg,3,CMD,99b30bccf80d27d1,train
1452252314.jpg,1,CBSD,921b9a7c5de1660d,train
1452260416.jpg,2,CGM,c252994d6c996bd5,validation
1452430816.jpg,3,CMD,c9e672a747cd8432,train
1452520506.jpg,3,CMD,964f696859f29c51,train
1452672436.jpg,3,CMD,ac974227be0966cb,train
1452755583.jpg,3,CMD,82ed3f8aa9375883,validation
1452948788.jpg,3,CMD,c4f3363c6ca8e86a,train
1453190275.jpg,1,CBSD,eadb2de120c5393a,train
1453532680.jpg,3,CMD,97fdf0806ba36149,train
1454074626.jpg,3,CMD,9dd961acd332c398,test
1454219565.jpg,2,CGM,cbad4d2ed6200a5f,train
1454321133.jpg,3,CMD,c9a71e8d6e1053d6,train
1454355649.jpg,3,CMD,dabd3feb03269084,train
1454379342.jpg,2,CGM,cce5242c356d1ebc,test
1454850686.jpg,3,CMD,95e26d925c78a61d,train
1454900763.jpg,3,CMD,a0b63bb723b92a94,train
1454944435.jpg,3,CMD,9fc73f38a034c4cc,test
1454998270.jpg,2,CGM,96a34ebf685ae412,train
1455218947.jpg,2,CGM,d1872bb8bf25620b,train
1455527729.jpg,3,CMD,c79b5e6119164477,train
1455550646.jpg,3,CMD,9a75e7820ea5b61a,train
1455906876.jpg,1,CBSD,98857be807f2e117,train
145616727.jpg,3,CMD,895d39f3a996c431,test
1456262062.jpg,3,CMD,d0d62b2d24539aed,train
1456460062.jpg,3,CMD,d7610f6fb46f0508,train
1456612395.jpg,0,CBB,9f853f7670331503,train
1456881000.jpg,2,CGM,a2a75751123fe0ea,test
1456912050.jpg,3,CMD,dee13dee98d28414,train
1456947369.jpg,3,CMD,8e326ef93285a3ca,train
1457004589.jpg,3,CMD,b54896056bcc6e1f,test
1457223613.jpg,3,CMD,cf4364153ed30fb0,train
1457225378.jpg,2,CGM,d6590f65150e686f,train
1457445830.jpg,3,CMD,a4027c21fe8b3f56,validation
1457493809.jpg,3,CMD,9ae331ce03160ebf,train
1457537356.jpg,1,CBSD,c3c22147d607eaeb,train
1457571171.jpg,4,healthy,fea0e2ece4e8405b,train
1457828872.jpg,3,CMD,e89778414d6a5b4e,train
1458153387.jpg,4,healthy,c5ce2f2994141ede,train
1458175598.jpg,1,CBSD,d58a639637cc3493,train
1458457293.jpg,3,CMD,ddd813ea04597c6a,train
1458603668.jpg,0,CBB,d3073cf367d009b8,train
145899550.jpg,3,CMD,c0f428672ef3473a,validation
145911417.jpg,3,CMD,8dd753249ce3c4c6,train
1459148536.jpg,3,CMD,902d7917b0e3f073,train
1459190919.jpg,3,CMD,8ed76947d38b208d,train
1459278356.jpg,4,healthy,a5a5c488eddadac8,validation
1459667255.jpg,3,CMD,c9e433550c0f2d3f,train
1459763157.jpg,3,CMD,965212f02ea7b49f,test
1460020462.jpg,1,CBSD,b1197ce243db4a69,train
1460087437.jpg,4,healthy,949d6ee0e2c3391d,train
1460171882.jpg,3,CMD,84d239f49689637e,train
146049240.jpg,3,CMD,d0cb3ca7339431f8,train
1460538853.jpg,3,CMD,d04b1fe11d8cf8d1,validation
1460834703.jpg,3,CMD,d3e03a5244335cfe,train
1460958734.jpg,3,CMD,d0a829d0d9cf383f,train
1461151155.jpg,3,CMD,dcf179e7618c1491,train
1461335818.jpg,3,CMD,9ea14af621fa3592,train
1461642951.jpg,4,healthy,c74d5e136c283756,train
1461958903.jpg,3,CMD,f8d108e3260b6fbc,train
1462063941.jpg,3,CMD,d66c79a682536533,validation
1462318476.jpg,0,CBB,838c32c34b6497bf,train
1462467319.jpg,3,CMD,ccd6674c1ac3037d,train
146247693.jpg,3,CMD,c4932d7ab9a9125b,train
1462497786.jpg,3,CMD,c01c3fb62d7a3748,test
1463552704.jpg,3,CMD,c2e921d8996bd5b8,train
1463695600.jpg,3,CMD,d4af14d26d525cc5,train
1463895571.jpg,1,CBSD,c9c864f6e68aada2,train
1463935986.jpg,0,CBB,c292b88f610e7757,validation
1464020220.jpg,3,CMD,80e07cd0e1b9b47f,train
146450021.jpg,3,CMD,a607726fd5315c64,train
1464544692.jpg,3,CMD,8bd62168ba5abe38,train
1464735007.jpg,3,CMD,9c063e704bbf64a9,train
1464787027.jpg,3,CMD,c09660175cdd7f23,validation
1465359996.jpg,3,CMD,d1cb3128f213fcd2,validation
1465491965.jpg,3,CMD,82e165d4b1b90bdb,validation
1465524436.jpg,3,CMD,a4c5d56d5d6ca852,train
1465574948.jpg,3,CMD,9c803b3e6899aead,validation
1465663375.jpg,2,CGM,84f956d67c9aa065,train
1465743713.jpg,3,CMD,bff80053203f54b7,test
1465774459.jpg,0,CBB,e695b65e6a5829e0,train
1465778841.jpg,3,CMD,d1ed6d00d898bad5,train
1465908426.jpg,4,healthy,8abaabc74f407465,train
1466028041.jpg,4,healthy,84c42d1a1ff35337,test
146632116.jpg,3,CMD,c3c02dc7d81cced9,test
1466391339.jpg,2,CGM,c1bf6886d9623758,train
1466509745.jpg,3,CMD,b6ca60e8ceb78172,test
1466655821.jpg,1,CBSD,aeb075c431ce666a,validation
1466991020.jpg,3,CMD,87e678614118ee77,test
1467013216.jpg,3,CMD,e7c26b960c9a3972,validation
1467290004.jpg,3,CMD,9c823a74e6ee682b,train
1467601507.jpg,3,CMD,846936b281bfeaa6,test
1467768254.jpg,3,CMD,cd6337889f4b6452,validation
1468124471.jpg,3,CMD,ce4e2e0b2fe4c199,train
146822187.jpg,3,CMD,8ddf01623c7a6a39,train
1468402414.jpg,3,CMD,9ee708162b67f684,test
1468414187.jpg,3,CMD,821b4b9ecdd45dc4,validation
1468426073.jpg,3,CMD,b84e70863f46fc31,test
1468561211.jpg,3,CMD,89c1804ff19c7ee3,train
1468646624.jpg,4,healthy,d19149b1b90ab1bf,train
1468715314.jpg,0,CBB,949527aca9ed8bc2,test
1468716858.jpg,3,CMD,8fde255674d45681,train
1468732806.jpg,2,CGM,818f7f78069c7a0b,train
1468956117.jpg,3,CMD,bc3d392de0ec6262,train
1469167700.jpg,4,healthy,cdb30e68110db77a,validation
1469175825.jpg,4,healthy,c4fa27a5566825d6,train
1469568121.jpg,3,CMD,c6cc0de9331f3c34,train
1469713619.jpg,4,healthy,9dd1166bb023f14e,train
1469715307.jpg,1,CBSD,8e4039a8553c9f6f,train
1469779002.jpg,3,CMD,c6397dc0668eb8d2,validation
146995101.jpg,2,CGM,ac1c57bc47ac1ec2,train
1469995634.jpg,1,CBSD,dbda642de4c818f1,train
1470037662.jpg,3,CMD,8dbe620e78653ec4,train
1470070828.jpg,3,CMD,c4ab6993e7292b54,train
1470557226.jpg,3,CMD,e5b3139672ccb941,test
147058764.jpg,3,CMD,c1b368b6768936d8,train
147061975.jpg,3,CMD,90f901c53ddc17ce,train
1470663072.jpg,3,CMD,85e36bda7a9d30c0,validation
147082706.jpg,4,healthy,827d7ba671871ba0,train
1471005249.jpg,3,CMD,90b647d9c1a3703f,train
1471261830.jpg,3,CMD,9359652e13d8ee43,train
1471429626.jpg,2,CGM,d7e4630ee9231d61,train
1472183727.jpg,3,CMD,87e9a1265be594d1,train
1472296263.jpg,3,CMD,d9b574cc0a3992d3,train
1472319237.jpg,4,healthy,917143cc66f11d1f,train
1472592491.jpg,3,CMD,961f1f84c4ee483b,train
147275298.jpg,1,CBSD,d97226855ee96586,train
1472883908.jpg,2,CGM,c89346d7a7aec0c9,train
1473359901.jpg,4,healthy,939773132a7412ed,validation
1473438422.jpg,4,healthy,96bc69c24ccf1879,test
1473523576.jpg,4,healthy,8a23bcd45b71d19a,test
1473559934.jpg,3,CMD,f0f94de045c8cf0d,validation
147397691.jpg,3,CMD,95d35a961145d772,train
1474376023.jpg,0,CBB,caf96ba966968261,test
1474419942.jpg,3,CMD,caa249b135769de8,train
1474434656.jpg,3,CMD,c0be2f615395c59a,train
1474472052.jpg,0,CBB,912a61a64d9b7ae6,test
1475290962.jpg,3,CMD,d37c7ae8a183282f,test
1475296121.jpg,3,CMD,878f8d8f828bcad2,validation
1475659703.jpg,2,CGM,81ff128d78076bd4,validation
1475797781.jpg,3,CMD,cb86349a6e09f517,train
1476011675.jpg,3,CMD,cdf7c2201a5e651d,validation
1476024263.jpg,3,CMD,95f06e7525c680bd,train
147604859.jpg,3,CMD,801f7a9687546f4e,train
1476112995.jpg,1,CBSD,9dc06c3f99e57c40,train
1476365292.jpg,4,healthy,ae922e0c753874ed,train
1476891160.jpg,3,CMD,97eb291766bd5120,train
1477310762.jpg,3,CMD,d3dd3d20a4b22e8e,train
1477652298.jpg,1,CBSD,c0ea7f40309db8af,train
1478209787.jpg,3,CMD,d2fb59c06fc701c8,train
1478310133.jpg,3,CMD,d0e83cd0b4de6a65,validation
1478375260.jpg,3,CMD,d79974c2398c2f86,test
1478666869.jpg,4,healthy,d2da1e9ab2e232b1,test
1478675911.jpg,4,healthy,cc78f0670ede3c18,train
1478815745.jpg,2,CGM,c1fb05a5d1b83a3a,train
1478823591.jpg,3,CMD,d5b42fa1a36c529c,train
1479168350.jpg,3,CMD,cd905afb3769010f,train
1479257856.jpg,4,healthy,d0d4129797952e67,train
1479311027.jpg,1,CBSD,b1c37a28b1165de5,train
147932460.jpg,4,healthy,c29978a758b9c639,test
1479504068.jpg,3,CMD,81f80b97cacdf432,train
147952154.jpg,3,CMD,80fa16ea24fc19d7,test
1479739689.jpg,3,CMD,81da2fd760f4254d,train
1479838879.jpg,3,CMD,c8e431db6d869b61,train
1480159613.jpg,3,CMD,d6c953595b494b98,train
1480166582.jpg,3,CMD,c4ee24f1703de193,train
1480331459.jpg,3,CMD,c4b92608d7ef7894,train
1480404336.jpg,3,CMD,ef8027ce31f588d2,test
1480435060.jpg,2,CGM,f381de5a492fe620,train
1480887420.jpg,3,CMD,94ba638669b76ca4,train
1481071460.jpg,4,healthy,acf7b03c80a47da3,train
1481229182.jpg,3,CMD,9caf4bd2f348da80,train
1481314031.jpg,2,CGM,84a52dbf4da459a5,train
1481899695.jpg,3,CMD,c4e43c649cd7e391,train
148206427.jpg,3,CMD,910c62327967ddbc,train
1482262254.jpg,3,CMD,c341766a2eb4938f,train
1482450117.jpg,3,CMD,c1d363fc0f8423f2,validation
1482454106.jpg,3,CMD,9c8d6e3a4a68392f,test
1482562306.jpg,3,CMD,92ed6ec30b90f0e3,train
1482562334.jpg,3,CMD,d4cd4b0e7cf27230,train
1482718698.jpg,3,CMD,d8865b3d866bd816,train
1482998605.jpg,1,CBSD,c19620af71cf32cd,train
1483039132.jpg,3,CMD,c38a734456e768e6,validation
1483424894.jpg,3,CMD,d4e379b67a042c8e,validation
1483502855.jpg,4,healthy,c31756de64f8246c,validation
1483622893.jpg,3,CMD,b8f063fb13b96141,validation
1483743890.jpg,3,CMD,d0e638323fd307d8,train
1483767138.jpg,4,healthy,878725f5d485345e,train
1483777554.jpg,3,CMD,905876ad3d9ad8d8,train
1483888570.jpg,2,CGM,c2f9229411ad69ef,test
1484042757.jpg,3,CMD,95ea65325c95598e,validation
1484094890.jpg,0,CBB,dae433036c986d1f,test
1484273604.jpg,3,CMD,967b254928df5711,train
148469667.jpg,1,CBSD,80a031dddfcae5ca,test
1484990384.jpg,3,CMD,d4a52d302be5f44b,train
148514131.jpg,2,CGM,8db33ee1029df48c,validation
1485229040.jpg,4,healthy,c0df643927b9948b,test
1485335587.jpg,3,CMD,e0df60ba5887d3a8,test
1485387248.jpg,2,CGM,9285794f2a7b8578,validation
1485689723.jpg,3,CMD,cbaa3eb0c47c82c7,test
148573246.jpg,3,CMD,c49f6accd4464bd1,validation
1485753217.jpg,4,healthy,89cc63f46bf0c1e1,train
1486005614.jpg,3,CMD,c9b264872ab565cd,train
1486018952.jpg,4,healthy,93eccd9b008b8f9a,validation
148613129.jpg,3,CMD,d283579315374b53,test
1486476402.jpg,3,CMD,819e58fd3525df01,train
1486873366.jpg,3,CMD,80d07bdb2e67c8a9,train
1486886161.jpg,3,CMD,8d90679b35d66386,train
1487184476.jpg,3,CMD,ffe0238103fc147e,train
1487203868.jpg,3,CMD,d59e48fd39c33604,train
148723715.jpg,1,CBSD,8ce3331b271acad3,train
1487645324.jpg,3,CMD,cecc737e273c4604,train
1487752843.jpg,3,CMD,cce2319a77c519b2,train
1487832837.jpg,3,CMD,85ca7e0c6774631e,train
1487877839.jpg,3,CMD,878e0e8e8e87c9ec,validation
1488108256.jpg,0,CBB,932e3b9ba0a13733,validation
1488135132.jpg,3,CMD,c0ff0cb01bf03e0f,train
1488515803.jpg,3,CMD,c4fa01e43bcaf643,train
1488733138.jpg,3,CMD,c0a33f8bde0a5399,train
1488901749.jpg,4,healthy,c49f41ec73c92659,test
1489005656.jpg,2,CGM,d99c1afc1293f2a4,validation
1489138795.jpg,2,CGM,9e423ff4410eb917,train
1489161942.jpg,3,CMD,92467e710a85ffa4,train
1489381001.jpg,4,healthy,c7c77bb0420b8f4c,train
1489483095.jpg,2,CGM,c6ee26986407766e,train
1489537317.jpg,3,CMD,90e3243b5e9477b2,train
1489659706.jpg,2,CGM,859b61655be14b0f,train
1489666486.jpg,2,CGM,84933fb743a6215e,train
148976696.jpg,3,CMD,93ec39e35418329f,train
149054231.jpg,3,CMD,a9f44ae68aaba86a,train
1490830673.jpg,3,CMD,c6f829c318e7185f,train
1490838967.jpg,4,healthy,c9b73de0c38e9a18,train
1490907378.jpg,0,CBB,92ec79a043ce68e7,train
1490929971.jpg,3,CMD,a99970a352ef521e,validation
1490946641.jpg,3,CMD,844bf0f5c4645b3b,test
1491105282.jpg,3,CMD,b48d6e227b212c7e,validation
1491311312.jpg,3,CMD,84ab663932ec7d23,train
1491670235.jpg,3,CMD,d68a381f641dabd8,train
1491905259.jpg,3,CMD,d68734a3264e9759,train
1491964774.jpg,3,CMD,d4386ac6035df4b3,validation
1492079032.jpg,4,healthy,c6b969c6d453c694,train
1492204596.jpg,2,CGM,9dd8337342e75a28,train
149232931.jpg,4,healthy,91ae4e3867e1974a,train
1492381879.jpg,3,CMD,9ec52f4b80bc9c99,train
1492387026.jpg,3,CMD,86aa6286d5d45cf9,train
1492444202.jpg,2,CGM,cd807e4f39789c46,train
1492555711.jpg,1,CBSD,8ded2d6f003c3a3a,train
1492566436.jpg,3,CMD,85af7c6a115a68b5,test
1492594056.jpg,3,CMD,f11267c5b6e2099d,test
1492615792.jpg,3,CMD,c3ee299e76a14d22,validation
1492704954.jpg,4,healthy,a3e137e776b0840b,train
1492837331.jpg,3,CMD,8e6d3ea5971a4c23,train
1493133127.jpg,4,healthy,918b66bcc602daf5,validation
1493369407.jpg,3,CMD,cc6966627cf42335,test
149358004.jpg,4,healthy,dcfc07788774c426,train
1493639803.jpg,3,CMD,93d272898bf6601f,train
1493725119.jpg,3,CMD,868935257b0c1f77,train
149376158.jpg,3,CMD,829c619e313d76cb,train
1493949319.jpg,3,CMD,d3a8698ed611798b,train
149411513.jpg,3,CMD,d25461c89cb34edd,train
1494523424.jpg,4,healthy,92a9741a0e37dad6,train
1494577157.jpg,3,CMD,95b99278465c663e,train
1494581614.jpg,3,CMD,bc8070e2d793ee16,train
1494600253.jpg,3,CMD,849f6943ed92d9a8,train
1494726462.jpg,3,CMD,c6f569815f9a130e,train
1495009507.jpg,3,CMD,d5de0f9788a52958,train
1495102142.jpg,2,CGM,d2c22981dfbb0c6e,train
1495197748.jpg,3,CMD,d4d25f9a5ce023b4,validation
1495222609.jpg,3,CMD,d285307e6d9843ed,train
1495264550.jpg,3,CMD,dcb5219f34c44f1a,train
1495336038.jpg,1,CBSD,ccb1abc475427974,train
149534260.jpg,3,CMD,840b6b16daef7115,validation
1495411222.jpg,2,CGM,99c7061e633f1bd0,test
1495877886.jpg,3,CMD,808e3f8659e6bda1,train
1496279708.jpg,2,CGM,e2832d1f3c754743,test
1496475043.jpg,2,CGM,90cd2fd8ecc35926,test
1496786758.jpg,4,healthy,8ce322cc5b90b59f,train
1497063911.jpg,3,CMD,dcb235036dcd4972,test
1497257209.jpg,3,CMD,c4c7cec6430f7712,train
1497298151.jpg,3,CMD,ccbb31d24dd34856,test
1497417417.jpg,1,CBSD,c39e33637c880d7c,train
1497437475.jpg,2,CGM,a5b756d0d2b5b025,validation
1497799028.jpg,4,healthy,99f775334c8029f1,train
149781263.jpg,4,healthy,b85f576caaae4214,train
1497853421.jpg,0,CBB,d321963dc3356593,train
149791608.jpg,3,CMD,8e3235f150aaf956,train
149804426.jpg,3,CMD,94691e355fd2cc19,train
1498323364.jpg,3,CMD,c6976c3e10183abf,train
1498477767.jpg,0,CBB,8ec4289f572de538,validation
1498619219.jpg,3,CMD,d9d8613d49e9253c,train
1498669662.jpg,1,CBSD,99d964e4cbd262e1,train
1498784168.jpg,3,CMD,945202707ff41fe6,test
1498800523.jpg,2,CGM,b49a19e46563566e,train
1498912692.jpg,0,CBB,c90d3e3a74c33327,train
1499115422.jpg,3,CMD,d9a61d9f648e1178,train
1499153374.jpg,3,CMD,8a8774f4239593b6,train
149926175.jpg,3,CMD,c0e66ab7704cec59,validation
1499416552.jpg,3,CMD,91b328dc5c786be4,train
149981640.jpg,4,healthy,dc1a7817a53f4c68,validation
1499948628.jpg,3,CMD,fdb2035c706b1c93,train
1499959536.jpg,3,CMD,d887339ee4ca6c26,train
1500175221.jpg,3,CMD,d5607b710ed519d4,train
1500466889.jpg,3,CMD,d1c64fb06b1b148f,train
1500571663.jpg,3,CMD,809e183f4752bd6b,validation
1500617543.jpg,3,CMD,b01fd8fa06186b7c,test
1500739186.jpg,3,CMD,943b37e085fc7033,validation
1500925357.jpg,3,CMD,86b263a4cde92a3d,train
1501728003.jpg,0,CBB,97deedf028352119,train
1501891629.jpg,3,CMD,859263c930ec7f2d,train
1502155213.jpg,3,CMD,97c42c93e458677a,train
1502308703.jpg,2,CGM,9d9d5a488baf2d44,train
1502339292.jpg,2,CGM,94d8639dcd981b2d,train
1502381784.jpg,3,CMD,d9a7e4a5bee0a380,train
1502817204.jpg,3,CMD,bc87e3582d3815f2,validation
1503342057.jpg,2,CGM,91dd66851c3be18e,train
1503427899.jpg,3,CMD,c5d96ca92cb6b8e0,train
1503505916.jpg,3,CMD,ed96441a1c099ebf,train
1503534318.jpg,3,CMD,95953a9a33a6a374,train
1503763431.jpg,3,CMD,c89f3d078f1e70d0,train
1503774088.jpg,3,CMD,c3efd80f48cf7900,train
1503832819.jpg,4,healthy,caed5b6a9423f0a1,train
1504088947.jpg,3,CMD,dbc2649ca44e6daa,train
1504131412.jpg,3,CMD,90e10fb6dc7e6849,train
1504168239.jpg,3,CMD,9db25ae6a51219f1,validation
1504494469.jpg,3,CMD,c8d26259b55e98ad,train
1504701291.jpg,4,healthy,841b66db35cad2a5,train
1504892231.jpg,3,CMD,d7a1a2a9e79086d5,train
1505115110.jpg,3,CMD,de846ddd38893d12,validation
1505338624.jpg,3,CMD,c937cd12a4c532fc,test
1505357542.jpg,3,CMD,c2fc3e314d6532a9,train
1505418979.jpg,3,CMD,c7563ae4ec991d84,test
1505566999.jpg,3,CMD,9f08a55a8ddad41e,train
1505727010.jpg,3,CMD,95b668e311cb33e2,train
1505794271.jpg,3,CMD,c9d9183fb4c25f41,train
1506190985.jpg,3,CMD,817c31dbcac24b79,validation
1506209733.jpg,3,CMD,85626593f81d6e5c,train
1506710218.jpg,4,healthy,c2b81e47a1b4b46f,train
1506735529.jpg,3,CMD,d9c43e107c29cb6e,train
1506855289.jpg,2,CGM,d1c32e8543b9c567,test
1506979895.jpg,3,CMD,843a6ec95bc547ac,train
1507118084.jpg,1,CBSD,c0fd2b9490bc43b7,train
1508057647.jpg,3,CMD,859f02be6bc169e4,train
1508217938.jpg,0,CBB,d0c72621b87c7b0f,train
1508231026.jpg,3,CMD,d0d168689b1fea69,train
1508406674.jpg,1,CBSD,c9b43dc9164df458,validation
1509149905.jpg,4,healthy,959e1108e0fc13ff,train
1509232597.jpg,3,CMD,d89b6fe5c149701a,validation
1509796476.jpg,3,CMD,c275658d7262679c,validation
1509840012.jpg,3,CMD,80891edebf7c7031,train
1509956367.jpg,3,CMD,9c73233d6a4aad45,validation
1510219104.jpg,3,CMD,84f492f7fb02b28a,train
1510251839.jpg,3,CMD,beeda85069d15a52,train
1510309183.jpg,3,CMD,81f60bfc5a4d8ca9,validation
1510384617.jpg,3,CMD,d99456971d6ba924,train
1510478103.jpg,4,healthy,bab47ce105a1373a,train
1510561350.jpg,3,CMD,8bac7637c64b6512,train
1510579448.jpg,0,CBB,c99ea1ce3b0856d9,validation
1510845223.jpg,4,healthy,d90a66db749e320b,train
1511652981.jpg,3,CMD,93fb2c901ef10d5c,train
1511926966.jpg,3,CMD,c0cbf8f5d2998c25,train
1512058858.jpg,3,CMD,8cb36eb9d41e19c2,train
1512080920.jpg,3,CMD,e2a3333c1c5d05b7,train
1512235475.jpg,3,CMD,876c63b8a41e3537,train
1512261290.jpg,3,CMD,d6e5099f398c6392,train
1512330258.jpg,3,CMD,86739f7c00fe81b8,train
1512350296.jpg,3,CMD,93d3200dc7afea43,train
1513008307.jpg,1,CBSD,c0d71f3a607bd2c8,validation
1513368385.jpg,3,CMD,ccd3632e48543c7d,train
1513503205.jpg,2,CGM,c79e5ac6845c695a,train
1513713325.jpg,3,CMD,b6c1e45a1f9dc0e4,train
1513772475.jpg,2,CGM,d5a92f6421f8353c,train
1513807497.jpg,3,CMD,d4e26d7a696d84c2,train
1514088810.jpg,2,CGM,99e323d4e5b509a9,train
1514150347.jpg,3,CMD,afe69bd209ade110,train
1514204503.jpg,1,CBSD,c1ce7a680dbe90f1,train
1514398511.jpg,3,CMD,c4683b8ad5f4e0f4,train
1514588016.jpg,1,CBSD,c2b82af814edf345,validation
1514776700.jpg,3,CMD,e1dc135025f97369,train
1515163743.jpg,3,CMD,d5d5d5d0f0da12a2,train
1515442461.jpg,3,CMD,8aab3f8c40fe6c31,train
1515534361.jpg,2,CGM,a4c01bf9d55b0b69,train
1515903038.jpg,1,CBSD,dfb0383e72c0a0b7,train
1515921207.jpg,4,healthy,98c76492daf0c7e1,train
1516455512.jpg,1,CBSD,85af666af254398a,train
1516892212.jpg,3,CMD,98fb2cb5688b561c,train
1516982275.jpg,3,CMD,f1b4fc2806c6762e,train
1517270084.jpg,3,CMD,8d1876a372cda966,train
1517277933.jpg,3,CMD,81eb5e062b9f538c,train
1517337771.jpg,2,CGM,99b2053d70e24777,train
1517468243.jpg,1,CBSD,a1d556870b9bd698,train
1517540243.jpg,3,CMD,de927e92fa94811a,test
15175683.jpg,3,CMD,c0c53f80639ba5f6,train
15177566.jpg,3,CMD,d1bb206b6ce86f0c,test
151796855.jpg,3,CMD,938d6c3633d80cd7,train
151804791.jpg,2,CGM,8e170f3ed81c1de8,train
1518131755.jpg,3,CMD,c0d468a35c17ce7b,train
1518295866.jpg,4,healthy,a5c8e8256cb7c3ac,test
1518316480.jpg,2,CGM,92731c8d0536f6d6,train
1518625003.jpg,3,CMD,d4d833b033ee172a,test
1518858149.jpg,1,CBSD,c7b07c5f987807c1,train
151894628.jpg,3,CMD,edc10af0b3f14663,test
1518949710.jpg,1,CBSD,8ff088cd73bb4642,test
1519283117.jpg,4,healthy,926539b0670cb9eb,train
1519337929.jpg,0,CBB,d1d447afa750582e,train
1519343513.jpg,3,CMD,ac8d67745719217c,validation
1519424592.jpg,2,CGM,ad90492de6c64fd8,train
1519602849.jpg,3,CMD,c5d53994739d8643,train
1519657958.jpg,2,CGM,f646d92d10ce33b2,train
15196864.jpg,3,CMD,806a64d55a7c6dae,train
1520150172.jpg,3,CMD,84193d5d7195c6cd,train
1520590067.jpg,3,CMD,d6d22c6b29b1523e,train
1520664922.jpg,4,healthy,da1a6a282d6d5477,train
1520672258.jpg,4,healthy,f4ea70b0c169e2a7,train
1521518831.jpg,3,CMD,caeb2d8d05415cdb,train
1521565564.jpg,3,CMD,d66165416e3a575c,train
1521850100.jpg,0,CBB,87913b397b20217f,validation
1522024247.jpg,3,CMD,fba422892371c7ad,train
1522135424.jpg,3,CMD,8c9726bab1d1ca66,test
1522208575.jpg,1,CBSD,cb94348b823f696e,train
1522449555.jpg,0,CBB,88f7345ab34d4a2d,train
1522892159.jpg,3,CMD,d0f8bb9b82a0a6c7,train
1523038784.jpg,0,CBB,d0829fc97d216375,train
1523432847.jpg,2,CGM,88051ab7cc7b67e4,train
1523602715.jpg,3,CMD,d49a670c7b31a78c,train
1523640184.jpg,2,CGM,d17472ba789225ce,train
1523865421.jpg,3,CMD,cb823862487ff4e5,train
1524143324.jpg,3,CMD,8754393c358dc98f,train
1524159108.jpg,3,CMD,c3b0c5c23b306f6e,test
1524177006.jpg,3,CMD,926d3e10693f764a,validation
1524278014.jpg,4,healthy,99f0a21c269dd3ab,train
1524451384.jpg,4,healthy,9c7c660f1c9be0d1,test
1524470833.jpg,4,healthy,a4ec424b6cd9ca9b,train
1524527135.jpg,3,CMD,d0d365c5b68abaa1,train
1524561947.jpg,3,CMD,a251ad2f94f493a9,train
1524705787.jpg,3,CMD,dc2dcca9382bf08b,train
1524851298.jpg,3,CMD,869268bc4dad3747,validation
1524989475.jpg,1,CBSD,85b672b1e4ce6545,validation
1525088638.jpg,3,CMD,ae836096fe2d5d84,train
1525297234.jpg,2,CGM,89a2374457eb6879,train
152558595.jpg,3,CMD,97d81417f0b51f16,train
1525663676.jpg,3,CMD,c4376637332c04ef,train
1525852725.jpg,3,CMD,87e73a52cb998949,validation
152599670.jpg,4,healthy,96bbb7ed400ec21a,train
1526090875.jpg,4,healthy,dfa7308924e087be,test
1526199104.jpg,3,CMD,c2e72d8758c37493,train
1526220652.jpg,3,CMD,bbbf98dcd0a09868,train
1526798053.jpg,3,CMD,c0db3ef1419632d6,validation
1526938868.jpg,3,CMD,8730464b8fd8e3ce,validation
1527122136.jpg,3,CMD,d6c37a04b6a6b526,train
1527129815.jpg,3,CMD,cb263f193a19269e,train
1527255990.jpg,2,CGM,97e16b9e64e0e322,train
1527268117.jpg,3,CMD,d3f14d6d1c15172c,test
1527271851.jpg,3,CMD,d9e61ef8514b6614,train
1527414929.jpg,3,CMD,c8b57ec10fb2415e,train
1527502181.jpg,3,CMD,82ed72833acd2f0b,train
1527543891.jpg,3,CMD,8d2852831fdbec35,validation
1527846790.jpg,3,CMD,c99638e293471fb8,train
1527880193.jpg,3,CMD,90bf6b8c00b7759c,test
1528254413.jpg,4,healthy,f4831c220e7ac7e7,test
1528313299.jpg,3,CMD,d5ec08473f2c21cf,train
1528321401.jpg,2,CGM,9c904b2f246b75b9,train
1528657939.jpg,4,healthy,98b5d6ca8d855656,train
1529139689.jpg,3,CMD,85ee210f72f80ced,train
1529177483.jpg,3,CMD,d8ad761e43982937,train
1529293180.jpg,0,CBB,bc8427c07b89dbe1,test
1529371079.jpg,2,CGM,a8ca501578177f6b,train
1529906734.jpg,3,CMD,dbd23916d38f0d03,train
1530010093.jpg,2,CGM,89fb0ae152c9eeb0,train
1530287457.jpg,3,CMD,ed4993880eb34f33,train
1530647390.jpg,3,CMD,93c5b4d9e999c4c4,train
1530992994.jpg,3,CMD,99ee6b8668a22be4,train
1531006450.jpg,3,CMD,f5e042b46f62a5b8,train
1531293670.jpg,3,CMD,dfa5766827943445,test
1531421103.jpg,3,CMD,d1eb3a76183107da,train
1531777334.jpg,3,CMD,c2e4396aabe60da5,test
153193578.jpg,3,CMD,c3bf76b596c828a0,validation
1532453866.jpg,3,CMD,c4262de9bd8784d3,train
1532462284.jpg,4,healthy,c0c43d3df8b4c387,train
1532615848.jpg,4,healthy,96900b7b0d0cfcf5,test
1532691436.jpg,1,CBSD,95b434b4c9cb8b9a,test
1532725356.jpg,4,healthy,c6b522c0778adacd,train
1533023765.jpg,3,CMD,c19b7692267455f1,validation
1533141306.jpg,3,CMD,b5d3722964da64ca,train
1533215166.jpg,4,healthy,ca9b52586f2c3956,train
1533790946.jpg,1,CBSD,d492232d465efdc4,train
1533935132.jpg,3,CMD,82b4196b663e78f2,train
1533978148.jpg,4,healthy,a8acc8077feae2e0,train
1534401639.jpg,3,CMD,dff728d203a65264,train
1534499442.jpg,3,CMD,90e92b9ce5fa1417,train
1534825646.jpg,3,CMD,991919d19cb8b1bd,train
1534971214.jpg,1,CBSD,889834875df16ef2,train
1535057791.jpg,0,CBB,cc917165dd929ec8,train
1535102624.jpg,3,CMD,995e2603a6ab747a,train
153519337.jpg,3,CMD,9018795abea2eae3,train
1535253333.jpg,3,CMD,c69073ca029ff9c9,test
1535573498.jpg,3,CMD,86d18ae3b0f496ec,validation
1535644192.jpg,3,CMD,d1ec371538c941ed,train
1535887769.jpg,3,CMD,d6ca2ac472ab2c6e,train
1536243516.jpg,3,CMD,a7db19296da103bc,train
1536479398.jpg,2,CGM,8ab27ab3d31123a7,train
1536703688.jpg,2,CGM,89d061c9e73630ef,train
1536737469.jpg,0,CBB,9db6274c2b34e945,train
1536785739.jpg,3,CMD,b386238d4e6a3d87,train
1536954784.jpg,3,CMD,869555c9de5361e2,train
1537091339.jpg,3,CMD,aad475bec0a45475,test
1537095856.jpg,2,CGM,b41b720fd2f46916,test
153749509.jpg,0,CBB,c7874613bd79b141,test
1537596204.jpg,3,CMD,9a0a3b3c75357073,train
1537830611.jpg,3,CMD,e2a3c3f1c8c0d7e4,test
1538341303.jpg,3,CMD,c9bc73577a470845,train
15383908.jpg,4,healthy,80976d614f50e6cf,train
1538926850.jpg,2,CGM,9f44b5ad082e655b,train
1539291518.jpg,3,CMD,969378f061c42f2f,train
1539485289.jpg,3,CMD,b309627a67883d37,test
1539509654.jpg,3,CMD,c9961d327223a57d,validation
1539533561.jpg,0,CBB,cbcc30b0ae9a32cf,test
1539561036.jpg,3,CMD,a1d02eeef306c987,train
1539638666.jpg,3,CMD,d4901fa906521ffd,train
1539758625.jpg,4,healthy,92997b72a9a74e48,train
1539873023.jpg,1,CBSD,c45b31cb87971339,train
1539957701.jpg,2,CGM,85d852b778671cca,train
1540224054.jpg,3,CMD,9ca62d7a0b1d7e42,train
1540424279.jpg,3,CMD,c0a18e5e7f00da77,test
154044716.jpg,3,CMD,d2fbea8eaaa4141c,train
1540564326.jpg,4,healthy,a4c76b3ba14453b9,test
1540668864.jpg,0,CBB,c28c3c56cb8dc717,train
1540809571.jpg,3,CMD,8f9478efe4304a4b,train
1541021369.jpg,2,CGM,c3637f4b141c34d9,train
1541217230.jpg,3,CMD,cdaa34c8534db86b,validation
1541714876.jpg,3,CMD,a0d919f5e00cf69d,train
1541808301.jpg,3,CMD,cdc5b516b0ab2e46,test
1541855978.jpg,3,CMD,84af6f64323bd0d8,train
1541989559.jpg,0,CBB,ae824fbad280bab5,test
1542134810.jpg,3,CMD,83ff00dc7e924e19,train
1542373427.jpg,3,CMD,d6d469ba617244d3,validation
1542437080.jpg,4,healthy,f0ca6d1e6368136b,train
1542540755.jpg,2,CGM,eb807dd7111b0af4,train
1542749471.jpg,0,CBB,8cff119ca190727b,train
1543116157.jpg,3,CMD,b1d25738e96ace30,test
1543608329.jpg,4,healthy,d9d8579fc2c5052a,train
1543649643.jpg,3,CMD,9da37de221b71894,train
1543816901.jpg,3,CMD,c3ba2397718758a3,train
1543963201.jpg,1,CBSD,adc02bc5f4f67070,train
1544151022.jpg,3,CMD,e2f2e2a2baea684c,train
1544234863.jpg,3,CMD,d0a393cd7a36a525,validation
1544883510.jpg,4,healthy,81a46f5d516ecaca,train
1544902048.jpg,3,CMD,d593338b6804db76,train
1544907945.jpg,3,CMD,d643299357a974ca,test
1544970860.jpg,3,CMD,95d87a65171e2473,train
1545303518.jpg,2,CGM,c5652426366f6e63,train
1545341197.jpg,2,CGM,c55e2d52150b55b7,train
1545680937.jpg,0,CBB,d3e15a0e39ce850f,validation
1545947455.jpg,4,healthy,fcba27c82ee108e5,train
1546196527.jpg,2,CGM,d019549f5e4e564e,validation
1546327539.jpg,3,CMD,95f664ad65021e79,validation
1546329958.jpg,1,CBSD,d4b32fd602033f3c,validation
1546491246.jpg,3,CMD,89ab32c66d156aad,test
1546547491.jpg,3,CMD,9ef91c6e6883b1a4,train
1546870332.jpg,0,CBB,95d26cc04b3d525f,train
1546993885.jpg,4,healthy,d41c788fea61764a,validation
154748556.jpg,3,CMD,c79a3d64676a3305,test
1547490615.jpg,3,CMD,de8b6a95a2c11fd0,train
1547777020.jpg,3,CMD,a0f6a8522efa1fc8,train
1548016093.jpg,3,CMD,867936dfd8822574,train
1548022492.jpg,3,CMD,c7b5575a2d0f2225,train
154831470.jpg,3,CMD,d2f07aab23f207a4,test
1548476712.jpg,3,CMD,9731cd26163c3ccd,train
1548688374.jpg,3,CMD,8043752b6f93d3a5,validation
1548736295.jpg,3,CMD,d0dd5a92de054d3a,validation
1548737249.jpg,3,CMD,86f4586f0f6b3861,train
1548749021.jpg,2,CGM,8d537f9a1b9c500d,train
1549044290.jpg,4,healthy,ddc6193ad86aa561,train
1549076418.jpg,3,CMD,d49f0b6458590fec,train
1549198414.jpg,3,CMD,c7c31fba582c884f,train
1549275495.jpg,4,healthy,80ad729c54bf02f7,validation
155007305.jpg,2,CGM,92ed72b44b0f0f38,train
1550131198.jpg,1,CBSD,c6ac09213ee7ab93,train
1550172389.jpg,3,CMD,a847f5735a412eaa,test
1550184448.jpg,3,CMD,c5bf3cbd8cc48c48,train
1550490538.jpg,4,healthy,94b16e0f18fb6f20,validation
1550668897.jpg,3,CMD,ddca48cc6d6ca585,train
1550678454.jpg,3,CMD,e80e6d6049abb95b,train
1551047052.jpg,4,healthy,c9d31e88b0875ef8,train
1551517348.jpg,0,CBB,928badfd178022b7,train
1551557825.jpg,3,CMD,849621bf5f4aab52,train
1551667070.jpg,3,CMD,85ec6496595546b7,train
1551832583.jpg,4,healthy,91ec6f91724b35b0,validation
155187882.jpg,3,CMD,e68b31250e764fd8,train
1551899349.jpg,2,CGM,92e50bc4b252d8ef,train
1552281514.jpg,2,CGM,d38f36c28cf082dd,validation
1552589492.jpg,3,CMD,d1a7873879c8863b,train
1552927795.jpg,4,healthy,c32936ec92bf4d03,test
1552938679.jpg,1,CBSD,c7d0b0d9c7ce050f,train
1553303103.jpg,1,CBSD,def4613b082d25b6,test
1553432639.jpg,0,CBB,d989273278f1a87a,train
1553434915.jpg,3,CMD,cdba6c9512e55278,train
1553566454.jpg,4,healthy,c7c223ce06971f36,train
1553584181.jpg,1,CBSD,d5e846353c734dc2,train
1553664273.jpg,3,CMD,d9b46b8d9c4e65a0,validation
1553800019.jpg,1,CBSD,d8cbc8dc93a1a726,train
1553852817.jpg,3,CMD,c3923b36b46664ec,test
1553857773.jpg,2,CGM,e5eb0a3838bf8383,train
1553995001.jpg,2,CGM,85843e9fd7513a94,validation
1554463892.jpg,3,CMD,941a9b751bd14c9b,test
1554533887.jpg,4,healthy,d0a67cf00749edf0,train
1554538364.jpg,3,CMD,8ce4ede0c9654b55,train
1555288170.jpg,3,CMD,d3586ba3194a2e9d,train
1555809175.jpg,3,CMD,c29f4a70d72b9466,train
1555851966.jpg,2,CGM,a47b276e0ec4d9d0,train
1556143749.jpg,3,CMD,d231668a3cdae696,train
1556262944.jpg,0,CBB,dbbb299359425692,validation
1556372049.jpg,3,CMD,93bc06a49ed897b4,train
1556497496.jpg,3,CMD,82bd693a74d70d25,train
1556505679.jpg,3,CMD,baaa2b623c7819e9,train
155660492.jpg,3,CMD,e00da6c937915b97,train
1556639322.jpg,2,CGM,81a6799dc970d4b6,train
1556779187.jpg,3,CMD,83177e7a50e5f203,test
1556792485.jpg,3,CMD,d683137ac7839395,train
1556861739.jpg,3,CMD,e6e911e73f0f8430,train
1557398186.jpg,3,CMD,9e9464c5bc17a536,validation
1557560086.jpg,3,CMD,c1936d8523cb9ec9,validation
1557580898.jpg,0,CBB,c49a30cc7abe7354,test
1557739195.jpg,3,CMD,9e4d62c88d9426fd,validation
155778794.jpg,0,CBB,94f96ba6d4793442,train
1557930579.jpg,3,CMD,d2ee68096790b0bf,train
1558058751.jpg,3,CMD,b5d15a8e8f84ed60,train
1558078775.jpg,3,CMD,c2e4787971712f83,train
1558103340.jpg,3,CMD,87ca36e56a32a41f,test
1558118745.jpg,3,CMD,d2d4876467b4c2b9,train
1558263812.jpg,2,CGM,8f4c3dc3b094ccea,train
1558649503.jpg,3,CMD,a3071c1237cb8fad,train
155869794.jpg,3,CMD,91c1797e0a7b1c8b,train
1558894441.jpg,1,CBSD,8dc0239dd738cf83,train
1559182493.jpg,3,CMD,f2e32c8f1c48d3f0,validation
1559321663.jpg,2,CGM,92fb31917da15a0e,train
155945117.jpg,2,CGM,8cff05eb7b30910c,test
1559511598.jpg,3,CMD,90e43fce5d9054ad,train
1559834943.jpg,3,CMD,b4956af5518a7cc2,train
1560029412.jpg,0,CBB,f8fd0edaa7015c18,train
1560284085.jpg,1,CBSD,aa8b548fa196a375,train
1560460552.jpg,2,CGM,8d9779cd8c58628d,validation
156080014.jpg,1,CBSD,f5801b1fc38356bc,train
1561140190.jpg,1,CBSD,dddb7cb0200d46ea,test
1561430411.jpg,0,CBB,c2c13c3eb8e9e0ab,test
1561525954.jpg,3,CMD,d8da3b8299825afc,train
1561953146.jpg,3,CMD,c0873a670b9f617a,train
1561961236.jpg,2,CGM,9ed47e24372d1136,train
1561998426.jpg,3,CMD,d397738d2ce88c4c,train
1562043567.jpg,4,healthy,97ae3aa03fba80a6,validation
156209433.jpg,1,CBSD,dee12f8638753252,train
1562342410.jpg,3,CMD,cbd0615e53d698a9,train
1562385019.jpg,3,CMD,ef916e94731c1c4a,validation
1562573948.jpg,4,healthy,e8fb3c29ce0b825c,train
1562902743.jpg,3,CMD,c09f359a87716f90,train
1563376988.jpg,3,CMD,d1db56499d810ece,train
1563395006.jpg,2,CGM,c5b55acf901e0a2f,train
1563449605.jpg,3,CMD,c5855f5e504b839b,train
1563794954.jpg,0,CBB,fc031338eb3ce60d,test
1563897532.jpg,3,CMD,80df7b6c74a8c2d8,validation
1564059407.jpg,3,CMD,91dc774642b8ce87,train
1564066459.jpg,1,CBSD,896556df69a18533,train
1564471090.jpg,3,CMD,d46f3042b56a9e69,test
1564583746.jpg,3,CMD,94f5548fe02edac2,train
1564696319.jpg,3,CMD,e5e26f035933568a,validation
1564717497.jpg,3,CMD,93d235d13aae7981,train
1564779862.jpg,3,CMD,d94b638421f84e9f,train
1565226481.jpg,3,CMD,84eb709cc68f38f4,train
1565317712.jpg,3,CMD,98c27703ddd94743,train
1567568809.jpg,1,CBSD,81981ae9f1698ded,validation
1567877420.jpg,4,healthy,e1e6acb483bb848e,train
1567964165.jpg,1,CBSD,846b6ad6cc2433db,train
1568139691.jpg,3,CMD,c7823c6599074d7d,train
1568245644.jpg,4,healthy,934e618dd2bae712,train
1568304787.jpg,3,CMD,86b4115973b33937,train
1568466149.jpg,3,CMD,8a503d05a9f1eb1f,train
1568487290.jpg,3,CMD,85b96ee8565721c5,validation
156872931.jpg,3,CMD,c8f259e61ac938f2,validation
1569164715.jpg,0,CBB,dde63099969c7492,train
1569193809.jpg,3,CMD,ca9542a937389adb,validation
1569295973.jpg,3,CMD,e1e60681e5a95df8,validation
1569385189.jpg,3,CMD,85a1cbda76de2238,train
1569692154.jpg,0,CBB,96253b96e1b48769,train
1569815719.jpg,3,CMD,8b6556ce13f5025e,train
1570036364.jpg,4,healthy,94a96b93a93e0dc6,train
157014347.jpg,3,CMD,f88f940bb3b405b5,test
1570341270.jpg,1,CBSD,8bb82597b1e6222f,train
1570477723.jpg,1,CBSD,89c363f8ca2d55d2,train
1570642004.jpg,3,CMD,d0f175e4f6dc2448,train
157078263.jpg,3,CMD,850d5ff194f05792,train
1571022.jpg,3,CMD,bfa471a5ada2524a,train
157149350.jpg,3,CMD,d9252e716e879970,train
1571798798.jpg,3,CMD,c9b14eb8718f74d0,train
1571832603.jpg,1,CBSD,dcc84d8f9efe1810,train
1571842886.jpg,3,CMD,80d46eb269fb04b7,test
1572165439.jpg,3,CMD,9158758e33ba86c7,train
1572324066.jpg,2,CGM,94732ee9c03a7ab1,train
1573242622.jpg,3,CMD,9877208c3fe12e6b,train
1573602024.jpg,0,CBB,c9d63c6ae0b83c1d,train
1573629437.jpg,3,CMD,b08785e28bb5de92,test
1573770874.jpg,3,CMD,dfb5003f78025aa7,train
157425630.jpg,3,CMD,d694360b7e316738,train
1574270134.jpg,3,CMD,c70d5e1ec8b6c968,test
1574353431.jpg,4,healthy,87898f494ce37aa3,train
1574893536.jpg,3,CMD,91977b012ac277dc,train
1575013487.jpg,3,CMD,d2d4371776e9050d,train
1575032600.jpg,3,CMD,85996ae44ecb2dac,train
1575114052.jpg,3,CMD,99b12689a6d1cea7,test
1575365407.jpg,2,CGM,8382a3af98a3fac5,validation
1575521049.jpg,1,CBSD,c9f20af125bdb407,train
1575535835.jpg,3,CMD,c65ae544a8b965e9,train
1575734710.jpg,3,CMD,d6b635684b591437,validation
1575866220.jpg,0,CBB,87fc340f4b2c932d,train
1576152560.jpg,3,CMD,990331fd67c66037,test
1576487452.jpg,3,CMD,80ba1fe071c23cf7,train
1576603562.jpg,3,CMD,b4755f65253a30c5,train
1576606254.jpg,0,CBB,cc8d3488f16d0df6,train
157784182.jpg,3,CMD,9689270d4eab67d4,test
1578038494.jpg,3,CMD,986d324b533f186b,train
157840244.jpg,3,CMD,8651c74fe877b124,test
1578495019.jpg,1,CBSD,c0fd2a883c94dece,train
1578564024.jpg,0,CBB,99996aaf52599694,validation
1578702831.jpg,3,CMD,863c58e78e8d50d7,train
15787336.jpg,3,CMD,92bf6fcf1b901250,test
1578879230.jpg,3,CMD,c5f4396eac079949,train
1578897742.jpg,3,CMD,819a3b2e37dce486,test
1578977008.jpg,3,CMD,8d8b7196b03c27c7,validation
157946979.jpg,2,CGM,c5893c78762de564,train
1579515539.jpg,1,CBSD,cfc566a850b558cb,train
1579603853.jpg,2,CGM,dcf86afcf0e46440,train
1579761476.jpg,1,CBSD,d884741fcce5371c,train
1579937444.jpg,1,CBSD,99e6269c9d962565,validation
1580276283.jpg,2,CGM,c1ca7d3212e90dfc,test
1580326648.jpg,4,healthy,9fc362e7c320788e,train
1580406201.jpg,4,healthy,d3c16c1a5329c8fd,train
1580921361.jpg,2,CGM,856bd0ce6d172e92,validation
1580945297.jpg,2,CGM,d0823a9c7cfd80f3,test
1581037788.jpg,3,CMD,c49349a94cd337f1,train
1581083088.jpg,3,CMD,96eb5dc02f9c6017,train
1581140405.jpg,1,CBSD,85ff62a3731a1994,train
1581274070.jpg,3,CMD,968d69f53538c607,test
1581350775.jpg,2,CGM,c284667a2743adfc,train
1581865507.jpg,3,CMD,86d861ec19c33e1f,train
1582056654.jpg,1,CBSD,d4b223a595b5a587,validation
158285525.jpg,3,CMD,a3e9ba4470f47694,train
1582998672.jpg,3,CMD,91ff6140613ff4c2,train
1583439213.jpg,3,CMD,83da383a3c36e3c5,train
1583452886.jpg,4,healthy,98c32277766d69a2,train
1583584265.jpg,3,CMD,94dc3e8fca60a52d,train
1584105518.jpg,4,healthy,8dd93a3a68c2b636,train
1584525423.jpg,2,CGM,c7f83c3e4bd80329,train
1584599134.jpg,3,CMD,d4a9217553f4654e,train
1584698721.jpg,0,CBB,db6c3290858b7eca,test
1585833498.jpg,3,CMD,c6fc748746c346a5,train
1586131534.jpg,3,CMD,c16566ba9e96444f,validation
1586262485.jpg,4,healthy,89fe790526d88fc1,train
1586281099.jpg,3,CMD,c7e8629e88d28b4f,train
1586292581.jpg,0,CBB,c38e1cb77ce422a3,train
1586338305.jpg,3,CMD,89e79e02403f43df,train
158648756.jpg,3,CMD,9486260e60fecdfc,train
1586567598.jpg,2,CGM,96db640d87d43cb8,test
1587009529.jpg,3,CMD,d1d218d05ea9d5da,train
1587173996.jpg,4,healthy,95ebadac46b95412,train
1587349124.jpg,3,CMD,81f86ae78d2b7894,train
1587414196.jpg,3,CMD,c0c36fcb17546783,validation
158743924.jpg,1,CBSD,86963641787f7174,train
1587460202.jpg,2,CGM,cd9e18c630097ebd,test
1587572009.jpg,3,CMD,c4ea28a6f78fc2a1,train
1588046668.jpg,3,CMD,823c42be270dbf4b,train
1588060521.jpg,3,CMD,b1ad406702bf3d9a,train
1588291384.jpg,3,CMD,d9c769272e1d1a89,test
1588493450.jpg,3,CMD,a9b23023caf7e686,train
1588714954.jpg,3,CMD,8c807ec8d9560f5f,train
1589092032.jpg,3,CMD,fde51ef2308564d0,train
1589109993.jpg,1,CBSD,d2ea68c4555837b5,train
1589160306.jpg,3,CMD,e9322da41ec1d17b,train
1589421421.jpg,1,CBSD,8ca83b9b7517169a,train
1589812135.jpg,1,CBSD,9567223e6bcd448e,train
1589860418.jpg,3,CMD,c49332c63cccd787,train
1590087424.jpg,3,CMD,cf99445c170f5cd2,train
1590163332.jpg,3,CMD,c36b6130997cf989,train
1590211674.jpg,2,CGM,9da7734eda1202ab,train
1590215798.jpg,3,CMD,c0c72df88ff4035c,test
159031113.jpg,4,healthy,af22363d68d3d84c,train
1590856402.jpg,2,CGM,e1863cb619b34f26,train
1590942928.jpg,3,CMD,c7f96da718624952,train
1590971714.jpg,3,CMD,d4e13b9127443f1e,test
1591076674.jpg,3,CMD,d8bb691cecd01659,test
1591211160.jpg,4,healthy,b3c51ab569823ee8,train
159163820.jpg,1,CBSD,c0d6671f1a2a8bea,test
1592129841.jpg,3,CMD,cc8724c92d7a23ee,train
1592433413.jpg,3,CMD,81e702de49a4f99b,train
1592499949.jpg,1,CBSD,c5b4ba813ec3e338,train
1592641401.jpg,3,CMD,e4a137e21b33c8b5,test
1592847441.jpg,3,CMD,8ca273a5cef2422f,train
1593035934.jpg,3,CMD,85302fddb41fb129,train
1593185834.jpg,3,CMD,dfac42d122991ade,train
1593413079.jpg,2,CGM,cc896eb055363b3c,test
1593622565.jpg,3,CMD,dba345613bba8551,test
159364760.jpg,3,CMD,c0973fbc2768174c,train
1593671887.jpg,3,CMD,d1bd39e94da941e0,train
1593718763.jpg,1,CBSD,888772b0ce315bf3,train
1594306558.jpg,3,CMD,d90b5bbbacd2031c,validation
1594317361.jpg,3,CMD,95e947347a1aa1f2,validation
1594527839.jpg,2,CGM,d1a631918f2ce33e,train
1595079320.jpg,3,CMD,89b9683d7dcc38c8,train
1595085512.jpg,3,CMD,c43a22d2edc51fb8,test
1595096662.jpg,4,healthy,90632d3a9a4fe764,train
1595141360.jpg,0,CBB,9aad3786c8c9e5c4,train
1595485153.jpg,3,CMD,dda76c4a4b3462b1,validation
1595574343.jpg,3,CMD,9df18759639c4b14,train
1595577438.jpg,2,CGM,8192727b67722b1b,train
1595866872.jpg,1,CBSD,c19631682fbc3c73,train
1595991978.jpg,3,CMD,d9926a398cc49f2e,validation
1596196838.jpg,1,CBSD,c03b3fe4038f365c,validation
1596278382.jpg,3,CMD,ccc6030c87bb77e8,train
1596461528.jpg,1,CBSD,c6952b566c9287a7,train
1596468225.jpg,0,CBB,c0c63e0f7ee15ba0,validation
159654644.jpg,1,CBSD,c27db1c26f919aa2,train
1597235607.jpg,3,CMD,cf906519da2e27ca,test
1597577379.jpg,4,healthy,c6e5396a1338663b,train
1597845268.jpg,3,CMD,908774abe9973e28,train
1598014441.jpg,3,CMD,938e2be6b2c76223,validation
1598087640.jpg,3,CMD,8da37c8eca98d81d,train
1598187662.jpg,3,CMD,84de3e2034a7b79c,train
1598194958.jpg,3,CMD,8e8b6248366fa75c,train
15982075.jpg,3,CMD,d3d762931ab4094f,train
1598320375.jpg,3,CMD,d7e463a016348d5f,test
1598396225.jpg,2,CGM,d89811da5e8e27da,train
1598690693.jpg,3,CMD,ed93408fda79065c,train
1599378224.jpg,3,CMD,89f812e23aa75c3d,train
1599665158.jpg,4,healthy,948933497fdb4986,train
1600011797.jpg,3,CMD,b7d047105f228df6,train
1600111988.jpg,3,CMD,8c511f235c3d75e2,train
1600157246.jpg,3,CMD,94ea4086779335fc,train
1600742587.jpg,2,CGM,859e2bdeb4299ba0,train
1600762531.jpg,3,CMD,d4ea3db46289674a,train
1600900862.jpg,3,CMD,90909bb0d1acf4fe,test
1601382474.jpg,3,CMD,98ec39964d96594d,train
1601545456.jpg,3,CMD,b79ec28e05d4ac56,test
1601560938.jpg,4,healthy,dda124bc05e363bc,train
1601764877.jpg,1,CBSD,89c5653b95a8da36,train
1602157367.jpg,3,CMD,d89921b32b35738d,train
1602254033.jpg,3,CMD,d09366e13e34ec8b,train
1602370906.jpg,3,CMD,b2eb5dd2784b8341,train
1602453903.jpg,3,CMD,9d6ca0724c8df0ee,test
1602542703.jpg,4,healthy,c3c367e4e4f5222c,train
1602599549.jpg,3,CMD,9db34de1720ce153,train
1603012255.jpg,3,CMD,a38977c997246b1a,train
1603130456.jpg,1,CBSD,c26a68f378103dcf,test
1603131722.jpg,3,CMD,d019736522e4de57,train
1603286748.jpg,3,CMD,d7d2f925038691ad,train
16033842.jpg,3,CMD,96982d56de497649,train
1603729463.jpg,1,CBSD,d9f872e0e9d16505,train
1604090930.jpg,2,CGM,96b424b7ada52369,train
1604328731.jpg,1,CBSD,80db6bc5b68372d4,validation
1604513601.jpg,3,CMD,d0cfa2d4d298a5f1,train
1605560939.jpg,2,CGM,9de318252dd8d35a,train
1606256494.jpg,3,CMD,d8e9731aa28352db,train
1606458459.jpg,2,CGM,c3a10bf416afab38,train
1606494561.jpg,1,CBSD,932f2babe6494c0b,train
1606670390.jpg,3,CMD,d38d0c962fa33974,test
1606690131.jpg,3,CMD,85ec723b03c96e65,test
1606801147.jpg,1,CBSD,dec52b5931b4d06a,train
1607087968.jpg,4,healthy,d91e6e39855e9d10,train
160835156.jpg,3,CMD,86f84c2f38cba794,train
160845950.jpg,3,CMD,d8d4312ac6cbdaf0,test
1608599582.jpg,4,healthy,c8b720ff00fa77c0,train
1608836835.jpg,3,CMD,857e7802ad4d7a2b,train
1608857677.jpg,2,CGM,d0b6217fcc0ddbc0,train
1608948365.jpg,3,CMD,804b33eb99f0871f,validation
1609127882.jpg,3,CMD,d8e4871e0dc8d7b2,train
1609948219.jpg,0,CBB,c1cb763566633a32,validation
1610155369.jpg,3,CMD,8a152952d13f5adb,train
1610261213.jpg,3,CMD,f5be6436303da434,validation
1610293163.jpg,3,CMD,ded82db972c2122b,train
1610505683.jpg,3,CMD,dff52a289c09b853,train
1610520050.jpg,1,CBSD,88b30bba296fd44e,train
1610546537.jpg,3,CMD,c39e3ec72cc67430,train
1610632486.jpg,3,CMD,b7c13779c05144bb,validation
1611142189.jpg,3,CMD,c4952fbf7206d8a2,train
1611662564.jpg,4,healthy,c08778b65f50a5f2,train
1611894117.jpg,2,CGM,ccd243cdfad0087e,train
1611948994.jpg,2,CGM,cecedf99109081f6,validation
1612059624.jpg,2,CGM,ccf57c4a68063cd9,train
161212223.jpg,3,CMD,e790e4ea0f55942e,train
1612152421.jpg,3,CMD,edb25eeb8824e330,validation
1612177465.jpg,2,CGM,8ee80b3a65819fe6,train
1612215855.jpg,3,CMD,c1f77da1095369a4,train
1612928638.jpg,2,CGM,8be8728f21de416e,train
1613469030.jpg,3,CMD,d51b21c17a05dfd2,validation
161368789.jpg,3,CMD,8489292d3c7e6df8,validation
1613820742.jpg,4,healthy,99c53e9860d7475a,train
1613859560.jpg,3,CMD,9d304b3334791f99,train
1613876576.jpg,3,CMD,85d8188778f3273d,train
1613918546.jpg,1,CBSD,91f168c1a9be6563,train
1613995728.jpg,3,CMD,8ccf16c53de13ac2,test
161407663.jpg,2,CGM,df847f8c2c2a9c16,train
1614269960.jpg,2,CGM,96c876697650a9b5,train
1614282966.jpg,3,CMD,c5f83a2b78b4c60b,train
1614856846.jpg,3,CMD,ddb54bcf79350a00,validation
1615166642.jpg,2,CGM,d48b2e163b3d161b,train
1615919700.jpg,1,CBSD,8c673a2293f6c99c,validation
1616161207.jpg,3,CMD,c0b92e4bad82f374,train
1616207760.jpg,2,CGM,f1f022f9e4e09695,train
1616411405.jpg,3,CMD,84ad27d612dfda50,train
1616824359.jpg,0,CBB,8e9c392bc3aba8ca,train
1617011317.jpg,3,CMD,86ea6b440df56137,train
1617179127.jpg,3,CMD,ccb2295406db49fe,train
1617366913.jpg,2,CGM,90dbf05aa4dee590,train
1617428825.jpg,3,CMD,83fe7683607317a4,train
1617688706.jpg,3,CMD,d2e2274ef6520af1,train
1617838083.jpg,3,CMD,c5fc334280daaf59,validation
1618183544.jpg,3,CMD,c9f84d36e5946652,validation
1618418212.jpg,3,CMD,d3392dac2a362ee4,train
1618553576.jpg,3,CMD,811f27f61cc71f90,train
1618933538.jpg,3,CMD,8b91675693e0f1a6,train
1618985513.jpg,3,CMD,db54cfc2452c62f2,train
1619107480.jpg,3,CMD,9dc863fc6249674c,validation
1619728520.jpg,2,CGM,dc7e66c36a8016ec,train
1620003976.jpg,3,CMD,c1db3e9219ad618e,train
1620023854.jpg,3,CMD,85e5325b1f542fa4,train
1620145508.jpg,3,CMD,9b6e12cb761f2115,train
1620397384.jpg,4,healthy,969b2ee3cffc8002,train
1620428397.jpg,3,CMD,cda462278349c7de,test
1620448232.jpg,3,CMD,e198038bd6f6998e,train
1620520696.jpg,2,CGM,d8f53b890cc2a6a7,train
1620611886.jpg,2,CGM,93c873f9e45f280c,validation
1620888831.jpg,3,CMD,a6c21bbc599a45b9,train
1620970351.jpg,3,CMD,8b302f2b2655b9ad,train
1621074094.jpg,3,CMD,d993cd115d19b607,train
1621255319.jpg,2,CGM,8093e2c2b7a7d5cc,train
1621362988.jpg,4,healthy,ae8c647d117557d0,train
1621380835.jpg,3,CMD,ad942f5c0d217f85,train
1621817975.jpg,3,CMD,c93a667d2b88b24d,test
1621972953.jpg,3,CMD,afc2703b0ecc07c7,test
1622070201.jpg,2,CGM,94e16ebc62263ae5,train
1622141266.jpg,2,CGM,c8c3ff0cb09d4bc8,test
1622159386.jpg,2,CGM,c1c3e6dcb19ca8b2,validation
1622379223.jpg,3,CMD,d4959c946d6a6c2e,train
162248100.jpg,3,CMD,919830d4f74dcd8d,test
1622560138.jpg,2,CGM,d1d554f5cecc2461,train
1622568975.jpg,1,CBSD,8cba112f7dfc2063,train
1622914804.jpg,3,CMD,c12e5bc2373e285b,train
1623025307.jpg,3,CMD,8596028667eab5eb,train
1623050708.jpg,3,CMD,c8e1335b69b8b1c5,train
1623430367.jpg,4,healthy,c2e663a45a9b6c47,train
1623680984.jpg,4,healthy,c84e3be3161174fa,test
1623777842.jpg,3,CMD,c6f52b0a7dca0a47,test
1624580117.jpg,3,CMD,96d06aa77838272f,train
162460466.jpg,3,CMD,94d3559413ada5b5,train
162469739.jpg,3,CMD,97d16e2d316eb142,validation
1625461178.jpg,2,CGM,87c82d267f0e28f5,train
1625527821.jpg,3,CMD,81147bdac1ee0f3c,test
1626054782.jpg,3,CMD,d49b21a752afb0d8,train
162740748.jpg,1,CBSD,dccc2d69c3133635,train
1627474400.jpg,1,CBSD,94c9f04eb14f4ab5,train
1627704397.jpg,3,CMD,f729cf0718e30fc0,train
1627787371.jpg,3,CMD,8dc66a35772807f1,test
1628667516.jpg,3,CMD,93a650bd4be33a2c,train
1628755791.jpg,4,healthy,ccd04d63319ab5f8,test
1628925501.jpg,3,CMD,90927666851ddf1b,train
1628979950.jpg,3,CMD,919477c9748ec3c3,train
1629130822.jpg,3,CMD,97cd050e47cd63a6,test
1629406213.jpg,4,healthy,b0b4ba9a9a4a1e7a,validation
162947889.jpg,3,CMD,9da2632536c8d0fd,train
1629534694.jpg,0,CBB,c59537709bdb7044,train
1629563382.jpg,2,CGM,c1a36a8d5fe8269a,validation
1629904926.jpg,3,CMD,c0bc7c082eda7b63,test
1630010851.jpg,1,CBSD,98cf37508b8c7ca9,validation
1630082707.jpg,3,CMD,d8e677d92ca11455,train
1630104012.jpg,3,CMD,c7425e2721d6716b,validation
1630304159.jpg,3,CMD,81e31cd37c355ad8,train
1630512666.jpg,3,CMD,94af28bd4e262e99,validation
1630994190.jpg,3,CMD,d88f7dc37613e900,train
1631043565.jpg,3,CMD,88c25b8756b12dfc,train
163120716.jpg,2,CGM,c8c685f6a2157795,train
1631397299.jpg,3,CMD,c36f651632ec391c,train
1631499336.jpg,3,CMD,91ae2883ce19f6d9,train
1631562521.jpg,3,CMD,8a96a5fe72c276a0,test
1631620098.jpg,3,CMD,909f343b2e47ccd2,train
1632014154.jpg,4,healthy,918e383768ff2469,train
1632258226.jpg,3,CMD,ceb1678700fb8e0b,train
163251576.jpg,3,CMD,cc3913fa207ef807,train
1632828715.jpg,2,CGM,c56b1f9b550aa19c,train
1632883265.jpg,2,CGM,f0cf28b5528f6e90,train
1633537888.jpg,1,CBSD,d78c43fed21107f0,train
1633620342.jpg,4,healthy,c09839e0b7b995a7,train
1633652647.jpg,4,healthy,d79a59caa95f0514,train
1633693725.jpg,1,CBSD,812e7f228fd922dc,train
1633836154.jpg,1,CBSD,e6b755426af082a7,test
1633915236.jpg,3,CMD,89ea71962dae4b23,train
1633926971.jpg,3,CMD,c3b426e6ed4f5510,train
1634210078.jpg,2,CGM,d9e536a96628193e,train
1634561629.jpg,3,CMD,ce931267ab95c44e,train
1634585420.jpg,2,CGM,ea9d620cf5ec1c91,train
1634651167.jpg,3,CMD,b2beb8c371e03750,test
1634717334.jpg,3,CMD,c4f069d03eb8971b,train
1634777596.jpg,3,CMD,c7690ef30af4071e,train
1634815405.jpg,1,CBSD,c0ca32e8b763b0bd,train
1634911159.jpg,3,CMD,d0160d1f47316fb9,train
1635058809.jpg,3,CMD,fdbd787848d858c0,train
1635136764.jpg,0,CBB,9c3563dc9865665a,validation
1635220625.jpg,0,CBB,86ca4935e7e4f0d2,train
1635358503.jpg,3,CMD,849c6d261ca8aefe,validation
1635544822.jpg,3,CMD,c4f9e0e7758ae940,train
1635619978.jpg,1,CBSD,9c807773393d8cd4,train
1636292294.jpg,3,CMD,87e66d69716113a6,validation
1636356850.jpg,3,CMD,c3e43fbba46401cb,train
1636938937.jpg,3,CMD,c6d1290576f28dce,train
1637055528.jpg,3,CMD,bd3630c7cdb11a98,train
163705693.jpg,2,CGM,90e44eb36d9d13f0,train
1637510713.jpg,3,CMD,9de263e9843c2ba9,validation
1637512671.jpg,1,CBSD,da9db937d1815381,train
1637611911.jpg,3,CMD,c3be429dad9ac3c0,train
1637773657.jpg,3,CMD,fd5aa41b8450cf74,train
1637819435.jpg,4,healthy,9b5968d4e666b330,test
1638051159.jpg,4,healthy,cc0e7cc6d1a1ae4d,train
1638509786.jpg,1,CBSD,d2e47f322f301b4c,train
1638861203.jpg,4,healthy,c998f26d75362463,train
163947288.jpg,1,CBSD,d02d7cd31f8805f6,train
1639780135.jpg,4,healthy,ccba63db0898b26d,test
1640455749.jpg,3,CMD,a197337166f15668,train
1640474743.jpg,3,CMD,c4276822876e7ed9,train
1640632644.jpg,3,CMD,963b330b8bc250fd,train
1640734047.jpg,3,CMD,809f3ad6d3477c50,test
1640860200.jpg,2,CGM,86e3e2ea2b963626,validation
1641097017.jpg,2,CGM,97f164891e7453e2,train
1641101646.jpg,3,CMD,ac9362676553d370,validation
1641250084.jpg,2,CGM,db5b5b15258b6894,train
1641280501.jpg,3,CMD,d09713362f3520f7,train
1641316249.jpg,4,healthy,c2ca0d7d5226beb4,train
164144958.jpg,0,CBB,978b151e1c1c3bb3,train
16415174.jpg,2,CGM,cfce6e549a4a9684,validation
1641686597.jpg,3,CMD,96b6e6e6783a3830,test
1641786362.jpg,2,CGM,8ad437ed1629b589,train
1642673136.jpg,4,healthy,a5d5faca75a82446,train
16429963.jpg,3,CMD,9e92677d52c20976,train
1643057033.jpg,3,CMD,89f479a994837c78,test
1643137720.jpg,3,CMD,9c8a6e07012977fe,train
1643316247.jpg,2,CGM,d68137b819e734d8,test
1643328543.jpg,3,CMD,c79e30937c919ad4,validation
1643552654.jpg,3,CMD,916113af6c9ea257,train
1643576810.jpg,3,CMD,c84a72916999e33f,validation
1643954108.jpg,3,CMD,d4805aaa7f69b89c,train
1644070487.jpg,3,CMD,80dd7ad44b3d50da,train
1644495428.jpg,4,healthy,ccb33922309d7b2e,validation
1644503085.jpg,3,CMD,fd8c687a9c905bc2,train
1644572365.jpg,3,CMD,cd1153fb23e334a4,train
1644666369.jpg,3,CMD,993d0d674a1c5a5b,train
1645132898.jpg,1,CBSD,90632d947afa6327,train
1645164318.jpg,4,healthy,d0f9a5168f6d3164,train
1645330578.jpg,3,CMD,d4af56e33462c81b,train
16457413.jpg,2,CGM,f7dc28a5a6ac5252,train
1646187978.jpg,1,CBSD,df9c611e1f682545,test
164643516.jpg,2,CGM,996b36d05d50a76a,train
1646856477.jpg,3,CMD,dbe2a1893a9e129b,train
1647523800.jpg,3,CMD,8f1821bed1861e6f,validation
164777077.jpg,3,CMD,d4c13f7c72cb2194,test
164781857.jpg,3,CMD,d46d3b1e0db9c093,train
1647997010.jpg,3,CMD,8ff8823ec034ef89,train
1648069139.jpg,3,CMD,85ff1e257d616038,train
1648200070.jpg,3,CMD,93b434521b776d32,validation
1648593146.jpg,3,CMD,f2f1083ef2c9c994,train
1648724139.jpg,4,healthy,f59d01084f0e7eea,train
1648797663.jpg,3,CMD,d6892576a6a98d8e,train
1648944957.jpg,3,CMD,94037bc41fd8576c,train
1648964823.jpg,3,CMD,d40d7c8665e12c7e,train
1649231975.jpg,4,healthy,808a3ebd78fc9d24,train
1649487665.jpg,3,CMD,84ef60b9769078cb,train
1649500149.jpg,4,healthy,a4ba3ecacc1e847a,train
1649683387.jpg,1,CBSD,9fe854611f17e192,train
1649710736.jpg,3,CMD,87f8097c0d77f901,train
1649961148.jpg,4,healthy,86a93e8ba5b892b9,test
1650008995.jpg,0,CBB,85b5398827b7c939,train
1650247048.jpg,4,healthy,d58a1117b5727a65,train
1650282539.jpg,3,CMD,fcb074771612869e,train
165028458.jpg,1,CBSD,95a76a0c79e294b9,train
1650313956.jpg,3,CMD,cfe04c732b8e431b,test
16503141.jpg,3,CMD,8d873370f4b67a0c,train
1650399375.jpg,3,CMD,bd7046290fa39f70,train
1650474958.jpg,3,CMD,91e72e98461ebdc2,validation
1650753377.jpg,3,CMD,83b7373864c4cecc,test
1651072461.jpg,3,CMD,82bd7c1619edc638,train
1651258605.jpg,3,CMD,d6c473e0162de4e6,validation
1651485372.jpg,3,CMD,d9c04bf70ce2c639,train
1652157522.jpg,0,CBB,c1dc704f57027da5,train
165230387.jpg,3,CMD,d4fa7ab47a4aa421,train
1652379583.jpg,4,healthy,811b7bb5764808ef,test
1652740106.jpg,3,CMD,8a6f358bfc500e2d,train
1652920595.jpg,0,CBB,90dc78710ff8292f,test
1653263130.jpg,3,CMD,cdd831e54af2e8c4,test
1653281533.jpg,2,CGM,cdb324c0c53e70bb,test
1653299890.jpg,3,CMD,90ef242e554fa578,train
1653382438.jpg,2,CGM,99fc162935a2c6ae,train
1653427093.jpg,3,CMD,f4dd410cfd72602e,train
1653502098.jpg,3,CMD,d0e963e63512c7b8,train
1653535676.jpg,3,CMD,cb8f1ef2b01b060f,train
16538618.jpg,3,CMD,c2bf5ba68e2a08cd,train
1654084150.jpg,2,CGM,81e27170bebcf229,train
1654239576.jpg,2,CGM,c0b708a7f866b71c,train
1654274202.jpg,3,CMD,81f931d33346b4e9,train
1654306295.jpg,3,CMD,c3d2fae2e6666460,train
1654334807.jpg,3,CMD,95974fc8c5fc200f,train
1654445556.jpg,1,CBSD,bc69377d02be8246,train
1654448920.jpg,3,CMD,d8dc7cf1361a0317,train
1654496299.jpg,2,CGM,d0e12de47bfc5106,train
1654717395.jpg,1,CBSD,dce727cca5524ae0,train
1654777863.jpg,3,CMD,d3e43f1ee0c8c463,train
1654789179.jpg,3,CMD,d4822ba4679b35da,train
1654830882.jpg,3,CMD,ecc8f431946cf24b,train
1654934257.jpg,3,CMD,d29c64ce21933e73,validation
1655292387.jpg,3,CMD,80bc692c6ec94fa7,test
1655615998.jpg,2,CGM,d1fa2aa14d853d8b,train
1655630395.jpg,4,healthy,ac5306bcd36bb4a1,train
1655898941.jpg,2,CGM,c4b47203eb8b54eb,train
1656012136.jpg,3,CMD,c1347bccf5e30954,train
1656232016.jpg,3,CMD,8e3b76c495426b5a,train
1656608225.jpg,3,CMD,97ac723a1c1acce6,train
1656709823.jpg,1,CBSD,909e335249e6d3cd,train
1657183324.jpg,2,CGM,f58a09454ab9af78,train
1657389394.jpg,3,CMD,f8b8e6910ed839a3,test
1657763940.jpg,3,CMD,924e6996ca720d7d,validation
1657954384.jpg,2,CGM,d0c93dd61fe00778,train
165797964.jpg,3,CMD,d6d3681ce32b0579,train
1658025063.jpg,2,CGM,c5437a7d81b02dda,train
1658205752.jpg,3,CMD,cda725a784a58bc5,train
1658232092.jpg,3,CMD,c9d83659eca59692,train
165826808.jpg,4,healthy,908e39752fc4c86f,train
1658368838.jpg,3,CMD,90f47c6df4982e0e,train
1658413948.jpg,1,CBSD,84996f5c1b4e78d8,train
1658661727.jpg,3,CMD,d35b6149ae6c6474,train
1659081680.jpg,3,CMD,97995a4e5a92a555,test
165934128.jpg,3,CMD,caec7df996c86880,test
1659403875.jpg,3,CMD,940f6c5a4f3a919e,validation
1659810136.jpg,3,CMD,b6ff4a8024c91737,train
1660278504.jpg,3,CMD,9c5c4c7a878f25e1,train
1660311563.jpg,2,CGM,c11827bd4f609e8f,test
166038756.jpg,3,CMD,88b7732e93620da7,train
1660477891.jpg,3,CMD,807f420e3cef5e31,train
1660551148.jpg,3,CMD,c1b67ad26c2417b9,train
1660974563.jpg,3,CMD,c7862c73237c7949,validation
1661096759.jpg,3,CMD,dd130795947b708e,train
1662332092.jpg,3,CMD,82a2a2aee8dcf4f4,train
1662536797.jpg,3,CMD,8ada6c59a07c7267,train
166356403.jpg,4,healthy,e8c7fad99bc08c90,train
1663857014.jpg,2,CGM,8ed25acbe622a95c,train
166410790.jpg,3,CMD,c84572913c3eadd6,train
1664825517.jpg,3,CMD,d4fd02bca890792f,test
1665215443.jpg,3,CMD,c19b3144dde45bb8,test
1665625753.jpg,1,CBSD,84f12c8765b966cb,train
1666000410.jpg,3,CMD,91c72b5f7860436b,train
1666228761.jpg,3,CMD,94b994d43f1d819b,train
1666313319.jpg,3,CMD,953e6db490d8cc8b,test
1666729521.jpg,3,CMD,b3c35ea4008b6cbf,validation
1666732950.jpg,3,CMD,dfb224c00841fefb,train
1666776898.jpg,3,CMD,c1fc151909352fcf,test
166688569.jpg,3,CMD,db3a6a958680e36e,train
1667044637.jpg,3,CMD,9ccb7ee130c30e35,validation
1667294993.jpg,4,healthy,c2bdba66680334d7,validation
1667297797.jpg,3,CMD,c9bc720f3ce10736,test
1667447724.jpg,1,CBSD,c1d937607e362ce8,train
1667487311.jpg,3,CMD,98e26dd20df56436,train
1667611388.jpg,3,CMD,82c215d793f532ae,train
1667719250.jpg,3,CMD,932b2b3c56f61e06,validation
1667727245.jpg,2,CGM,81ff2db378f422c0,validation
1667962035.jpg,3,CMD,bf984be019cd845e,validation
1668160531.jpg,4,healthy,d9c82317cf2b073a,train
1668333063.jpg,4,healthy,d2b83f4c90996c73,validation
1668363819.jpg,2,CGM,d2c32d2c161cdadb,test
1668517699.jpg,3,CMD,a5f243e478253f23,train
1668819589.jpg,3,CMD,9363386272bb58b6,train
1668838224.jpg,0,CBB,9292789995191f7b,train
1668873896.jpg,4,healthy,c2a679fd6aca1a60,train
1669079665.jpg,3,CMD,8aba7af8a856299a,validation
166936595.jpg,3,CMD,8d862f8e2ee88a5d,train
1669524287.jpg,3,CMD,949e214aec925bde,test
1670109260.jpg,3,CMD,8377794a6e611a39,train
1670109351.jpg,4,healthy,d996699e53983853,train
1670353820.jpg,3,CMD,de1a78602cbd661e,train
1671511517.jpg,3,CMD,baf97a5278696448,train
1671586011.jpg,3,CMD,96c866b29e28e579,train
1671607794.jpg,3,CMD,d20a2f5259286dfe,test
1671701546.jpg,3,CMD,8c0d37a37324b2f5,train
1671790599.jpg,3,CMD,95ac7ed467260ce4,test
1672107115.jpg,3,CMD,d3fa29d8ef4cc006,test
1672251151.jpg,4,healthy,c0f52e6f30415b4f,train
1672278080.jpg,1,CBSD,91966e7971628e9c,train
1672572883.jpg,3,CMD,c6b117607f95680f,train
1672763395.jpg,1,CBSD,95e262d0eeb9a2d4,validation
1672808883.jpg,3,CMD,9e46a16c2a96e46f,train
167313296.jpg,0,CBB,88f43cd959cd6692,validation
1673505213.jpg,3,CMD,9ec27cf407ac508f,train
1673586236.jpg,1,CBSD,fcc433f489ad5452,test
1673670656.jpg,3,CMD,c1c987f86f514c69,train
1673707752.jpg,3,CMD,dec4218ccb6c5f19,train
1673785901.jpg,1,CBSD,a7cd15191fa2ccd1,train
1674248048.jpg,3,CMD,d3ec58a16791a07b,train
1674288573.jpg,0,CBB,8091073f52b67fa6,test
1674789285.jpg,3,CMD,d5fc1a8f68d358c0,train
1674852980.jpg,3,CMD,91c9782a075d6737,train
1674922822.jpg,3,CMD,8f9c7c136835d329,train
1674972630.jpg,2,CGM,9bb1662cc3ba4754,train
167516751.jpg,3,CMD,91234dd9abc625e6,train
1675302726.jpg,3,CMD,9e20613769de7c19,train
1675424931.jpg,2,CGM,ac78fc3106350bfc,train
1675758805.jpg,3,CMD,9c427cd38a63d6b4,validation
1676052292.jpg,3,CMD,85b055e57863e38d,train
1676410549.jpg,4,healthy,9f991ed7030dc661,test
1676416724.jpg,3,CMD,d1a40f280fce71d7,train
1677019415.jpg,1,CBSD,cdd94aa4fa02bea2,train
1677224730.jpg,0,CBB,95d669a43cab8653,train
1677241180.jpg,3,CMD,93a4d2b0dff2a494,train
1677293080.jpg,3,CMD,cde666b952991d14,test
167737028.jpg,3,CMD,c0aae8e27e86539b,test
1677822348.jpg,3,CMD,985c6c9187f66d64,test
1677901945.jpg,4,healthy,ac8751dea20f98d6,train
1678311318.jpg,0,CBB,98c5426ee3793ce2,validation
1678515454.jpg,3,CMD,d5453fdf434850b8,train
1679058349.jpg,3,CMD,80dc7eb8398915d7,train
1679233615.jpg,3,CMD,8297d42d695a9ed8,train
1679578972.jpg,4,healthy,d99a5f4d914934a9,train
1679630111.jpg,3,CMD,8fa567c009fd3a13,train
1679984529.jpg,4,healthy,88ab2da451d72bab,train
1680419623.jpg,3,CMD,978778b272cf025a,train
1680657766.jpg,2,CGM,c08e39ef4fd1889a,train
1680665967.jpg,1,CBSD,cd987ec437a3c891,train
1680873912.jpg,1,CBSD,8c73771ea8331a2b,train
1681135049.jpg,1,CBSD,856a6d513eb91b0e,train
1681274509.jpg,4,healthy,d2c2d0dfcac99296,train
1681299084.jpg,2,CGM,e7d187dc189be061,train
1681406227.jpg,3,CMD,98e86dd28c695b96,train
1681477511.jpg,3,CMD,92f1469ce3a238f3,train
1681516442.jpg,3,CMD,9e59976968a4bd18,train
1681772018.jpg,0,CBB,d9871e1972632f2a,train
1681857148.jpg,3,CMD,9bd8672438f158c7,train
1681870456.jpg,1,CBSD,97c86ef470525b0b,train
1682299649.jpg,3,CMD,c4db65fc720d5603,train
1682355627.jpg,3,CMD,859c06e3b6a6e5c3,train
1682790213.jpg,1,CBSD,948c4bcae334f83e,train
1682859600.jpg,2,CGM,cfb46a27314c2e2b,train
1683319632.jpg,4,healthy,90ec19fa55e4d29c,test
1683413272.jpg,4,healthy,b4ea31ada2258f6a,train
1683556923.jpg,4,healthy,d2eb6cd358a8341e,train
1683677421.jpg,1,CBSD,a04d961976e2ed55,train
1683735177.jpg,3,CMD,853633a738a19ebc,test
1684427056.jpg,3,CMD,d4cc52fcead0614b,train
1684430173.jpg,1,CBSD,88b50b7e71867d91,train
1684862826.jpg,3,CMD,95c26c9ee4cb2ae1,train
1685008458.jpg,3,CMD,8c9f3702f8a1e6d4,test
1685392765.jpg,4,healthy,92c3b2959bf2839c,test
1685677129.jpg,4,healthy,81872cee6f25171b,train
1685687504.jpg,3,CMD,f08351ea3ea6789a,train
1685786396.jpg,3,CMD,8d582bb45f3c8a39,train
1685873117.jpg,4,healthy,d12f359446bd3564,train
1686082281.jpg,1,CBSD,8ac331f934672d65,train
1686186154.jpg,3,CMD,c8d21a5b3b45af61,train
168657905.jpg,4,healthy,8dd04efb404e76f0,train
168669351.jpg,2,CGM,acac4126eb9a9f43,validation
1686888779.jpg,3,CMD,a7df39b0e1658a88,train
1687061748.jpg,3,CMD,83955ce894dad56c,validation
1687247558.jpg,4,healthy,87354c7298af746c,train
1687514090.jpg,3,CMD,c5f34a8d349aa974,train
1687852669.jpg,4,healthy,90d67167767b0817,train
1687942167.jpg,3,CMD,fecdd1d0107d1525,validation
1688388949.jpg,3,CMD,d7b605894adad0ec,test
1688398046.jpg,4,healthy,84fb6d810b6e354b,train
1688478980.jpg,3,CMD,c4e0c7e48d8ff4c4,train
1688485614.jpg,4,healthy,c8ba2cf933e15f04,train
1688625660.jpg,4,healthy,bf70977513730813,train
1688738629.jpg,2,CGM,81bd67e94c259cb2,train
1688759248.jpg,3,CMD,83897a9159471d77,train
1689108113.jpg,4,healthy,c1c763c17171d972,train
1689119367.jpg,3,CMD,803f62bb98c77136,test
1689265715.jpg,3,CMD,948b52b725af07aa,train
1689510013.jpg,1,CBSD,b30f0ded0e98704f,test
1689577139.jpg,3,CMD,9aeb3607669660ad,train
1689595763.jpg,3,CMD,c41f1ba533e824db,validation
1689724096.jpg,3,CMD,d28d2fd2c98927e4,train
1689830354.jpg,3,CMD,90197876b3b11c5f,train
1690276814.jpg,3,CMD,94820b671cf7f392,train
1690277956.jpg,1,CBSD,c0e003f2dd8cfe1d,train
1690305793.jpg,1,CBSD,b5f44a2b252d2f38,train
1690581200.jpg,3,CMD,96e6f3e958980696,train
1690643039.jpg,3,CMD,d5ce7483435a1ae6,train
1690647938.jpg,3,CMD,ce87833964ec6c1e,train
1690665050.jpg,3,CMD,949c9b0b294367d7,test
1690697173.jpg,3,CMD,c09e27867a10bdfa,validation
1690716668.jpg,3,CMD,8fd276c712311ea6,train
1690802483.jpg,3,CMD,9593233a74dcd8a3,validation
1690972794.jpg,3,CMD,c5da047aa5c57b83,train
1691276389.jpg,3,CMD,f8a1a88ee058e3cf,train
169145266.jpg,1,CBSD,90f027876733f159,test
1691598037.jpg,3,CMD,d2d6d39aba323434,train
1691647530.jpg,4,healthy,89f17f3cf8208387,train
1691850232.jpg,4,healthy,b6cd3e955f096016,test
1691885163.jpg,2,CGM,89c6361963df1f14,train
169189292.jpg,3,CMD,cfce20a06d536a67,validation
1691917983.jpg,3,CMD,9ccb38d66a251a9e,train
1692621028.jpg,0,CBB,cdb17609255a876b,train
1692979683.jpg,3,CMD,81675e76c11c3dca,train
1693341190.jpg,3,CMD,9c1c666be67c11f0,train
1693936158.jpg,3,CMD,d1e4599b0f1b96e0,train
1694074623.jpg,3,CMD,966c277735954e88,train
1694314252.jpg,3,CMD,c6da02e73cb65368,train
1694570941.jpg,4,healthy,d4f183127b3cd54a,train
1694968228.jpg,3,CMD,c6bd67c8903a5f42,train
1694999394.jpg,3,CMD,82f8f94140f0fc3f,train
1695184578.jpg,4,healthy,90c918533e5073ff,train
1695222619.jpg,3,CMD,cdcc7a7fb08185a1,test
1695222952.jpg,2,CGM,c6eb3ab7295ca490,validation
1695252882.jpg,3,CMD,86de23d767d80632,train
1695265932.jpg,3,CMD,c0d82e27b516877b,train
1695268361.jpg,1,CBSD,877867cbb0245fa1,train
1695533012.jpg,3,CMD,96170edd9a0b631b,train
1695601618.jpg,4,healthy,9abae4dc15472c2d,test
1696170421.jpg,2,CGM,c5432ebd51b5b298,test
1696213009.jpg,3,CMD,a0123b7d73e73149,test
1696348486.jpg,3,CMD,962424f725ddf069,train
1696364421.jpg,2,CGM,91272a8f481ef766,train
1696401530.jpg,3,CMD,d5d64d877669025a,train
1696513879.jpg,3,CMD,87b3b3a1b3d2c4c8,validation
1696535183.jpg,4,healthy,81ff60806f271ee5,validation
1696821568.jpg,3,CMD,d33121742dda267e,train
1697122066.jpg,3,CMD,91d57d680e67f038,train
1697161067.jpg,0,CBB,9bc77841c0dca70f,test
169725143.jpg,3,CMD,d9653bf1063a7056,test
1697663817.jpg,1,CBSD,80fd7ec2389669e8,train
1697686420.jpg,4,healthy,c08f331c66e1eca7,train
1697815445.jpg,3,CMD,c1b72f50674ba985,train
1697842534.jpg,3,CMD,dce46b99b4606b07,test
1697848076.jpg,2,CGM,da91367b009c79f2,train
16980960.jpg,3,CMD,986e848867cce7a7,train
1698108894.jpg,3,CMD,dd83892cd9b514d9,train
169839003.jpg,3,CMD,96c94b9175bc59a2,train
1698429014.jpg,2,CGM,c52142f9c867b64f,validation
1698435462.jpg,1,CBSD,d7a9161864185fbb,train
1698641308.jpg,4,healthy,d78428b0b9f0d4b7,train
1698873307.jpg,1,CBSD,80d259fcf9a45399,train
169937848.jpg,3,CMD,8cc95e926127f699,train
1699723867.jpg,3,CMD,89f170f1e191f9d0,validation
1699816187.jpg,3,CMD,c6817737a8dd6226,train
1699999256.jpg,1,CBSD,d67278f21a1d4a8d,test
1700321410.jpg,3,CMD,f5b0629b4ccd34d2,train
1700324452.jpg,0,CBB,91924e3d71e6e6c4,train
1700559021.jpg,3,CMD,96d342f4dd959990,validation
1700592380.jpg,3,CMD,948d79334ed65643,train
1700812370.jpg,0,CBB,84cc34647fb78317,train
1700900480.jpg,3,CMD,d4ca2b3dcee122aa,train
1700921498.jpg,3,CMD,879c6d734b6b6406,train
1701525099.jpg,3,CMD,d8b1281cd1cff8e4,validation
1701785605.jpg,3,CMD,8d9c1c3d7861ca5d,train
1701889907.jpg,3,CMD,96846f96217e0de3,test
1702003432.jpg,3,CMD,df1127f3d9a5008b,train
1702068619.jpg,0,CBB,91996c666c6aa9e9,train
1702090712.jpg,3,CMD,c7971b8658e0ec47,train
1702253388.jpg,3,CMD,ad6fbcbe9c060223,train
1702300197.jpg,4,healthy,81dc64a5eec72996,train
1702776814.jpg,3,CMD,d49c2dced0f8d0d2,train
1703114897.jpg,3,CMD,fba754ca0dd494d0,train
1703248268.jpg,2,CGM,b398b8998aa7b398,train
1703457168.jpg,3,CMD,e5d174c9160f3b98,train
1703537552.jpg,3,CMD,8ccd0f9e947e3462,train
1703538353.jpg,3,CMD,89ef6c06c2b1bb49,train
1703598406.jpg,3,CMD,934d63a5b2ac55e8,test
1703706380.jpg,3,CMD,99e55e1a3d14e073,train
170454519.jpg,2,CGM,8cf00e6718ee3b56,train
1704757491.jpg,3,CMD,93ed54d085bdf032,train
1704903171.jpg,3,CMD,8b0b3e41d33abec2,train
1704973107.jpg,3,CMD,fcca0c473bc652b1,train
1705452197.jpg,3,CMD,d1c875cee89845ad,train
1705724767.jpg,3,CMD,81ae44af38772ccd,train
1705847181.jpg,3,CMD,903c7cb15feb02e8,validation
1705904234.jpg,3,CMD,b38c334f6a62c2cb,train
1706070292.jpg,4,healthy,c2f06357b9c88697,train
1706377266.jpg,1,CBSD,c6293a99776416ba,train
1706555718.jpg,2,CGM,d953397a44a5bca2,train
1706671174.jpg,1,CBSD,82a538aadeb0a6f6,validation
1706796288.jpg,3,CMD,c1132b5b2b8fb529,train
1706807152.jpg,3,CMD,b1cd6c330637992e,test
1707820452.jpg,4,healthy,818a789c46d3baee,train
1707981627.jpg,3,CMD,83d8419cf0b35d79,train
170814157.jpg,2,CGM,a7902199d0e74ff8,train
1708272304.jpg,3,CMD,d5d15e0f62842d9d,validation
1708591810.jpg,3,CMD,84d77aac39e0ac99,test
1708593214.jpg,0,CBB,d4f474f491d59194,train
1708635198.jpg,2,CGM,975a79600f8c7137,test
1708791164.jpg,3,CMD,88d14d1b76673476,validation
1708792236.jpg,2,CGM,9ebb7730cc6c4813,train
1708910636.jpg,4,healthy,d3fa49aa2455e90e,train
170892269.jpg,4,healthy,8d5f238d9ad04d8e,validation
1709404074.jpg,4,healthy,cdbcd1832c11d37c,train
1709443342.jpg,3,CMD,9bee1a1a2cc23bd2,train
1709532390.jpg,3,CMD,86e87a25334e4cde,train
1709691411.jpg,0,CBB,91f1243e6f451b2b,train
1709988412.jpg,1,CBSD,d1952cecc1d0e4ed,train
1710044268.jpg,2,CGM,cca8396db70f7c08,train
1710141570.jpg,3,CMD,fb9007f40788bd53,train
1710187645.jpg,2,CGM,c5d525a535c535ac,train
171026079.jpg,2,CGM,964a7aa827c7569c,validation
1710665856.jpg,3,CMD,c7964ca9a8db7285,train
1710700756.jpg,1,CBSD,849e70a77ff26680,train
1710828726.jpg,3,CMD,aea124950c3ff52b,train
1711244110.jpg,1,CBSD,d0f33360238ef4c7,train
1711803773.jpg,1,CBSD,cde77c3b0c892235,test
1711838012.jpg,3,CMD,83d85475952bf81e,test
1712068779.jpg,3,CMD,91f06cce3fcc2607,test
1712337902.jpg,3,CMD,96d5438d21abb966,train
1712397585.jpg,1,CBSD,e3c50c8fef44860f,train
1712458333.jpg,2,CGM,ac9a6adc528e1ba3,train
1712805260.jpg,3,CMD,cdca43057672b8cb,train
1712961040.jpg,2,CGM,d6f048e9731742cb,validation
1712982546.jpg,3,CMD,8b8e2d835bf93c18,train
1713403658.jpg,1,CBSD,878b785305786d7a,validation
1713444587.jpg,2,CGM,85ac26a7a796e3c4,test
1713466789.jpg,3,CMD,9f394d22509f6ae1,validation
1713497934.jpg,3,CMD,c6c011dd63b3a4cf,train
1713705590.jpg,3,CMD,84e31fe81c0af3b3,train
1713720885.jpg,3,CMD,d7da4ba1c08b8bcc,train
1713912139.jpg,3,CMD,9d877271c34c386b,train
1713912382.jpg,3,CMD,c89f07f85c899d1a,train
171434140.jpg,3,CMD,c1ce3ee70f312a64,validation
1714436989.jpg,3,CMD,ddf935541494a1ad,validation
1714696851.jpg,1,CBSD,cbf461f193a316c1,validation
1714701345.jpg,1,CBSD,a1a0a0a0b5767f77,train
1714717170.jpg,3,CMD,e5f361e662cd441c,train
171546937.jpg,0,CBB,c4873ae485db2ab5,train
1715574145.jpg,3,CMD,c2ca73a748669cda,train
1715814415.jpg,4,healthy,c1ffc4d101c9afa4,train
1716118009.jpg,4,healthy,f0823f9d50e619b9,validation
1716221789.jpg,3,CMD,e9c49acfd30f1909,train
1716263265.jpg,3,CMD,ec9d43b049754ab9,train
1716516140.jpg,3,CMD,d5680d7db28617d8,train
1716624232.jpg,3,CMD,d2857baad45423b6,test
1716638560.jpg,3,CMD,c3a738d30d4f7644,train
1717015793.jpg,3,CMD,d0fb0e5c171d3b05,train
1717047149.jpg,2,CGM,98b766893b134f92,validation
1718223523.jpg,2,CGM,c4aa1bca2aad3ba5,train
1718466137.jpg,3,CMD,c0073881fbea0fdb,train
1718658976.jpg,0,CBB,99595ef121ee15a8,validation
1718703431.jpg,3,CMD,b9aea384032efee0,train
171905879.jpg,3,CMD,cc3346dc3e58f344,test
1719304067.jpg,3,CMD,958567e4e2c0f3b2,train
1719645709.jpg,3,CMD,9491689f8ee2719b,train
1719831117.jpg,3,CMD,862d71234d56f2f2,train
1720006806.jpg,3,CMD,84ea6b4fd698c613,train
1720212686.jpg,0,CBB,97967a3a63e24e0c,train
1720237817.jpg,3,CMD,da063888f4e95bec,train
1720351409.jpg,3,CMD,f9b9ab3bf4c050c0,train
1720615877.jpg,3,CMD,d4fb2502cbdd5223,train
1720653126.jpg,3,CMD,a8e398d778bc6328,validation
1720740860.jpg,3,CMD,c11b3572719ec64b,validation
1720773250.jpg,2,CGM,8cc24f47c5cbe9a1,train
172123475.jpg,3,CMD,d7b73f0e2c4ae090,train
1721634086.jpg,3,CMD,8683685ab209f3fd,train
1721767789.jpg,3,CMD,d1e12c59e3976435,train
1721889897.jpg,4,healthy,95f1711e1e531aa9,train
1722033032.jpg,2,CGM,c19535f628bd605d,train
1722126168.jpg,0,CBB,9bcd28707106d6db,test
1722175051.jpg,0,CBB,a5d25ebc4d0827e5,test
1722184743.jpg,3,CMD,d580073e3678f9e1,train
1722781074.jpg,3,CMD,90ed2ede42217ae9,train
1723001945.jpg,3,CMD,ce05123b38bb74cd,train
1723081246.jpg,3,CMD,f1a70754f06849ed,train
172324679.jpg,3,CMD,8c616a7f0f34cd31,train
1723407805.jpg,3,CMD,9b5152bb9126b565,train
1724389258.jpg,3,CMD,90dd789ba1061eb7,train
1724663202.jpg,1,CBSD,cd926e077006f70f,validation
1724697986.jpg,3,CMD,c926706273a9b78e,train
1724843600.jpg,1,CBSD,8afd35d2810cd7a6,train
1725548375.jpg,1,CBSD,b2eee9ac445c5b28,validation
1725598881.jpg,0,CBB,8eceefe6e4e03220,train
1725925773.jpg,3,CMD,acce1b3803390b7f,train
1726153.jpg,3,CMD,c6d030f163efac38,train
1726210111.jpg,3,CMD,9bb96d7240636e54,train
1726413571.jpg,3,CMD,94b36e9509f84b5c,validation
1726536780.jpg,1,CBSD,d01c23fee81371cd,train
1726632514.jpg,4,healthy,88f1f4c31f272bd0,validation
1726694302.jpg,1,CBSD,80c7a3419cbecf47,train
1726783807.jpg,3,CMD,f3a548c87059cbe9,train
1726848787.jpg,3,CMD,da9c4990ff074672,validation
1726864717.jpg,3,CMD,cdd4642a85d27d17,validation
1727010338.jpg,3,CMD,807fd8c456b07d35,test
1727150436.jpg,1,CBSD,94af381a18abd74b,train
1727205281.jpg,1,CBSD,84706aa7eb8596ab,train
1728004537.jpg,3,CMD,b7cb1e2608ba71c3,train
1728159331.jpg,3,CMD,91b70997e31992e3,train
1728214886.jpg,4,healthy,e4d6b3d9b47090a6,test
172872674.jpg,4,healthy,cc462bb552e97474,train
1728913525.jpg,3,CMD,c0877c833743b2e7,validation
1728958527.jpg,3,CMD,bc10813c5a7f37f0,test
1729214658.jpg,3,CMD,f3a30e9e24c921ee,train
1729567337.jpg,3,CMD,c0bc66937a8cf49c,train
1729679057.jpg,3,CMD,d887033aaf5ca1d3,test
1729836525.jpg,4,healthy,d196b248cdfe0ba1,train
1729891245.jpg,4,healthy,c3ce31055ee9f630,train
1729916379.jpg,3,CMD,c4d97fe13cf00585,train
1729933638.jpg,1,CBSD,d9f179d2150fd118,test
173019618.jpg,1,CBSD,c9647cc08e5f6996,train
1730472510.jpg,3,CMD,d5a134bc38c9664f,test
1730516728.jpg,3,CMD,89c30f717860c3fe,test
1730671477.jpg,2,CGM,d79c27c14fb66038,train
1730809974.jpg,3,CMD,960c68e63ff05659,train
1730829210.jpg,3,CMD,cabc576b3a9481e8,test
173084709.jpg,3,CMD,d4d963b9d80347a5,train
1731074532.jpg,3,CMD,c2677871d3a968a6,train
1731218937.jpg,4,healthy,d3ad725e6d020fc1,train
1731589806.jpg,2,CGM,ede541424aeead15,train
1731591176.jpg,3,CMD,c3f80e247d8aba55,validation
1731652110.jpg,0,CBB,9cd86abd162f58c8,validation
1731777849.jpg,3,CMD,d3ad46914a9d178d,test
1732173388.jpg,2,CGM,97f91e0731989467,test
1733285805.jpg,3,CMD,cee76aa7060a3d1c,train
1733293864.jpg,4,healthy,d1ce336c51546b87,train
1733354827.jpg,3,CMD,c8c0677db306d31b,validation
1733437484.jpg,1,CBSD,cd9d6133582eae83,train
1733574271.jpg,0,CBB,8ad239d6147752ec,train
1733650338.jpg,3,CMD,d421316727cf2e9c,train
1733797276.jpg,3,CMD,d21f22b4c9bb2dd0,train
1734198747.jpg,4,healthy,8dc47ea9349ae352,validation
1734332908.jpg,3,CMD,c03e6ba98dd6b268,train
1734343224.jpg,3,CMD,c48529e11befa365,train
1734625164.jpg,4,healthy,93d2804a1f3f1bb5,test
1734635287.jpg,1,CBSD,c7922df4d89be0e0,train
1734980168.jpg,3,CMD,c8ae1be635715195,train
1735461481.jpg,3,CMD,99964428f25ef9e2,test
1735806494.jpg,3,CMD,87cb326b709ec562,test
1735812813.jpg,2,CGM,ac803b4f74615d9e,train
1735838200.jpg,4,healthy,9eeb669c35471c12,validation
1735911943.jpg,3,CMD,9856d83e588d672d,train
1736063036.jpg,1,CBSD,82a26d9d46e66af2,train
1736448195.jpg,3,CMD,c1ee33313b854b2e,train
1736753003.jpg,3,CMD,9792710f0ed725c6,train
1736794140.jpg,3,CMD,e19a6f7487e81cc1,train
1737101644.jpg,3,CMD,d2ac4856098fd65f,test
1737140400.jpg,3,CMD,960f4db95247660f,train
1737267770.jpg,3,CMD,94a706c038737f5b,train
1737731640.jpg,3,CMD,a77ec86ca9b0e81a,train
1737787955.jpg,2,CGM,96a9775209957663,train
1738300004.jpg,3,CMD,c311760eb7e3388e,train
1738309261.jpg,3,CMD,c11e6c378ce17ec4,train
1738379259.jpg,4,healthy,89fc2e5121657575,train
1738486580.jpg,3,CMD,93a32b4c1d0cddce,test
1738493952.jpg,3,CMD,c1851ef00fd639b5,train
173849826.jpg,2,CGM,8773727c09035b9e,validation
173864450.jpg,4,healthy,86f04f8db0393c1f,train
1738664148.jpg,3,CMD,8fadb3ae8c1207d2,train
1738922613.jpg,4,healthy,c39575dade0420bb,train
1738923752.jpg,3,CMD,958e15992365c3de,train
173970359.jpg,3,CMD,91da33a23fc85a9a,train
1739769852.jpg,4,healthy,80862897f5f2d6f1,train
1739864126.jpg,0,CBB,d55b1a3df1207392,train
1739927380.jpg,1,CBSD,d0064a3f7e1ab91d,train
1740009337.jpg,3,CMD,831d7d5a19597748,validation
1740309612.jpg,0,CBB,8acb6535188fa7a5,train
1740920965.jpg,4,healthy,c6cc50b50bbe23f8,train
1741040717.jpg,3,CMD,f0cc20ca596ad7f1,train
1741218848.jpg,3,CMD,95d26f8753201aee,test
1741280523.jpg,4,healthy,928937e497e93aa4,validation
1741376467.jpg,2,CGM,e9a411e4ba5b5e54,train
1741630532.jpg,3,CMD,a5ad2409bc6b7969,test
1741717414.jpg,3,CMD,d1176c6ee2123e39,test
1741733319.jpg,3,CMD,95be6f200dea290f,test
1741967088.jpg,1,CBSD,8913672939d30eee,train
1742176204.jpg,4,healthy,9ec0177764ab6b24,train
1742301779.jpg,3,CMD,c7d27097984742bd,validation
1742577846.jpg,3,CMD,f4fb3015ef0e6884,train
1742921296.jpg,2,CGM,99d22faea6b11705,test
1743033739.jpg,3,CMD,c7953c6e3804476f,train
1743119913.jpg,4,healthy,d38406a31f055f7e,train
1743903247.jpg,3,CMD,e67f251443569a8d,validation
1744118582.jpg,3,CMD,80a323fb6938b477,train
1744132907.jpg,2,CGM,8a8f6aa9c8be3638,train
1744145648.jpg,3,CMD,9de64329036e63e5,validation
1744149423.jpg,3,CMD,802b7eb27c84dc5e,train
1744206889.jpg,4,healthy,938dfc632d3aa41c,train
1744706562.jpg,3,CMD,8dd702c3d1f3ca4c,train
1745213235.jpg,2,CGM,d483237e3296b6b2,train
1745296302.jpg,3,CMD,dcf16661c390a4e7,train
1745363268.jpg,3,CMD,a515708f5aad0be3,train
1745437875.jpg,3,CMD,d6a13cf2c936544d,train
1745650066.jpg,3,CMD,e7a774ad1a4011ed,train
1745700317.jpg,3,CMD,86de33418c6ccb4f,train
1745709120.jpg,3,CMD,94c12bbc27cc7699,test
1745794549.jpg,3,CMD,b8829fa23bbc24ec,train
1745816126.jpg,4,healthy,a592441ebd2eeaaa,train
174581727.jpg,3,CMD,93ac3b3c985d6466,train
1746609876.jpg,3,CMD,d88532ca36e1ebb8,train
174674584.jpg,3,CMD,d4833edb3e8861d4,train
1747122718.jpg,1,CBSD,bb4d610516160fbf,train
1747233628.jpg,3,CMD,90c764259ecfc48f,train
1747286543.jpg,3,CMD,e8920fcd79cc0e56,train
1748020549.jpg,3,CMD,d1cb2fbc124920fd,train
1748078047.jpg,2,CGM,d495384532f4cff0,validation
1748255784.jpg,3,CMD,9bf565236325470e,train
1748314267.jpg,2,CGM,d2f63801b9e86cae,train
1748426485.jpg,3,CMD,c8cfc4f3b2a12d0d,test
1748519439.jpg,1,CBSD,80b73fa0075ef907,train
1748719005.jpg,4,healthy,876e3426afc3871c,train
1748736527.jpg,3,CMD,a3973c6309f74919,train
1748981350.jpg,4,healthy,94b0427d3f0f9c74,train
1749259802.jpg,3,CMD,c4ee63956992cb25,train
1749530371.jpg,2,CGM,96f92c9a67453136,validation
1750580369.jpg,3,CMD,89c6694f62dd62a3,train
1750763627.jpg,3,CMD,d0b537684fde0698,train
1750854895.jpg,3,CMD,87d4537228e57e16,train
1750963666.jpg,0,CBB,c917735b879da441,train
1751029526.jpg,3,CMD,831175900d7d3e6f,train
175171305.jpg,4,healthy,d7803f014c937fb4,train
1751949402.jpg,3,CMD,caa9373d72c1c42b,test
1752152470.jpg,1,CBSD,cdc43692d1371ed1,train
175215603.jpg,3,CMD,87fe5781506ae1e2,validation
1752260817.jpg,3,CMD,82772fe25cbaa09c,train
1752419587.jpg,3,CMD,9ce718e563bc641a,test
1752487129.jpg,3,CMD,c1f41b661bbcc847,train
1752693374.jpg,0,CBB,ab9125d754249f96,train
1752948058.jpg,3,CMD,c1343837f67ec8c4,train
175320441.jpg,3,CMD,c8c6573a7729313c,train
1753297943.jpg,4,healthy,c9960c1b36cd9f1a,train
1753325672.jpg,3,CMD,da9e230d76a6f0e0,validation
1753499945.jpg,2,CGM,d9fc0ca7499e03f0,train
1753621875.jpg,3,CMD,f4841a706d37eec8,train
1753806581.jpg,4,healthy,81843fd9340ffc2b,test
1753872657.jpg,3,CMD,c58748573c9af4b1,train
175398874.jpg,2,CGM,892e3dd1669cc371,train
1754156181.jpg,3,CMD,8dce1ac51bce1b2c,test
1754366174.jpg,2,CGM,c4db6e796c1413b4,train
1754481092.jpg,4,healthy,c7d92ec8c9e43135,train
1754540967.jpg,3,CMD,c1f562cd36a7584a,train
1754736431.jpg,3,CMD,e89937c3c7e23261,train
1754989249.jpg,3,CMD,c0a75f62e0b5b22b,test
175519615.jpg,3,CMD,8df7c0f4837a350a,train
1755522975.jpg,3,CMD,95c227b96e945f30,test
1755647771.jpg,3,CMD,c6b73844472b6d36,train
1755873897.jpg,3,CMD,81cb643c739fb8d0,train
1756425714.jpg,3,CMD,d2a96ea07533a473,train
1756729974.jpg,2,CGM,c1c643eee1c3e4c9,train
1756754615.jpg,3,CMD,87da39a44b7e7061,train
1757057989.jpg,0,CBB,caa465765397d88a,train
1757123102.jpg,4,healthy,d5c00e315d973de8,train
1757386939.jpg,3,CMD,c39d621fe42b07e8,train
1757442303.jpg,3,CMD,93ee40c72593d9d1,train
1757557877.jpg,3,CMD,e59f61aa15d8425d,train
1757569899.jpg,3,CMD,81eb41715700ffe3,train
1757605463.jpg,4,healthy,91e43fc11e9be01b,train
1757646120.jpg,3,CMD,81f26f823f43bcd0,train
1758003075.jpg,3,CMD,81fc7216bc51c6c7,train
1758073225.jpg,3,CMD,94537ff682d00795,train
175816110.jpg,3,CMD,c4cb6eed722a3132,train
1758274933.jpg,3,CMD,cca227c4a387a5ee,train
1758318062.jpg,2,CGM,938561de2c225dbb,test
1758443591.jpg,3,CMD,95333bc8729955b2,validation
1758852388.jpg,3,CMD,c5e63acc3a3169aa,test
1758885297.jpg,0,CBB,9ca122ee232f37c6,train
1758913732.jpg,3,CMD,848b95291877dd3d,train
1759042176.jpg,2,CGM,d38244de2e2f705d,train
1759065699.jpg,3,CMD,cb950c5ff646850d,train
1759147122.jpg,3,CMD,90423d274cbbacdb,train
1759297979.jpg,3,CMD,d5aa2cb53ac72d06,test
175989862.jpg,2,CGM,c8dd5343352b28f9,train
1760111607.jpg,3,CMD,c9d26c1b3d49562d,train
1760340561.jpg,3,CMD,d28d1e964992a5f9,validation
1760414048.jpg,3,CMD,97ec0f35b0b16c19,train
1760489108.jpg,3,CMD,c4977aa27cc0f68c,validation
1760495628.jpg,4,healthy,c6b922ce4d6474d9,validation
176082101.jpg,4,healthy,f6c5cf8fb050e103,train
176087144.jpg,3,CMD,999e6ec246276d4c,test
1761091007.jpg,3,CMD,d726db651ace2470,train
1761544079.jpg,3,CMD,d2c31b32e77d003b,train
1761563739.jpg,3,CMD,85563e68b0fe81b3,train
1761634229.jpg,3,CMD,9ac53a3b2e29669c,train
1761652043.jpg,4,healthy,84527f2530277c6f,train
1761696568.jpg,3,CMD,d0b449af3b5a30b3,train
1761795923.jpg,3,CMD,85f6626d7861b691,train
1761872222.jpg,2,CGM,98ab63a60f1958db,train
1761893158.jpg,3,CMD,c8f31aa639ac03f5,validation
1762040629.jpg,1,CBSD,99d0c8624dad5f56,train
1762100381.jpg,2,CGM,c7996e4d160716b3,train
1762956560.jpg,4,healthy,b49f6bc402ad3695,train
1762982108.jpg,3,CMD,942e34c6875730ef,test
1763032962.jpg,3,CMD,9fefb8044361a959,test
1763195879.jpg,0,CBB,81d680d7d013f7d5,validation
17632796.jpg,2,CGM,80fa02567752b7b5,train
1763396057.jpg,4,healthy,99cc3a7806df70e1,validation
1763486772.jpg,4,healthy,f9e18cdeda8e0390,train
1764035840.jpg,2,CGM,948c2dbf85b16c87,validation
1764087797.jpg,3,CMD,d0ac68127bea2dd3,test
1764594695.jpg,3,CMD,96817b36e3b194b2,train
1764927533.jpg,4,healthy,96a567d255e44dc4,train
1764971103.jpg,3,CMD,fab00756160dacf6,train
1765114818.jpg,2,CGM,c0a96f31b46e6347,test
1765190680.jpg,1,CBSD,c5c74d84cd8cb49d,train
176531736.jpg,3,CMD,d0b3189c9b388f5b,validation
1765348139.jpg,3,CMD,dcf650f2d0949a9c,train
1765374655.jpg,2,CGM,d3966c69e534e8c1,train
1765947311.jpg,3,CMD,de8964d20fb249f4,test
1766436653.jpg,4,healthy,922969f41dd3cc39,test
1766917625.jpg,1,CBSD,959623b673293372,train
1766960814.jpg,3,CMD,85ada5a7a686c696,train
176734204.jpg,3,CMD,c2a877055a63acf9,train
1767778795.jpg,0,CBB,d2ad724b68b035ce,train
1768003077.jpg,3,CMD,92f9748c606c47e7,train
1768185229.jpg,3,CMD,8ea865b91e4e1e0f,train
1768209280.jpg,3,CMD,92c8337bac3a58e6,test
1768545420.jpg,3,CMD,81c201eb1fcc3b9f,train
1768669927.jpg,1,CBSD,86db61063eba2177,validation
1768671156.jpg,3,CMD,cbb14de427e00c7e,validation
1768676175.jpg,3,CMD,c3cf1fa9281d543a,train
1768825249.jpg,3,CMD,c0a83fb27a9e2aa3,train
1768909120.jpg,2,CGM,8c971d2a23734b6e,train
1769025995.jpg,4,healthy,8db413259b3e98ea,train
1769355449.jpg,3,CMD,c58a3ec14f7432b3,train
1769605391.jpg,3,CMD,8cef7b5a6c2c42e0,train
1769894805.jpg,1,CBSD,88ac38be9d950edc,train
1769895706.jpg,3,CMD,b4d26cd97b643234,train
1770025671.jpg,3,CMD,d83b06ee33b25e18,train
1770197152.jpg,4,healthy,e8a6e429e38c6b9c,train
1770746162.jpg,1,CBSD,d0f537336082bb39,train
1770789243.jpg,3,CMD,c19b78b91ede0f20,train
1771017079.jpg,3,CMD,9c736e5ba259d418,validation
177187875.jpg,3,CMD,948f773bc452934a,train
1772260831.jpg,1,CBSD,867c7298c6aef4c1,train
1772264324.jpg,2,CGM,d44f648291db6f2c,train
1772421330.jpg,1,CBSD,c11569669fe04b9b,train
1772478144.jpg,3,CMD,dcb5b692a88f8ea0,train
1772713207.jpg,0,CBB,81ab3ab7e14c35d1,train
1772879705.jpg,4,healthy,c3cb783e06e14f0e,train
1773042943.jpg,1,CBSD,c92f6407e3f33914,validation
1773203521.jpg,3,CMD,873072c36c66f4f8,test
1773210221.jpg,3,CMD,d1e6524a2ff452ca,validation
1773381712.jpg,1,CBSD,94a56b1a947e6b68,train
1773419255.jpg,3,CMD,85d34cf748ac4d47,train
1773462617.jpg,3,CMD,97c466e3255cb90b,train
1773757795.jpg,3,CMD,80ca3f3d74f86685,train
1773778867.jpg,3,CMD,9fa133da8d722847,validation
1773875430.jpg,0,CBB,d5e16ff8231d014b,train
177414500.jpg,2,CGM,989177c77f69404c,train
177429020.jpg,3,CMD,c8aa77e349d20e74,train
1774341872.jpg,4,healthy,93b38df5b2a15a88,test
1774370764.jpg,3,CMD,83fb2cca37801b97,train
1774492072.jpg,0,CBB,82e1722528fe575e,train
1774534152.jpg,3,CMD,9de362ac3baea580,train
1774675464.jpg,0,CBB,9ef551879dc47182,test
1775001723.jpg,3,CMD,80e07770db1b18fd,train
1775105594.jpg,3,CMD,d6ba2694dacd4263,train
177523271.jpg,3,CMD,c3283a7c5d8539f1,train
1775343418.jpg,1,CBSD,82b86ce0c0f8faf5,train
1775350103.jpg,0,CBB,9f8250d32f0e692f,test
1775446541.jpg,3,CMD,c1ec6eb660933e0b,validation
1775680225.jpg,3,CMD,f18d034674b3bcb2,train
1775924817.jpg,3,CMD,96ca769429e43c3b,train
1775966274.jpg,2,CGM,8d6b7c44e1cd5136,train
1776338335.jpg,3,CMD,80c948d14f7e1efc,train
1776479289.jpg,4,healthy,db8e1e0d9c5c583c,validation
1776704317.jpg,3,CMD,b03f3d107e5405f9,validation
1776880375.jpg,3,CMD,99b47a4b4f4e2ab0,train
1776919078.jpg,3,CMD,94ab34c1e3c9d1ad,train
1777012595.jpg,3,CMD,d8d12f6039bc475a,train
1777247659.jpg,3,CMD,c38550f20b6eb1ed,train
1777275885.jpg,3,CMD,a4c87e34bf562253,train
1777367691.jpg,3,CMD,84f0041b7de6e9ce,validation
17774752.jpg,4,healthy,d19083e9eccc8f0f,train
1777490062.jpg,3,CMD,858e79a92ac94abe,validation
1777797339.jpg,3,CMD,8a0c4fbee0f2258f,train
1778075552.jpg,3,CMD,9a65498a8dd9666d,train
1778097561.jpg,3,CMD,d0e7384e2af303cb,test
1778306055.jpg,3,CMD,9fe22d22dc5d84c5,train
1778344931.jpg,2,CGM,f589691ea41f9a70,train
1778392170.jpg,2,CGM,d79c03c64b4ab83e,train
177861663.jpg,3,CMD,d0f432cdd572660b,train
1778971646.jpg,0,CBB,d6c087db419b0b5d,train
1779278752.jpg,1,CBSD,a6cc0cb3b9b485f1,train
1779379813.jpg,3,CMD,8daf589c25597287,train
1779392681.jpg,3,CMD,dde45f0c6ea144f0,train
1779602100.jpg,3,CMD,e14b0dd71e7a1532,validation
1779790231.jpg,3,CMD,dda46b38e6339c03,train
1780272683.jpg,3,CMD,92e06e8678b72eb8,test
1780364325.jpg,0,CBB,bba43d6d1a0f0da8,train
1780402606.jpg,2,CGM,efc86c91b5cd1690,train
1780431854.jpg,3,CMD,a8777ad8e22c1754,test
178079419.jpg,3,CMD,c6db29f0ca8576c8,validation
1781156420.jpg,3,CMD,d0d92a6d4eb6324e,train
1781447464.jpg,3,CMD,96c043fdb30f5e42,train
1781695127.jpg,3,CMD,84364bda56569b6a,validation
1781932612.jpg,1,CBSD,d17b3e38c00fece0,test
1782014584.jpg,3,CMD,9bcb2f302969187e,train
1782213029.jpg,3,CMD,f5046ad70d92dc4b,test
1782504875.jpg,3,CMD,d55a2d85de989ca8,validation
1782735402.jpg,3,CMD,d2c76942b95a51ab,train
1782862245.jpg,3,CMD,e738875c01def00f,test
1782983052.jpg,3,CMD,c6d92f28651c3de2,test
1783273641.jpg,1,CBSD,c1dc76c7c2e2b074,train
1783305105.jpg,3,CMD,d6d70cb2f5813a52,train
1783361886.jpg,3,CMD,c6d0235d4bdb35d0,train
1783431925.jpg,1,CBSD,d0a43a4b2fab4cf1,test
1783550319.jpg,3,CMD,c6b861defa909507,test
1783641862.jpg,1,CBSD,860b6863edcabb98,validation
1783731086.jpg,3,CMD,e7cfb10710919db2,train
178396346.jpg,3,CMD,f8f11f39d02305d3,train
1784226798.jpg,3,CMD,84ba46e137c3b3d2,validation
1784432938.jpg,3,CMD,cdb622932fa5b342,train
1784483184.jpg,1,CBSD,828c3d744b7f4536,train
1784587371.jpg,3,CMD,b0ce3b2da181e778,train
1784661840.jpg,0,CBB,929d682bedc4c87a,train
1785072078.jpg,3,CMD,81595b6c4f32279d,train
1785258205.jpg,4,healthy,93ec474887e703b9,train
1785258924.jpg,3,CMD,9c13a913c017d5fb,validation
178555372.jpg,4,healthy,84bc38ee681e6766,train
1785596731.jpg,0,CBB,9e2528a0e9ff851b,train
1785801012.jpg,3,CMD,dc372e32d99160d9,train
1785840439.jpg,1,CBSD,f18692b2efb52138,test
1785877990.jpg,3,CMD,cb932c1dd24d9be0,train
1786164172.jpg,2,CGM,a13f79c057d2985a,train
1786887727.jpg,3,CMD,93527cadd80ba1d6,train
1786966899.jpg,2,CGM,d48d32d21e53b933,train
1787178614.jpg,3,CMD,b0970abf0ae3f701,train
1787456859.jpg,3,CMD,d0982e35c3cebd58,train
1788069223.jpg,3,CMD,8326319d6895f49f,train
1788201755.jpg,4,healthy,c99c7c8c9f32645a,train
1788333451.jpg,3,CMD,91c17f0f5d32b509,train
1788421624.jpg,4,healthy,8ce471cf2d1c4bc3,train
1788606657.jpg,3,CMD,b2cd3efa08713e21,train
1788775599.jpg,3,CMD,d6ed56853289d1d2,train
178880482.jpg,1,CBSD,debb33ac89e60c21,train
1788823125.jpg,3,CMD,d2651cc14e683bf9,validation
1788926581.jpg,3,CMD,d2d535dc28726e38,train
1788934648.jpg,3,CMD,c88853f1e81f79e4,train
1789291094.jpg,3,CMD,97f1368d7b2619c0,validation
1789407853.jpg,3,CMD,c0f0f0c590a57df3,validation
1789470358.jpg,1,CBSD,955a6a4d33e5193a,test
1789486602.jpg,1,CBSD,88916ff8c1de3c34,test
178976656.jpg,1,CBSD,82d366a9b4315be6,validation
1789784121.jpg,3,CMD,9b1e065923af5a93,train
1789849638.jpg,3,CMD,93e12ee45efa0d06,train
1790319061.jpg,1,CBSD,83c8443abfe715d1,train
179049535.jpg,3,CMD,d69030c1a74b57be,test
179052943.jpg,3,CMD,939634e5d4b1db48,validation
1790610491.jpg,3,CMD,85c82387d82e75be,test
1791561646.jpg,2,CGM,c3fb52c212b624ed,train
1791690921.jpg,3,CMD,9cbb738c60c8866f,train
1791700029.jpg,3,CMD,829e38874cfc07e7,train
179171196.jpg,4,healthy,9aba7984c1af2e94,train
1791724511.jpg,1,CBSD,99e474b8253cb5b8,validation
1791819872.jpg,3,CMD,9ba4691674552fb1,test
179186914.jpg,4,healthy,89f67f703514007f,train
1792425947.jpg,2,CGM,c4f331f35191554b,validation
1792460758.jpg,4,healthy,88d172ec393af1e1,train
1792694473.jpg,4,healthy,9dab62d4b947803d,train
1793168454.jpg,4,healthy,85b269566cc459e7,test
1794147963.jpg,1,CBSD,dececce0093c346d,test
1794430804.jpg,3,CMD,84c46fe174aa8df1,validation
1794652676.jpg,1,CBSD,8239374f1dd199c5,train
1794775847.jpg,3,CMD,c0bf644737c162ec,train
1794787864.jpg,3,CMD,c0473aba606d77aa,validation
1794793176.jpg,3,CMD,d4472e169ed9b88c,train
1794977133.jpg,3,CMD,c3dc9a7e30e71618,validation
179499224.jpg,1,CBSD,d1ef78161ea9074a,validation
1795274640.jpg,3,CMD,846b3dac3390fc99,validation
1795318849.jpg,0,CBB,acca0bac6e0b1b3d,train
179539065.jpg,3,CMD,d6386b917e72a1a4,train
1795446246.jpg,3,CMD,f9b479c4046d61f2,train
179556493.jpg,2,CGM,8bd05fc8266a3bb4,train
1795774689.jpg,0,CBB,c94a27c473f4323b,train
1796126555.jpg,3,CMD,99903ea46ec64de3,train
1796191923.jpg,3,CMD,d1ac718c24d92cbf,train
1796222011.jpg,3,CMD,d3e478ac10cf2cc7,train
1796303978.jpg,0,CBB,a7861a9c7149cf35,validation
1796327295.jpg,2,CGM,d4037e603ff01f32,train
1796375509.jpg,3,CMD,abd3abba7017ca40,train
1796530948.jpg,3,CMD,d671724c7973381a,test
1796762442.jpg,3,CMD,c0f8aa81d6b39717,train
17969020.jpg,3,CMD,9cca3c8a33d2fe21,test
179693098.jpg,1,CBSD,9fde61043639b1b2,validation
1797152583.jpg,2,CGM,c6e57ad8790e4932,train
1797305477.jpg,3,CMD,84fcde58e761903a,train
1797517154.jpg,3,CMD,86e121ff7e9460e8,test
1797522564.jpg,3,CMD,92c31b7a70b97a92,train
1797636994.jpg,3,CMD,d2f6e9c568e49292,train
1797701221.jpg,3,CMD,96e902a85df437a6,train
1797773732.jpg,0,CBB,ce27241cf830dda7,train
1797815459.jpg,3,CMD,9510291a69f4fa7e,test
1798004899.jpg,2,CGM,9d91471c607871fb,train
1798415301.jpg,3,CMD,c6003ef8d7c2b369,train
1798494991.jpg,3,CMD,dab648db26cf2606,train
1798775645.jpg,3,CMD,843c7aa79bcc23a9,train
1799253944.jpg,3,CMD,9ca14691e57f3c8c,test
1799459736.jpg,3,CMD,95c12be61d911ee3,train
1799648561.jpg,3,CMD,96fa23a0567ecac8,train
1799764071.jpg,3,CMD,cdca4cc5c8dde24c,validation
1799990144.jpg,3,CMD,84d0315ca7536ebe,train
1800156844.jpg,3,CMD,86f6104f6ca637c5,train
1800555547.jpg,4,healthy,d81b8fe003fdf007,test
1800771351.jpg,3,CMD,c9653a2733d06765,train
1801305667.jpg,3,CMD,877d03637f627a10,train
1801881558.jpg,2,CGM,f88508fc9fd422e3,train
1802409860.jpg,2,CGM,88e31d3142877d5f,test
1802508865.jpg,3,CMD,8eaa4ae574e3105f,train
1802706381.jpg,3,CMD,fde004da5f8f6221,validation
1802754219.jpg,3,CMD,89495bb9bee04696,train
1803055979.jpg,1,CBSD,8b95eef4259a3215,test
1803422865.jpg,2,CGM,c43fc3373ac8c61a,test
1803483476.jpg,2,CGM,de1f2a83a1c73c0d,train
1803764964.jpg,3,CMD,80923f741b9d6b8e,validation
1803767291.jpg,4,healthy,b530a9a6dbae31b0,train
1804175748.jpg,3,CMD,b9c92cf885c7f04a,train
1804238623.jpg,4,healthy,9ad865e730a7c938,train
1804425689.jpg,2,CGM,af08caf48d7a87a1,train
1805115397.jpg,0,CBB,8c0b36cf64f98c27,train
1805228807.jpg,3,CMD,997b55801ff26626,train
180526120.jpg,3,CMD,d5392a3546b15d6c,train
1805270227.jpg,1,CBSD,d95d25e76b140762,train
1805580430.jpg,3,CMD,94d9680b3f7c32d8,train
1806336706.jpg,0,CBB,c1c46d5b76157352,test
180644120.jpg,3,CMD,86c57e477a8381f1,train
1807049681.jpg,4,healthy,cc4c6785fdf280b1,test
1807193398.jpg,3,CMD,bfc76aa2298b0d43,train
1807238206.jpg,2,CGM,fc871ff81c06722a,train
1807427029.jpg,3,CMD,a7de02c05397571e,validation
1807619066.jpg,3,CMD,c5a80ca72e937f98,train
1807740232.jpg,1,CBSD,c595277769c4ae48,train
1808054578.jpg,3,CMD,8ccf053137baa98d,train
1808097305.jpg,1,CBSD,85396f96b1921e5c,train
180819743.jpg,3,CMD,c69d26f135e295a4,train
1808491145.jpg,2,CGM,d5f406e1c6d25555,train
1808650874.jpg,2,CGM,c4e93739b991ccd0,train
1808921036.jpg,3,CMD,f4e196e11efc803c,train
180910875.jpg,1,CBSD,cfcc30f26ea2f310,test
1809122626.jpg,3,CMD,98e979b3609234f9,train
180953127.jpg,3,CMD,d0b36ae4f11c3c69,train
1809652943.jpg,3,CMD,d4e5e598a9acab0a,train
1809996556.jpg,3,CMD,ec934d1c723d7621,train
1810295906.jpg,3,CMD,87f16ccb17846a36,test
1810849294.jpg,2,CGM,963379f9f0702c2c,train
1811402818.jpg,3,CMD,80ca6cb7cea9c7a4,train
1811474969.jpg,3,CMD,c43e0b0af591fce1,train
1811483991.jpg,2,CGM,d2816bb52e926f68,test
181157076.jpg,4,healthy,ebf005fbbb80056a,train
1811601779.jpg,3,CMD,a5e9728c86e41b5e,train
1812204593.jpg,3,CMD,d5bf21844b7ed4c0,train
1812275285.jpg,2,CGM,c1ab1f787c632307,validation
181228632.jpg,3,CMD,88de610bb533ca5d,validation
1812322752.jpg,3,CMD,d0c02d9b334c8ef7,train
1812352809.jpg,3,CMD,c0b70fe806fb942e,validation
1812396065.jpg,3,CMD,92ed32c6d91b4633,train
1812683493.jpg,3,CMD,f2fe09006c6e91d7,validation
1812865076.jpg,3,CMD,d3f773e1e1820b03,test
1812948134.jpg,3,CMD,c8b7413dc6c0ff44,train
1813365799.jpg,3,CMD,89919eebc45f15c8,train
1813497241.jpg,1,CBSD,8e39e344749769a5,validation
1813551465.jpg,3,CMD,9899c91be49ee866,train
181355439.jpg,3,CMD,ca8e203359d9e6a7,validation
1813814984.jpg,3,CMD,c21f4643bc7c3d64,train
1813889006.jpg,0,CBB,d0e426dd8a62f9ca,train
1814107943.jpg,1,CBSD,d18937fcfa68405c,train
1814144394.jpg,1,CBSD,bf857409b22e51c7,test
1814333907.jpg,1,CBSD,ce656e313d188d1e,train
1814561933.jpg,3,CMD,d8e61f9c13eca518,train
1814601844.jpg,4,healthy,d07d063f4cdf410e,train
1814763610.jpg,3,CMD,82d5cd2d4b3f3542,test
1814991024.jpg,1,CBSD,946e9f852b2f6249,train
1815048674.jpg,3,CMD,c7f01efa2d580f90,train
1815052993.jpg,3,CMD,802666667f6a237d,train
181506329.jpg,4,healthy,974864b2e9e504bf,train
1815147513.jpg,0,CBB,a852ab6a4bad8aab,train
1815643293.jpg,4,healthy,8c6e7353773d3804,train
18156852.jpg,3,CMD,ca8eef6729b0042f,validation
1815863009.jpg,4,healthy,8b861ae4cd37f036,train
1815972967.jpg,4,healthy,b5a41fc052c8d7f8,test
1816076936.jpg,0,CBB,dae52d96132d7087,validation
181653327.jpg,4,healthy,99c64e6b3d30f183,train
1816576622.jpg,3,CMD,c6e57d1251d986a5,train
181667206.jpg,4,healthy,83c42bc29de68db9,train
1816728195.jpg,3,CMD,93b35e4b020eb93d,train
1817338371.jpg,3,CMD,936b79c795e12432,train
1817388646.jpg,3,CMD,934e38dbc094e6e5,train
1817411055.jpg,3,CMD,90fb08ae47c4ccb7,train
1817546498.jpg,3,CMD,90d8f4ac4c3d2bd3,train
1817648564.jpg,3,CMD,90795dd261f162b6,train
181778346.jpg,3,CMD,dbc4237a251cda56,test
1817835614.jpg,1,CBSD,c52f657238395a6c,train
1818510196.jpg,1,CBSD,b4155a3f872b152b,test
181857749.jpg,2,CGM,d3ea76ae30849f90,validation
181879072.jpg,3,CMD,94e85d606b72cd93,validation
1818968556.jpg,3,CMD,8588973a7993ea63,train
181939754.jpg,3,CMD,c98d25bad2d71ce0,test
1819398111.jpg,3,CMD,c1a62b5493c732cf,train
1819546557.jpg,3,CMD,b6324a48d1b73376,validation
1820017071.jpg,3,CMD,dc1227ad5a0badc6,train
1820046743.jpg,3,CMD,d6be6ca14be1a710,train
1820146745.jpg,4,healthy,d4dfce62ec4c2065,train
1820254127.jpg,0,CBB,d8eae44047ddcccc,train
1820335596.jpg,4,healthy,82b00fd2eb9e951b,validation
1820631202.jpg,3,CMD,ddd002f257507fa4,train
1820923810.jpg,3,CMD,9549627c9a7d5629,train
1821315166.jpg,4,healthy,eba3cc0ae26cc176,validation
1821532934.jpg,1,CBSD,c16163e1cdacba2d,test
1821561171.jpg,4,healthy,d6a81870576bd275,train
1821663294.jpg,3,CMD,c1c1114d67a68f5f,test
1821678460.jpg,3,CMD,84b23b936cec6cb1,train
1821756534.jpg,4,healthy,819f6a7352eb5681,train
1821921549.jpg,3,CMD,c1cf68acacd0f6e0,train
1822218545.jpg,3,CMD,9358c486cb67f31a,test
1822627582.jpg,2,CGM,e4ca5b8565f84b4a,train
1822682006.jpg,3,CMD,91bc1de393113d5c,validation
182316349.jpg,0,CBB,c05337bef0c116bc,train
1823192027.jpg,3,CMD,cee136f1d9848574,train
1823201205.jpg,4,healthy,cb5c434783e19697,test
1823487042.jpg,3,CMD,d09333e1d4c5df60,train
1823518467.jpg,4,healthy,fde07283a96d16b0,train
1823544531.jpg,3,CMD,cca3c65c2636ea3a,train
1823619640.jpg,0,CBB,d36c30912fe22b9e,validation
1823721668.jpg,3,CMD,90426e0e32d5f4ef,train
1823796412.jpg,4,healthy,91de66a1f24f84f0,train
1823886562.jpg,3,CMD,c9c52fcb414a5f58,validation
1823933944.jpg,3,CMD,95c372a8724167be,validation
1823946129.jpg,4,healthy,ecaa69fa2a6a148b,train
1824113054.jpg,3,CMD,85fc207d330e7987,train
1824197654.jpg,4,healthy,cdec76121bc9c6a2,train
1824287001.jpg,3,CMD,d2f11f99d052e15a,test
1824705261.jpg,3,CMD,d4ee2ae74d352419,validation
1824816282.jpg,3,CMD,998e27d99c984937,train
1824992309.jpg,0,CBB,86972d40e6c32f37,validation
182507815.jpg,3,CMD,d0834bdd6d6470d9,train
1825174376.jpg,3,CMD,c16678c2c8977e78,test
182569283.jpg,3,CMD,9ecf1762c21b9ca1,train
1825775258.jpg,4,healthy,d58a1f828f9ec686,test
1826268810.jpg,3,CMD,e3d3288c3b629daa,train
1826527887.jpg,3,CMD,9568683a3537569e,train
1826549418.jpg,3,CMD,89ab06173f391676,train
1826588021.jpg,3,CMD,f19dc36a60251f71,validation
1826812654.jpg,2,CGM,91ce37f364825a63,train
182701414.jpg,3,CMD,9fe07ed26261ae50,train
1827159214.jpg,3,CMD,c6b3095e7540e4fa,train
182745375.jpg,3,CMD,8165662b3b9c27b9,train
1827541667.jpg,3,CMD,b5a62f220596e39b,test
1827562232.jpg,3,CMD,cc866edba21d56c4,train
1828015469.jpg,3,CMD,87a2958e6e58553e,train
1828088988.jpg,3,CMD,95162dc925d9339e,train
1828167869.jpg,1,CBSD,c93c3615d9f480f9,train
1828496803.jpg,0,CBB,d48c2fc4f6e2e80e,test
1828748550.jpg,2,CGM,c49db2c0fc9fa1c4,test
1829003980.jpg,3,CMD,83fc2385fba11639,train
1829385451.jpg,3,CMD,d0582e6b52b5e58e,train
1829454153.jpg,3,CMD,91feeec25c88b1e0,train
1829483493.jpg,3,CMD,80435ebf7c69e232,train
1829519358.jpg,3,CMD,87d2077a3d177161,validation
1829820794.jpg,3,CMD,9994625f8c33f5d0,train
1829924843.jpg,2,CGM,95a23998eebb209e,validation
1829981265.jpg,2,CGM,91db4d434d731d2a,train
1830061664.jpg,0,CBB,c41f3ff0c15e42c3,train
1830481275.jpg,1,CBSD,b1a89aeaa8adca2b,train
1830680184.jpg,2,CGM,81bb7c0b29361773,train
1830775926.jpg,1,CBSD,f5ca2df87346282a,train
1830778747.jpg,3,CMD,d036264c97c723b7,test
1831001186.jpg,3,CMD,852d2e941ddb2997,train
1831075447.jpg,4,healthy,98a44764df59623b,train
1831182792.jpg,3,CMD,897b3a1376d64658,train
1831389246.jpg,3,CMD,be89d4a85f249ea1,train
1831423907.jpg,3,CMD,8deb63c1718d50d6,train
1831580218.jpg,3,CMD,bcf900cf1d40ae1f,train
1831635820.jpg,3,CMD,d0f3b3187c786127,train
1831712346.jpg,4,healthy,a13364c25fbf62a4,test
1831917433.jpg,3,CMD,95d9a6d1966a6994,train
1832098757.jpg,3,CMD,c29d73e6ace59450,validation
1832141152.jpg,3,CMD,ddae2cad0c792586,train
1832209153.jpg,4,healthy,99356df3271e5019,train
1832233045.jpg,1,CBSD,d88b778d0d2a459e,train
1832330362.jpg,3,CMD,d98723de06086cf7,test
1832582210.jpg,3,CMD,c8c760e179503e7e,train
1832863930.jpg,3,CMD,d9e962948df3f012,validation
1833100169.jpg,3,CMD,91f97ccdc42a3ab0,train
1833123738.jpg,2,CGM,94fb4e80695d6371,train
183316854.jpg,3,CMD,8eb859c19612fc57,train
1833189586.jpg,3,CMD,c0e71acc3d055e97,train
1833515952.jpg,3,CMD,81a66feb2996d164,train
1833807864.jpg,2,CGM,d3ac0b9916b59c33,train
1834175690.jpg,3,CMD,e823d01546a9f77a,train
1834239430.jpg,3,CMD,fb80278049c1fef6,train
1834263937.jpg,3,CMD,b29516b8752f6370,train
1834266408.jpg,3,CMD,83dc3ed9f00139f2,train
1834269542.jpg,3,CMD,95d869f4dcd4e904,train
183428396.jpg,0,CBB,d9ae3188ceb68b1a,train
1834449995.jpg,4,healthy,93e020634f7ae3bc,train
1834483972.jpg,4,healthy,c69905d22db46a77,train
1834604055.jpg,3,CMD,8075568a31fd579a,test
183469399.jpg,3,CMD,c5a56afc54e4d268,train
1834748922.jpg,2,CGM,c9c127311197e6de,test
183482317.jpg,2,CGM,c1dd01e91c8f97a5,test
1834855126.jpg,2,CGM,903374ac2f396f58,validation
1835162927.jpg,3,CMD,92b6bbb9b9a32190,train
1835317288.jpg,1,CBSD,8a995cb76b5b1449,test
183535060.jpg,3,CMD,b80638720f5ccbaf,train
1835637370.jpg,3,CMD,c1a027dd69d3d28d,train
1835652659.jpg,3,CMD,966b0e4d774a603d,train
1835807693.jpg,1,CBSD,95c117d8d5bc1996,validation
1835826214.jpg,1,CBSD,97ef62c39d10606d,train
1835974960.jpg,4,healthy,c40f769a69c462f3,train
1836048821.jpg,0,CBB,92a93bf6c3115a1b,train
1836493445.jpg,3,CMD,d18673133249b6e7,train
1836536716.jpg,3,CMD,81fe17682bb5c607,validation
1836597085.jpg,3,CMD,fca724a09c1d5717,train
1836918462.jpg,4,healthy,c1de3e81b18f2d85,train
1837284696.jpg,4,healthy,d2e1b6bca481bccc,train
1837309847.jpg,3,CMD,c28e33731c0edacd,train
1837614598.jpg,3,CMD,d8e8438f78b09c67,train
1837622218.jpg,0,CBB,9dda6d898448dab5,test
1837733678.jpg,3,CMD,98c4f17b6c43595c,train
1837916904.jpg,3,CMD,818f7e04a3eb7760,train
1838219986.jpg,2,CGM,96be344d8d1c69b1,validation
1838238336.jpg,3,CMD,d9d9516e6833a5a8,train
1838301541.jpg,3,CMD,951730782f4bcbe8,test
1838452225.jpg,4,healthy,a7c21d856d1bf898,train
1838525078.jpg,3,CMD,9ba2266a6d505acf,train
1838664866.jpg,3,CMD,d7ba632003fd10bb,train
1838675126.jpg,3,CMD,ccdea790ba2af205,train
1838877057.jpg,3,CMD,869725f638413bbc,train
1839061975.jpg,3,CMD,95fc2f436a02f0ea,validation
1839152868.jpg,3,CMD,9df2f5d01b0e4d24,train
1839350979.jpg,3,CMD,86d8126cc15afa7b,test
1839467462.jpg,3,CMD,97ae6b9546352683,validation
183947051.jpg,2,CGM,83fc7a8b215a3e70,train
183998159.jpg,3,CMD,90db4b2750345d7b,train
1840189288.jpg,3,CMD,d0776b3cec622233,validation
1840283503.jpg,4,healthy,d2f865cec84d2536,validation
1840408344.jpg,4,healthy,becc23f2d9c2606c,train
184050144.jpg,3,CMD,dc022ed6d7e5a03a,test
1840519830.jpg,3,CMD,b9ca3645184de39e,train
1840585647.jpg,3,CMD,80d07b713f760376,train
1840620834.jpg,1,CBSD,88d166edd2e8abe0,train
1841093794.jpg,2,CGM,d5f570c87da192b0,test
1841269407.jpg,0,CBB,da936949379482b7,validation
1841279687.jpg,3,CMD,c007020f2eaeafbf,train
1841307562.jpg,3,CMD,905272f45a8e2fb5,train
1841364017.jpg,3,CMD,969c115f4c76ecc1,test
1841856969.jpg,3,CMD,c0912b4fd73738e2,train
1841980335.jpg,3,CMD,d5666379215c5987,train
1842263776.jpg,4,healthy,8e032ebe2d340af7,train
184295852.jpg,3,CMD,c9b260c39ea16ef1,train
1843160862.jpg,3,CMD,d19381b52ce9519f,test
1843297041.jpg,3,CMD,d90307db15d58be4,train
1843594628.jpg,3,CMD,8ccd7cdcb2ea0625,train
1843838369.jpg,3,CMD,bc22e6aae1625ab3,train
1843885965.jpg,4,healthy,d7fdc63ab03908c4,validation
1844147447.jpg,2,CGM,cbdfdfc2e0208278,train
1844302649.jpg,4,healthy,dce1250adf44332f,test
184437770.jpg,3,CMD,9c866ab2939c316f,test
184462493.jpg,3,CMD,81d652983557f2e9,train
1844689263.jpg,3,CMD,cce82507714f1c9f,train
1844847808.jpg,0,CBB,d0b16cdb808bb55e,validation
1844952101.jpg,1,CBSD,b5e7770c10730f91,train
1844980570.jpg,3,CMD,aae80f55f40e43ba,train
1845160585.jpg,3,CMD,daa16aa2b4daab58,validation
1845187403.jpg,3,CMD,91f60ef007de057a,train
1845227647.jpg,3,CMD,cc98ea9cba3435b8,train
1845555412.jpg,3,CMD,9be3228db5d8c28b,train
1845581020.jpg,3,CMD,84d5355e065f66c3,train
1845811420.jpg,2,CGM,c47938611a3c67be,train
1846052077.jpg,3,CMD,c39624a959ae549f,validation
1846294489.jpg,3,CMD,c36c43997bcc10ed,train
1847003440.jpg,3,CMD,91e50c0e67b38e67,train
184765272.jpg,1,CBSD,844a3dd07b95715e,validation
1847878372.jpg,3,CMD,db987b6c9160b2b4,test
1847901285.jpg,4,healthy,9595e69922243f7c,test
1847948154.jpg,3,CMD,d12c3d5629d672e8,test
1848142800.jpg,3,CMD,95f2f2d04d520a7e,validation
1848213383.jpg,3,CMD,84f00e817bcf39d3,train
1848550626.jpg,3,CMD,c6dbb975284328b5,train
1848686439.jpg,1,CBSD,89522f4b76b6990e,train
1848723275.jpg,2,CGM,b1ce318f7924b847,train
1848945988.jpg,4,healthy,87ec76aa0d9a5991,train
184909120.jpg,3,CMD,871c272d9eb849f4,train
1849151787.jpg,3,CMD,84333ff24b46f2a1,train
1849248641.jpg,3,CMD,d2a5269b6cd20de5,train
1849571285.jpg,1,CBSD,e4ce625ebb177240,train
1849667123.jpg,3,CMD,d6a1373c256b21bc,test
1849702886.jpg,0,CBB,eea6f176c42107cc,train
1849963658.jpg,3,CMD,cb1c36de790b0ce1,train
1850235748.jpg,3,CMD,9be8567430f9e512,test
1850537552.jpg,3,CMD,d0b62fd938da1a25,train
1850706779.jpg,2,CGM,909c6be01cbba778,train
1850723562.jpg,0,CBB,83bc3e830c39abdc,validation
1850781315.jpg,3,CMD,dcc7012e739b8cb2,train
1850804110.jpg,3,CMD,9429175279b49e1f,train
1851047251.jpg,2,CGM,a4cf9df06962920f,train
1851497737.jpg,3,CMD,959d2b766944764a,train
1851671093.jpg,3,CMD,949051ed6e976399,train
18517305.jpg,3,CMD,99ec7d4d509a3a54,train
185234496.jpg,3,CMD,fa863783c3c6e868,test
185236448.jpg,3,CMD,b5bc611d4ba496d2,validation
185241766.jpg,4,healthy,c0e764637c5368e3,test
1852547447.jpg,3,CMD,91ca3621635b3e7c,train
1852697554.jpg,4,healthy,adf6759504165595,train
1852699867.jpg,3,CMD,93e87e21649db5a1,train
1852731503.jpg,3,CMD,ec8568e4feb030f1,test
1852781479.jpg,3,CMD,d1360b1dfc787131,train
1853028167.jpg,4,healthy,cd2c72d2da4c94b3,test
1853237353.jpg,3,CMD,dc342912cb96cd6b,train
1854709315.jpg,1,CBSD,c08633a73cf9119f,train
18547180.jpg,2,CGM,859f64a54d24b2eb,train
1854790191.jpg,4,healthy,8d37c28eb4893f52,train
1855169074.jpg,3,CMD,97ad7792075c401f,train
1855207168.jpg,3,CMD,85b6035c6335f54e,train
1855389006.jpg,4,healthy,d98a2fe33079a3a8,train
1855401853.jpg,3,CMD,d4c2a77b6df4021a,train
1855416267.jpg,3,CMD,c0fb2ab139f38e90,validation
1855493278.jpg,3,CMD,c389e9ae48dc9e4c,validation
1855684239.jpg,3,CMD,f4995a85a36c3672,train
185586277.jpg,3,CMD,d594726b70974db0,test
1855886292.jpg,3,CMD,d51c0deb0357f918,validation
1855900969.jpg,4,healthy,e2c1732e48739cb6,validation
1856005767.jpg,3,CMD,97bd6e1a61e71c04,train
1856743882.jpg,3,CMD,a7d22bbfd08087d8,train
1856744348.jpg,3,CMD,99ec24c134d3f363,train
1856852302.jpg,2,CGM,c30cb78b9cf71a05,test
1856880108.jpg,3,CMD,815e3667418b7b78,train
1856952172.jpg,3,CMD,ebd1749257285687,train
1857660206.jpg,3,CMD,a1ba30ca5c8d07ef,train
1857766258.jpg,0,CBB,9cdf2f9ee0c06829,test
1857803690.jpg,3,CMD,d4ee3a31581d635c,train
1857914925.jpg,3,CMD,80886f772c9a7df0,validation
1858241102.jpg,3,CMD,9b4c6c142cc766f3,train
185826608.jpg,3,CMD,d5ac3bc423baa0c7,train
1858309623.jpg,3,CMD,eac63589e46c1b47,train
1858350755.jpg,3,CMD,c4bc7898bcd4903f,train
1858398713.jpg,3,CMD,95ae411ce97947b1,train
1858522213.jpg,3,CMD,d0c33668ce1a6cf5,train
1858613258.jpg,3,CMD,83c0eda8b8951abf,train
1858722965.jpg,3,CMD,81c25e4e12f91fb6,train
1858778383.jpg,2,CGM,82eb602227f3df58,validation
1859010639.jpg,3,CMD,d47e190f4cc199e5,test
1859104179.jpg,4,healthy,81aa1ce59bd469ba,validation
1859265664.jpg,3,CMD,89e866179b594c7c,train
1859307222.jpg,4,healthy,932d738b3d432cb1,train
1859785937.jpg,3,CMD,d1dc5c8ec76d2891,train
1859833344.jpg,1,CBSD,c1e0e5e4aeacac36,train
1860121418.jpg,0,CBB,b6c4399ceb367098,validation
186024899.jpg,2,CGM,d89b2798ef312c07,train
1860286879.jpg,3,CMD,90f37f2cd0c1a713,train
1860324672.jpg,3,CMD,9cc1e5a668b7730a,train
1860402605.jpg,2,CGM,8f24338d66b574ac,train
1860678801.jpg,3,CMD,88b938f17493bc27,train
1861027492.jpg,3,CMD,a1d56f0d50867ae5,validation
1861251806.jpg,3,CMD,d87972e30dea8196,test
1861343358.jpg,2,CGM,86282ecfce89a5d6,train
1861354699.jpg,1,CBSD,c19a398538fa63bc,train
1861467540.jpg,3,CMD,9fa2306ddf41d518,train
1861666326.jpg,4,healthy,dcd95a997c589898,train
186178613.jpg,3,CMD,92d4d79e2cb63251,train
1862072615.jpg,4,healthy,dbb36e58535871a0,test
1863630773.jpg,3,CMD,c0de2f063ed016fa,train
1863822391.jpg,3,CMD,cc9c4a9c2d5b369a,train
186394398.jpg,0,CBB,dcfe37060081c7ed,train
1864285719.jpg,3,CMD,82f51aa54b76c8da,train
1864325507.jpg,3,CMD,92497bf40c1f35c5,test
1864517626.jpg,4,healthy,87ad3a863d70473c,train
1864756253.jpg,3,CMD,868736e83b50279f,train
1865176608.jpg,3,CMD,8c7234e0c39cfee4,train
1865241097.jpg,3,CMD,c4ec3264c1d9bf94,train
1865345123.jpg,3,CMD,cbc05972f4c2af4a,train
1865586599.jpg,1,CBSD,94b62d9b4a6e2c2d,train
1865596191.jpg,3,CMD,cacb575762a283d1,train
1865866480.jpg,3,CMD,92e93f8b348699a5,test
1866140496.jpg,3,CMD,95c901d67a7d07cc,train
1866368464.jpg,4,healthy,849ab2ab19b54776,train
1866388418.jpg,3,CMD,91f345c77ce26d10,train
186667196.jpg,3,CMD,c7636bd2c380c8f5,test
1866826606.jpg,3,CMD,8bc7432fd9028ee9,validation
1866858066.jpg,3,CMD,838f2f6a1a625367,validation
1867212072.jpg,3,CMD,9632d8b56dc14b6a,train
1867337976.jpg,3,CMD,d3f83c438da48c3b,train
1867590389.jpg,2,CGM,d8a6326dd86906fa,validation
1867630511.jpg,3,CMD,d37cc9a938a3582d,train
1867813812.jpg,3,CMD,cffc7515c3e0a0c4,train
186788126.jpg,2,CGM,8bc37b4d2619ec86,train
1868445246.jpg,4,healthy,97d46183f8511f5a,train
1868574400.jpg,2,CGM,80de72ada3625cd6,train
1868737413.jpg,2,CGM,9d8063dd06a74e37,validation
1869084286.jpg,3,CMD,c4ca5bbc033607db,train
1869166281.jpg,2,CGM,95e7535a3fa0ac41,train
1869431598.jpg,3,CMD,c1e4fce1ace1a6c4,train
1869687839.jpg,3,CMD,cdf0630b6470a3f9,train
1869765535.jpg,1,CBSD,91bab4899acacbc6,train
1870220929.jpg,3,CMD,85a1a8ba2b2fb2b5,train
1870238448.jpg,4,healthy,cbcd2e3a1d6aa44a,test
1870345628.jpg,1,CBSD,d79d288e0ef36158,train
1870385338.jpg,3,CMD,84fd21de0b347359,train
1870471457.jpg,3,CMD,e129302b78db2eae,train
1870488612.jpg,4,healthy,c11f139286eb91f6,validation
1870594416.jpg,2,CGM,e32783f06bac076c,validation
1870606014.jpg,4,healthy,9dbc4dc342d83317,train
1870627097.jpg,4,healthy,ded062a6b4904eee,validation
1870630420.jpg,4,healthy,c79133c2f525d52a,train
1870703832.jpg,3,CMD,c1b265cfc2ad58a5,train
1870791731.jpg,3,CMD,c4ef05d312ac5ab3,validation
1870824948.jpg,4,healthy,d28c30a54b570f3f,validation
1870826185.jpg,4,healthy,ae958ad91a39b2b1,validation
1871120832.jpg,3,CMD,85b9cf8e31a5b494,train
1871382569.jpg,2,CGM,d590787ad2725378,test
187186579.jpg,4,healthy,c1cf36c39198c9c7,train
1872997067.jpg,3,CMD,dd8622267ea51de2,test
1873100849.jpg,3,CMD,e7c964d34a283f31,validation
1873204876.jpg,1,CBSD,801f7ae15a472dcd,test
1873256612.jpg,2,CGM,d25d74834cf03b3c,train
1873436140.jpg,3,CMD,cfd0618ee053ac73,train
187343662.jpg,3,CMD,dcb032f4699da968,train
1873822026.jpg,3,CMD,91167ae0ad755a56,train
1874752223.jpg,2,CGM,defb71c05954129a,train
1874783019.jpg,3,CMD,c9f40ee36e44ca63,train
1874912757.jpg,3,CMD,9572349a2cf1ceac,train
1874987001.jpg,3,CMD,d09969d66eb92983,validation
1875040493.jpg,3,CMD,c7f121ce441abcf1,train
1875176388.jpg,2,CGM,cbf072ab0db2d588,validation
1875533805.jpg,1,CBSD,94a96faa8986f4b4,train
1875575694.jpg,3,CMD,90e20671aa07b3ff,test
1875749877.jpg,3,CMD,dc216c127ef4270f,train
1875934102.jpg,4,healthy,9499460b6bee7664,train
1876635789.jpg,3,CMD,d3943b9932773c48,test
1876905885.jpg,4,healthy,9dc36ff8720c9143,train
1876922129.jpg,0,CBB,d9c4261a2d1ddc7a,train
1877329141.jpg,3,CMD,9e9e2d2163a66ca9,validation
1877332484.jpg,0,CBB,cfce6e21f0370361,test
1877556541.jpg,3,CMD,c2f70ce07b183d3c,test
187768518.jpg,3,CMD,c3a605332c765add,validation
1877887938.jpg,2,CGM,d8f2e6d8a2b413a9,train
1878129720.jpg,4,healthy,e18b60d88c367ab7,train
1878603606.jpg,3,CMD,871a3907e103f8fe,test
1878671102.jpg,3,CMD,b9f944ea1a647e09,train
187887606.jpg,3,CMD,e3e9c5aa932f181c,validation
1878994621.jpg,3,CMD,c4fc3a984d7f6046,test
18792791.jpg,3,CMD,c9d2347dd1156bc1,train
1879306214.jpg,1,CBSD,dcc36fd00b9f90a2,train
1879407752.jpg,3,CMD,84ec0ff628f395a4,train
1879473722.jpg,1,CBSD,c18f0e4e08d877b7,train
1879613457.jpg,3,CMD,8d855576e61e1a1b,train
1879780359.jpg,2,CGM,dfc4415e01f31b87,test
1880094167.jpg,3,CMD,d4897533139d58ea,train
1880302534.jpg,3,CMD,81be618e77e12758,train
1880623255.jpg,4,healthy,c5a51aaa4d8d87dc,train
1881585879.jpg,3,CMD,fc3b846acf252aa4,validation
1881799608.jpg,3,CMD,d0f91662d9c6aba4,train
1881994461.jpg,0,CBB,d0f85cfe9cd31203,train
1882080819.jpg,3,CMD,f719ce0bd0a354e2,train
1882161360.jpg,3,CMD,c8bec0e22c77d474,test
188217517.jpg,3,CMD,9559a5a938a09f2f,train
18822170.jpg,3,CMD,dc877cc42ed05e58,test
1882239524.jpg,3,CMD,92a463c7491d7667,train
1882389951.jpg,3,CMD,d25863d76ccf8419,train
1882441539.jpg,3,CMD,8dda0df94d65218e,train
1882473489.jpg,4,healthy,82577d2e68f41c1e,validation
1882606745.jpg,3,CMD,a8d47ab427b314e3,train
1882919886.jpg,3,CMD,988f698675947791,validation
1882922468.jpg,3,CMD,c19d3327eeecc013,train
1882997044.jpg,1,CBSD,d4cb66d033507b35,train
1883219633.jpg,4,healthy,c8ab36fa6e892436,train
1883239637.jpg,3,CMD,85fe0477299f1127,train
1883335188.jpg,3,CMD,dd7560671dce10aa,train
1883419936.jpg,4,healthy,cece7299845730a7,test
1883708732.jpg,3,CMD,a4c83db137f23839,validation
1883840872.jpg,3,CMD,82fa17bc0ce51e3a,validation
188411023.jpg,3,CMD,d282b3b3a3e6a368,train
1884379874.jpg,2,CGM,c52468fed80b59d3,train
1884499886.jpg,4,healthy,912b7ca067d9af90,train
1884580980.jpg,3,CMD,954832a6dbb65b91,train
1884792007.jpg,3,CMD,90b35a90ed5a65a7,validation
1884942698.jpg,3,CMD,eae4978aa5056e17,train
1885063363.jpg,3,CMD,d1ce785b6ca503a3,train
1885201800.jpg,3,CMD,bfc3d480452a3eb3,test
1885492446.jpg,2,CGM,9ec1698c7b5225f8,train
1885500567.jpg,3,CMD,c4fc29ec28b55536,train
188551774.jpg,4,healthy,cd97e4d873636118,train
1886828385.jpg,4,healthy,8d0d2d25273f1e1e,train
1886905036.jpg,4,healthy,92a513a2bdbea11b,train
1887031828.jpg,2,CGM,d6b9b88c34d1e643,train
1887102374.jpg,3,CMD,c4e8f09cb98d1b4e,train
1887341048.jpg,3,CMD,93b41ee22533f159,train
1887369957.jpg,2,CGM,d1b923affc40430f,validation
1887611865.jpg,4,healthy,9a9472254bd27ec5,train
1887844954.jpg,1,CBSD,d3b7745358c89632,train
1888303872.jpg,3,CMD,c7c41be13b1d7099,test
1888617839.jpg,2,CGM,9dc770ca0e796097,train
1888672105.jpg,4,healthy,c4706e1d912ee71d,train
1888804836.jpg,3,CMD,c1f32c970fc1d24d,validation
1888938602.jpg,3,CMD,98506fdb386d09a7,train
1889205491.jpg,0,CBB,c9b774c29d2cc193,train
1889215655.jpg,0,CBB,cfd1235f3e41081f,train
1889502225.jpg,3,CMD,809b062e2c8f7f7c,train
1889617951.jpg,4,healthy,9291314319fccddd,train
1889645110.jpg,3,CMD,d0b96686765c7586,train
1889796065.jpg,4,healthy,94cb78f82af0ab91,train
1889980641.jpg,3,CMD,d99507fc500189ff,train
1890014049.jpg,3,CMD,c5b66a043f19b7c8,train
1890073539.jpg,2,CGM,c20e72069dfee48d,validation
1890187078.jpg,1,CBSD,8d91d4f77140b353,train
1890285082.jpg,3,CMD,95a609a9b6e6c963,test
1890446979.jpg,3,CMD,ccd12fb813ce19c9,test
1890473397.jpg,3,CMD,8bc1721c299ede8d,train
1890479595.jpg,3,CMD,c4bb6fac20417cae,train
1891003556.jpg,1,CBSD,86cf58d0e23ed28e,train
1891124969.jpg,3,CMD,92be7eb5751b0308,train
1891182946.jpg,3,CMD,d2b936e93ca4261b,train
1891543377.jpg,3,CMD,8ce46cc471f04bbb,train
1891723020.jpg,3,CMD,c11738cf78acfe01,train
1891755915.jpg,4,healthy,d1e610ff5232749c,train
1891912456.jpg,2,CGM,c89b357e398655a4,validation
1891937724.jpg,3,CMD,d8a719127bdc42cd,train
1892079469.jpg,3,CMD,879333726fe68468,train
1892210616.jpg,3,CMD,d697675841f0bce0,validation
1892210648.jpg,3,CMD,96a25ee933f10c8e,train
1892299839.jpg,3,CMD,89993aded265b143,train
1892378935.jpg,4,healthy,c396895036ff61ac,test
1892531971.jpg,1,CBSD,9c233ef062e6fc24,test
189256302.jpg,1,CBSD,dc423da953f90437,validation
1892715809.jpg,2,CGM,d772438e9de141b2,train
1892848839.jpg,3,CMD,caf659e60e09738c,train
1892978122.jpg,3,CMD,c1ff02ec454876ba,train
1893029476.jpg,2,CGM,ccce7e83596416a9,train
1893151157.jpg,3,CMD,93e8369be883e64a,train
189339781.jpg,3,CMD,d2dcf0292c7b0c3b,train
1893520640.jpg,3,CMD,955d0ecc78d14e1e,train
1893681527.jpg,3,CMD,cbacb24b4d0e592d,train
1893842412.jpg,3,CMD,c1ec704e9bb5350e,train
1893906773.jpg,0,CBB,e0efd105d2d599a1,train
1894124003.jpg,1,CBSD,c48b79d03bad81bc,train
1894282232.jpg,3,CMD,d1fc5b9229814e6e,train
1894675387.jpg,3,CMD,85a53a57b64c4cda,validation
1894712729.jpg,1,CBSD,d15f2ca6b4939293,validation
1895234488.jpg,3,CMD,bd9000febb46dd60,test
1895446245.jpg,3,CMD,c3c3562f241197bb,train
189585547.jpg,3,CMD,d8a113cc7cd791c6,validation
1895979101.jpg,1,CBSD,d3847cc3ec110fdc,test
1896023808.jpg,3,CMD,81be7af0560f245b,train
1896122351.jpg,3,CMD,8ccd37f429516764,validation
1896242040.jpg,3,CMD,d7f34b7628ac6046,train
1896468303.jpg,2,CGM,c996c2ad3ef11968,train
1896615294.jpg,3,CMD,94dc74e5f62d3842,train
1896666370.jpg,3,CMD,cb91233cf1875e23,train
1896975057.jpg,3,CMD,d59a18076bb5465b,train
1897014524.jpg,2,CGM,c4b540786f32f16d,train
1897331783.jpg,1,CBSD,950962e2ef6721f1,train
1897528635.jpg,3,CMD,d19279ae4b8019f7,train
1897585920.jpg,3,CMD,80ce2c16fb874f35,train
1897758108.jpg,3,CMD,cb6c56c7f12e2303,train
1897759599.jpg,3,CMD,c582387eed668b1c,validation
1898437154.jpg,3,CMD,867944fad526654b,train
1898688057.jpg,3,CMD,86a459952ad5acbe,train
189868840.jpg,3,CMD,c63d4bb818f2ea46,train
1898762161.jpg,2,CGM,c4263c2f346e6e66,train
1899098077.jpg,3,CMD,96cde60ed03507ea,train
1899127320.jpg,3,CMD,91e6cd6be960e446,test
189932394.jpg,3,CMD,931d52627397a8f1,train
1899653723.jpg,3,CMD,d04f24f26c0593fb,train
1899678596.jpg,1,CBSD,d3c5fc74042307af,train
1899716534.jpg,3,CMD,89d146ec6e8d2576,train
1899927409.jpg,3,CMD,899a613b5fe03ec1,train
1899940648.jpg,3,CMD,f95d55c94a21b06b,train
1900332418.jpg,3,CMD,c1d561e47e7142b3,train
190054871.jpg,3,CMD,e61b38372269af13,test
1900619656.jpg,3,CMD,81863e58a5db17e5,train
1900666535.jpg,3,CMD,97e336f0214c39ba,train
1900920171.jpg,2,CGM,c7996ef9b8643320,validation
1901115617.jpg,3,CMD,c29d24de3a676263,test
1901119946.jpg,3,CMD,c1c276680d66b6b7,train
1901135696.jpg,3,CMD,f4d941c94b426b8f,train
1901223927.jpg,3,CMD,e2d502e35d906fb8,train
1901330627.jpg,3,CMD,80d036badac747ce,test
1901823348.jpg,3,CMD,849c5e17439f7689,train
190222599.jpg,2,CGM,f3d0af9c84a0575a,train
1902233349.jpg,3,CMD,9af26542e4991d3e,train
1902246685.jpg,2,CGM,96bd7cae431c1c51,train
1902258647.jpg,3,CMD,c0902be63d6c3ed9,train
1902356737.jpg,2,CGM,9e9c67b7240e249d,train
1902379335.jpg,2,CGM,9619229e5947fba1,test
1902806995.jpg,3,CMD,d0f52f9d91182e27,train
1903343245.jpg,3,CMD,d12668ecca9f066b,test
1903454403.jpg,1,CBSD,d28abccab0f0f2d4,train
1903608739.jpg,3,CMD,939965e5b5d3502a,train
1903634061.jpg,3,CMD,80cb326f0dd65ee8,train
1903720214.jpg,3,CMD,d0ce06cd7abf2834,validation
1903746269.jpg,3,CMD,839f679ff4e0082c,train
1903950320.jpg,4,healthy,cd8c766d735828e1,test
1903992787.jpg,3,CMD,cdedadb188793812,train
1904073700.jpg,3,CMD,c4944f3309ff3983,train
190439528.jpg,3,CMD,8d9b782aa3d7c688,train
190449795.jpg,0,CBB,d6fc70153bf4c086,validation
1904646699.jpg,3,CMD,958b7226142db5be,train
1904799311.jpg,3,CMD,c6c017b64f859baa,validation
1905119159.jpg,1,CBSD,e7845b595b16b232,test
1905588148.jpg,2,CGM,aca5b192b3e4646e,train
1905665106.jpg,0,CBB,85e26ea5a8e5878d,train
1905776137.jpg,2,CGM,c09a7d882bfc91d3,train
1905806148.jpg,0,CBB,c0377899dd0623fc,train
1906106521.jpg,4,healthy,98b875b4b0f075b4,train
1906649077.jpg,4,healthy,9a9faf9787209aa0,train
1906662889.jpg,3,CMD,84f96ec34176e1c3,test
1906831443.jpg,3,CMD,a4de743c83e51bc1,train
190698162.jpg,0,CBB,c67628b43a89f2d5,test
1907138537.jpg,3,CMD,93666699b3e44ad2,train
1907189508.jpg,3,CMD,8de2173d43cce3e0,train
1907203125.jpg,3,CMD,b5c8548f3e3724c6,test
1907269617.jpg,1,CBSD,8b8fc66e485b392c,train
1907370084.jpg,3,CMD,94aafa2d79c59485,train
1907583116.jpg,3,CMD,87ca1597efb92029,validation
1907786974.jpg,0,CBB,fc8fa072cdc2a06d,train
1908074016.jpg,4,healthy,946b26c4c9f7fa01,train
1908179787.jpg,0,CBB,87b846c34aece665,validation
1908392634.jpg,3,CMD,80df7e39cb3018cd,train
1908512219.jpg,2,CGM,c1be394a1fa94ba4,train
190851290.jpg,3,CMD,99e638e21e59432f,train
1908552116.jpg,4,healthy,d1c63192aab11bbe,train
1908665775.jpg,1,CBSD,86d3384737582d97,train
19090141.jpg,3,CMD,85c2b4295cbdab36,train
1909072265.jpg,4,healthy,f69b0f680ad73cc0,test
1909170813.jpg,3,CMD,97b976e06696486c,train
190928103.jpg,2,CGM,88a87fda72d2c0ea,train
1909520119.jpg,3,CMD,c1f23e4e864563ba,train
1909574970.jpg,0,CBB,d8ec7e9e52e800f4,train
1909629301.jpg,1,CBSD,8cb552c71708dccf,validation
1909948307.jpg,3,CMD,d49f2c2357bc4346,train
1910208633.jpg,3,CMD,c2903a1cbfff1823,train
1910478563.jpg,3,CMD,87a71fc03e807bc6,validation
191073475.jpg,4,healthy,d84bb2e6516c29d9,validation
1910888895.jpg,3,CMD,d4bf528133344e73,train
1911044072.jpg,3,CMD,81cc6ec14e0d33bf,train
1911215310.jpg,3,CMD,d5d24dc02ef36568,train
1911224760.jpg,3,CMD,907f431ec1577c8c,train
191139600.jpg,1,CBSD,9ce227b6c285459f,test
1911975500.jpg,3,CMD,cec4421974f73d92,train
1912329791.jpg,1,CBSD,a3a83807d1fd83a7,test
1913067109.jpg,3,CMD,96c12f48caef38e8,train
1913393149.jpg,3,CMD,b1ec6b66013741be,train
1914091505.jpg,3,CMD,9de934cc83bec921,validation
1914659234.jpg,3,CMD,e78cc44bf8ae3911,train
1914862989.jpg,1,CBSD,c65a303ae150cbdf,train
1915044107.jpg,4,healthy,899a60fb19e4f332,train
1915195604.jpg,2,CGM,9ae80b84bf4fba18,train
1915645722.jpg,4,healthy,88ec5d6d45b3383c,train
191599460.jpg,3,CMD,d2bf400f2b51f92a,validation
1916496572.jpg,3,CMD,84cab7754639507d,test
1916594362.jpg,4,healthy,c0d43fc0535eebb0,train
1916638324.jpg,2,CGM,91dc1b0b38674d1f,validation
1916750786.jpg,3,CMD,e7f160a361cec88d,train
1916879367.jpg,1,CBSD,cbde6682c9252d4d,validation
1916947459.jpg,3,CMD,9bf638365dc1450d,test
1916970860.jpg,4,healthy,c7803a3e11e1f6f2,train
191741846.jpg,3,CMD,c943643f32527c9d,train
191783616.jpg,3,CMD,82aaaa9b879ccd9c,train
1917903934.jpg,1,CBSD,d5472bd1629d2d68,train
191826367.jpg,3,CMD,8d0f1072ed5f5a38,train
1918288357.jpg,3,CMD,e599711c4d6ce1d1,train
1918397898.jpg,3,CMD,d6e67a622b0a49b9,train
1918702434.jpg,2,CGM,c2722a2d80ea6f3f,validation
1918762654.jpg,3,CMD,93d07d0cd33d309b,validation
1918860127.jpg,4,healthy,af840bca4cf78563,train
1918860186.jpg,3,CMD,8dc1bbbd074129ad,train
1918913284.jpg,3,CMD,d0a67f60a7620fe2,train
1919271519.jpg,3,CMD,d1f46c532b7f5048,train
1919668160.jpg,0,CBB,98ad218e2dc1bcf3,train
1919707179.jpg,3,CMD,91ac5b876b1c6369,train
1919914.jpg,3,CMD,d0382dfbe5d64c0c,train
1920198241.jpg,1,CBSD,d2fa7af9e1a98900,train
1920538853.jpg,3,CMD,d5d54af24ec22ce4,train
1921012349.jpg,3,CMD,d6957e7420c66b4c,train
1921031740.jpg,3,CMD,d2c8dce1a4bce1e1,validation
1921138686.jpg,1,CBSD,a1a1645c7e6aeb61,train
1921186959.jpg,2,CGM,87e935c96c36159a,train
1921224656.jpg,3,CMD,93ea7329a4db0e86,train
1922566301.jpg,3,CMD,c1e4e1aeb1c9aaa9,train
1922691253.jpg,4,healthy,85cb33105b675756,train
1922719796.jpg,4,healthy,ded02d2e9c45c70e,validation
192312490.jpg,3,CMD,9c833d1ec03d8c7d,test
192315586.jpg,1,CBSD,97b86124579a38eb,train
1923179851.jpg,3,CMD,f2a16addc12c9c2e,train
1923659480.jpg,3,CMD,91c435ff4fd46980,train
1923898414.jpg,4,healthy,c0dc7b842517363f,test
1924021542.jpg,3,CMD,92f2f2e18d8d8ccc,train
1924122147.jpg,3,CMD,818f7a4fa299517c,validation
1924319462.jpg,3,CMD,965b2fe463875483,train
1924360069.jpg,0,CBB,d2e81eff282fe0c0,validation
1924411392.jpg,3,CMD,8085afc99447f2db,validation
1924812792.jpg,3,CMD,dcc5763a0a635a5a,train
1924884608.jpg,3,CMD,8df26301f0dc9ec3,train
1924914.jpg,1,CBSD,c0b642cd9ebf2564,train
1924967159.jpg,3,CMD,d08876efa75aa82c,test
1925077855.jpg,1,CBSD,98b5520b546997eb,train
1925563620.jpg,1,CBSD,d1592ee1e648139f,train
19258990.jpg,3,CMD,9cd5231c72c77287,test
1926101032.jpg,3,CMD,f6de60f80917ca70,validation
1926346428.jpg,3,CMD,c4c029a6d6fa99d3,train
1926533316.jpg,3,CMD,bf8dda90d48f9448,test
1926670152.jpg,0,CBB,c6742bc9a1766ec2,train
1926938373.jpg,3,CMD,8991d83c6cbc1d73,test
1926981545.jpg,3,CMD,88b32dc8a36b4abe,train
1927089555.jpg,3,CMD,c6de427314b51736,test
1927108127.jpg,3,CMD,cf6473e1b30294da,train
1927144610.jpg,4,healthy,c1dc68c17de20dd9,train
1927268633.jpg,3,CMD,d4c37b8f66b1205a,train
1927309377.jpg,3,CMD,ccec0f3573f2818a,train
1927374168.jpg,3,CMD,d4b8bfc2666a0f30,train
1927483035.jpg,3,CMD,821d3ee7cf42c534,train
1927778435.jpg,4,healthy,d0d2f2f2a2f2f0c2,train
1927862563.jpg,3,CMD,ab449862732f2f66,train
1927956289.jpg,3,CMD,919487f5dcb398c4,train
1927972009.jpg,3,CMD,83c156b56f155374,train
1928188434.jpg,1,CBSD,c18628151bcdf9bd,train
1928387839.jpg,3,CMD,d4832676bf4043dd,train
1928471334.jpg,3,CMD,d6046917b24b6fb1,train
1928512042.jpg,3,CMD,d8e234c8f0d36bf0,test
1928537678.jpg,3,CMD,c9ca0a5727b9529d,train
1928547462.jpg,1,CBSD,b1356c2b85b27a56,train
1928678720.jpg,1,CBSD,ee879e7a0229661e,train
1928681930.jpg,3,CMD,a5f00f638c0bfcc3,test
1928947606.jpg,2,CGM,cfc0c0caf79682dc,train
1929151368.jpg,2,CGM,c7a4320f3f686d94,train
1929477466.jpg,1,CBSD,80c8ebc9e0aadbd3,train
1929510475.jpg,0,CBB,998d5e49cba0e1b6,train
1929539397.jpg,3,CMD,d5b26be123cfa0a4,train
192970946.jpg,3,CMD,98831f9e81ed03fc,test
1930146002.jpg,3,CMD,d9d9759589810d79,train
1930224271.jpg,3,CMD,871cd4529ae9c9ab,validation
1930227281.jpg,3,CMD,86b137b889ff5203,train
1930611889.jpg,4,healthy,938460faef429cb9,train
1930665132.jpg,3,CMD,92b0e2645b431fbb,validation
1931110698.jpg,3,CMD,d30a756dcab45345,train
1931114133.jpg,3,CMD,c33b28c74e9d93c1,test
1931239893.jpg,4,healthy,8708619fe8b75b85,train
1931348391.jpg,3,CMD,9df8772a0fc01c66,validation
1931488881.jpg,0,CBB,f54d4a2194607f6b,train
1931522080.jpg,3,CMD,f9466d2f2a35f408,validation
1931631736.jpg,3,CMD,92bc61c53bf30339,train
1931682114.jpg,3,CMD,987632c714a9adce,test
1931683048.jpg,3,CMD,c3ea258421bb5ccf,train
1931732509.jpg,2,CGM,95916307d7b8f152,train
193173270.jpg,4,healthy,90876dbda2e58678,validation
1931764885.jpg,4,healthy,89d0b8c6f8c6ae93,test
1931934349.jpg,2,CGM,8bc57bf74c30d481,test
1932036531.jpg,3,CMD,81e71f5338624f6c,train
1932084666.jpg,3,CMD,9990341bfa830fdd,test
1932176916.jpg,3,CMD,fb0e611e8f740c9c,train
1932263546.jpg,4,healthy,d3cd14939eb47425,train
1932481347.jpg,0,CBB,c5b2738924c7abd4,test
1932487644.jpg,3,CMD,b0f3f4f0aca84897,train
1932604522.jpg,3,CMD,84d37f212d3d0537,train
1933240332.jpg,3,CMD,f28148b17c2f5f68,validation
193330948.jpg,1,CBSD,89d33c559de0681f,train
1933576413.jpg,2,CGM,92db2103fc9eb0f8,train
1933581758.jpg,3,CMD,9385b293f1f58513,train
1933911755.jpg,2,CGM,84fd7a0cf14609e7,train
1934046551.jpg,3,CMD,92b6cac08ab397d5,test
1934605474.jpg,1,CBSD,a4ce2f28c21f1e79,validation
1934675446.jpg,2,CGM,dad03bb302bf60e4,train
1934754539.jpg,2,CGM,94fb629db1363641,train
1935143915.jpg,3,CMD,8d927b54677819c3,train
1935147807.jpg,3,CMD,81c1c7cf8cceec98,validation
1935476091.jpg,3,CMD,920f733278bc8c4f,test
1935479226.jpg,3,CMD,d463b9e7203e0de4,train
1935951907.jpg,3,CMD,c4c92537b2490ffc,train
1936058467.jpg,4,healthy,c8e2f08d78a6cd55,train
1936198780.jpg,2,CGM,87f4342f12e97e24,train
1936471252.jpg,3,CMD,f8fb164923545b85,train
1936823827.jpg,2,CGM,c4b0333e99cc3c4f,test
1937128156.jpg,3,CMD,be619ce40fb163c2,train
1937179259.jpg,2,CGM,95d4d9d087c3f886,validation
1937240444.jpg,2,CGM,d3847286f6e887ca,validation
1937546373.jpg,4,healthy,d3ca70a30c775da2,train
1938614393.jpg,4,healthy,d4d8787816252ff4,train
1938616867.jpg,1,CBSD,8767784b5c9c1396,train
1938715150.jpg,2,CGM,d8b603dac15db463,test
1938725653.jpg,3,CMD,ce9870f78d383718,train
1938730022.jpg,2,CGM,93873c01070b3ffe,train
1938814824.jpg,3,CMD,b2dd6cdac321560e,train
1938824069.jpg,2,CGM,9fcd4f166870c538,validation
1939082470.jpg,3,CMD,96e1c66be86ae892,train
1939113672.jpg,1,CBSD,c9c3370f1ce8e722,train
1939120106.jpg,3,CMD,90f708db21e307f6,train
1939567096.jpg,3,CMD,94f65d9832461e9b,train
193958679.jpg,4,healthy,8a7779b6a14ee016,train
1939666540.jpg,3,CMD,e2a9518e245579f6,train
193990553.jpg,1,CBSD,9dea31a8568557a5,validation
194035212.jpg,3,CMD,d2ce2fbc75155908,validation
1940410728.jpg,4,healthy,a0630f79bcb0c357,train
1940582404.jpg,3,CMD,cd344fd20b7c283d,validation
1940934200.jpg,3,CMD,8ba376944fb31159,train
1940940893.jpg,3,CMD,94861bbcdf928c99,train
1940949758.jpg,3,CMD,f9067e9485ca64a7,train
1941107919.jpg,3,CMD,d9665dd00f349897,test
194117678.jpg,3,CMD,c51e36d179091f4e,test
1941209477.jpg,2,CGM,9dc32e6118c71f33,train
1941521780.jpg,3,CMD,d9bd60a54ac8673a,train
1941569739.jpg,1,CBSD,c5eb74c45aa468ba,validation
1942147134.jpg,0,CBB,acf67069481eae87,train
194223136.jpg,3,CMD,928130de630e5ffc,train
1942233808.jpg,3,CMD,d22655ea7b1139c9,test
1942531385.jpg,3,CMD,a7d258830f2ec6ec,train
1942589536.jpg,2,CGM,a6d42d4a55afd249,test
194265941.jpg,3,CMD,87a13813c5783fcd,train
1942764891.jpg,3,CMD,8085263f755bc6d3,train
1943423929.jpg,1,CBSD,d3fd1e833d932406,train
1943448568.jpg,2,CGM,c6c34b8412ca3bfb,train
1943654053.jpg,3,CMD,844a2d3e2bbe4d8b,train
1943662922.jpg,3,CMD,d3290ae59633f05b,train
1943882705.jpg,3,CMD,91d231ca52ed5c2f,train
1943999614.jpg,3,CMD,957f2f3f3029081e,train
1944572666.jpg,3,CMD,8cc721a55ec9d49b,test
1944764485.jpg,3,CMD,d96a337984906f56,train
1944784373.jpg,3,CMD,95286c76fe3c2364,train
1944928456.jpg,3,CMD,94f117ee29777880,train
1945042930.jpg,3,CMD,876d658075bb4a3a,train
1945045418.jpg,1,CBSD,948e3dee6ac11bb0,train
1945153538.jpg,4,healthy,c4f222c33799345f,train
1945357896.jpg,3,CMD,90c66ce4639c6f99,train
1946046925.jpg,3,CMD,99536c34a97e8bd0,train
1946306561.jpg,3,CMD,969c79596b0a466e,test
1946708779.jpg,3,CMD,8bfb4a32e8cc645a,train
1946928458.jpg,2,CGM,c75f6e6b20416cf0,test
1946961119.jpg,3,CMD,88f026c87f90eb37,train
1947066099.jpg,0,CBB,99e47a8d26966533,train
1947346252.jpg,3,CMD,b6d933f689a4106b,test
1947542350.jpg,2,CGM,fbaf632da5a80303,train
1947904134.jpg,4,healthy,9385638e374d9669,validation
1948078849.jpg,3,CMD,acb16de039c67b18,train
1948267522.jpg,2,CGM,d4b9386919f878c6,train
1948389107.jpg,4,healthy,dacd0ac372b24769,train
1948579246.jpg,1,CBSD,89326eb9e78c3163,train
1948688497.jpg,4,healthy,87980fd02e5f56f0,test
1948698978.jpg,3,CMD,c1b31ed334a8436f,train
1948966957.jpg,3,CMD,a0bf5f04fc198f30,train
194901171.jpg,3,CMD,83ca3c86addb20de,train
1949071639.jpg,4,healthy,a9ce69eaf8c8b610,train
194923526.jpg,1,CBSD,8b32361df9c2039f,test
1949350366.jpg,3,CMD,c4b741bac6783e29,test
1949374159.jpg,1,CBSD,cacc663ebd0c3e14,train
1949569617.jpg,3,CMD,8d606ca3d6d0699f,train
1949733963.jpg,3,CMD,c5d91265cd884bbe,train
1949993802.jpg,3,CMD,d0725e3f11e0e2cd,train
1950245943.jpg,4,healthy,80e76f2a3f487658,test
1950273419.jpg,2,CGM,858ef1c98ca42e9f,test
1950403407.jpg,4,healthy,cb3628bbcae87c81,train
1950600545.jpg,3,CMD,d06f25d2675bca84,train
1950825631.jpg,3,CMD,d6787c886793984e,train
1950970646.jpg,3,CMD,957d2d5141baa617,train
1951270318.jpg,2,CGM,dfc219a618b12c7e,train
1951284903.jpg,3,CMD,80751b693b43177b,train
1951398073.jpg,3,CMD,9cc233fa68956d13,train
1951432594.jpg,3,CMD,97e969823e6a02b7,train
1951627890.jpg,3,CMD,c35c665b6d560b34,validation
1951683874.jpg,1,CBSD,92763ca95c6ae2a6,train
1951865515.jpg,2,CGM,c18f37f40d547a23,test
1951968907.jpg,4,healthy,94734c782b0726fd,train
1952120040.jpg,3,CMD,f8071c742f8fb832,test
1952239701.jpg,2,CGM,9c236fdcc1fc7009,test
1952459381.jpg,3,CMD,a0813fb50e1d69dd,train
1952459462.jpg,1,CBSD,9be4362b6017763a,train
1952684921.jpg,4,healthy,86e31d0fea6423d6,train
1952723516.jpg,3,CMD,92c96bef37632508,validation
1952962919.jpg,3,CMD,9c9e09583bcb57e0,train
1953071676.jpg,2,CGM,c80b2e6beea99c98,train
1953246043.jpg,3,CMD,c5ee04bb44abfc50,train
1953482304.jpg,4,healthy,8d8957dca0e3a6a9,train
1953872321.jpg,1,CBSD,cdfe30ca8e243396,train
1953883168.jpg,3,CMD,cdbe02f6e5a23883,train
1954353329.jpg,4,healthy,94c9a333e1df8c26,train
1954385911.jpg,3,CMD,b43b373a678d6188,train
1954401437.jpg,1,CBSD,c4e6191537f8e057,test
195440753.jpg,3,CMD,d7a84ec7f9060cb8,train
1955288492.jpg,3,CMD,f3cd294e614b712a,train
1955289592.jpg,1,CBSD,ddfe6083fa42061e,validation
1955337037.jpg,3,CMD,cd581db4d4c03af5,validation
1955463864.jpg,1,CBSD,cc318ff8076ae14e,validation
19555068.jpg,3,CMD,84cccbcf4687cb51,train
1955593509.jpg,1,CBSD,89d67a58ea6b8b05,test
1955905129.jpg,3,CMD,d7969455db50d229,train
195590994.jpg,3,CMD,c4bb4bf4680ea52d,train
1955966140.jpg,2,CGM,cd740ab6411a7b9b,train
1955971780.jpg,3,CMD,de326926e2cd34c9,validation
1956034762.jpg,4,healthy,856e6e6103667cf1,test
195648573.jpg,3,CMD,d3f876d3e0a58581,train
1956819776.jpg,3,CMD,e0d21dca2770c5af,train
1957293251.jpg,1,CBSD,93ba28a24b6d496f,validation
1957341134.jpg,3,CMD,97eb4bf10cf0b0c2,train
1957481322.jpg,3,CMD,9f6c2443cfc17a94,train
1957663737.jpg,0,CBB,9a5966a64d5a29b5,validation
1957687163.jpg,1,CBSD,e0de7ae00e6aa5b4,train
1957897144.jpg,4,healthy,927d76cd850338d5,train
1957901675.jpg,3,CMD,d13c696a6318b9dc,train
1957906452.jpg,3,CMD,c86232bb4cd7a593,train
1958104279.jpg,3,CMD,b8f53be90c63c825,validation
1958450462.jpg,3,CMD,d5da4a0d525911fe,train
1958784721.jpg,3,CMD,8d5b3c420fd4a2b7,train
1959106502.jpg,2,CGM,b4cf3af2458e3823,train
1959325934.jpg,3,CMD,fa7b041fe9e50268,validation
1959483554.jpg,1,CBSD,c0a1bcf4253df919,train
1959596149.jpg,3,CMD,84793eeb65872994,train
1959856523.jpg,3,CMD,80fc0bed64ce5cc9,test
1959890279.jpg,3,CMD,badd2a5609ae9586,train
1959916308.jpg,4,healthy,c4f7ece4c34b034a,train
1960012199.jpg,4,healthy,a18006dd9d331bfe,train
1960041118.jpg,1,CBSD,b7c048af6976b225,validation
1960063101.jpg,2,CGM,d699664978b809cf,train
1960345472.jpg,0,CBB,98ce068552725b7f,train
1960632681.jpg,1,CBSD,c678253d39c39e86,train
1960927003.jpg,3,CMD,81992bd6cf71f0e0,validation
1961259941.jpg,2,CGM,8ccd2573fc6090e7,train
1961471399.jpg,3,CMD,919ab74808fb6e6c,train
1961893968.jpg,2,CGM,81ce65903b40ebf7,train
1962020298.jpg,2,CGM,9daf7a9c4045116f,train
1962108825.jpg,3,CMD,d4dc31a07a3cde45,train
196223809.jpg,3,CMD,d556ed0e77461ac0,train
1962378954.jpg,3,CMD,ea943d46502799f5,train
1962408284.jpg,1,CBSD,d2fa4f0893e834da,train
1962633596.jpg,1,CBSD,c893163a6aed8da5,train
1962653168.jpg,3,CMD,91111bd2a8c55aff,train
1963114976.jpg,3,CMD,888e2ce6524d5fc7,validation
1963206223.jpg,4,healthy,ffc0202770397d3c,test
1963346508.jpg,0,CBB,ce983473626764e9,train
1963440956.jpg,4,healthy,94234d7cc3ce5476,train
1963478389.jpg,3,CMD,a8b0d5178e8e3cda,train
1963648534.jpg,3,CMD,c1e12bdfe50592a5,train
1963744346.jpg,3,CMD,88d5671a7de116d2,validation
1964012353.jpg,1,CBSD,9b88785745d517a5,train
1964600968.jpg,4,healthy,c2ce3a2073668ddd,train
1964845483.jpg,3,CMD,97d04d3d1db2c296,train
1964957251.jpg,3,CMD,86c67523a33137b3,validation
1964968519.jpg,1,CBSD,99ec6a33620aa767,train
1965119616.jpg,3,CMD,dcc178600b7d534f,train
1965186557.jpg,3,CMD,98f45ac243493bb7,train
1965467529.jpg,1,CBSD,8a917bec11ea49e3,train
1965782159.jpg,2,CGM,b3a7d3d9c64b0c0c,train
1965850227.jpg,4,healthy,91d60b021a0ff5df,train
1965932647.jpg,3,CMD,87f026b4b2472e75,train
1966061216.jpg,4,healthy,946661e6e493673c,train
196618228.jpg,1,CBSD,d4cb738c708bbce0,train
1966222636.jpg,0,CBB,898b7fe059655865,test
1966321614.jpg,1,CBSD,c1d12f22e55d52cb,train
1966385524.jpg,4,healthy,89bec0f39e266689,train
1966479162.jpg,3,CMD,8faf31ad48686ccc,train
1966513283.jpg,3,CMD,c5ce14d677760526,train
1966591283.jpg,3,CMD,83e57597674a54a4,test
1966999074.jpg,3,CMD,fec0491abc0bcaad,train
1967011907.jpg,1,CBSD,878841b46796fdd4,test
1967085246.jpg,3,CMD,83136cef76cc9831,train
196723634.jpg,2,CGM,e5d10fe436720db4,train
1967901235.jpg,3,CMD,dda13c1b824a7e65,train
1968070287.jpg,2,CGM,dce03248bb9d1c6d,train
1968165864.jpg,3,CMD,81e72d27572f522c,test
196827889.jpg,3,CMD,e1833e65de5f6401,train
1968421706.jpg,3,CMD,d2c96aed256d1670,test
1968596086.jpg,4,healthy,d5e0560c2fd159c7,train
1968615575.jpg,2,CGM,ba85339950a7d5d4,validation
1968909684.jpg,2,CGM,99a7d05d46303ee5,test
1969050726.jpg,3,CMD,9ece66a35930b54c,train
1969270538.jpg,2,CGM,84ce764939b0b3e6,train
1969328625.jpg,3,CMD,cbc4617428db57c5,test
1969371877.jpg,3,CMD,d6ae7566388149da,validation
1969528266.jpg,3,CMD,d3951db55caa6514,train
1969558771.jpg,3,CMD,a5d295c92d698d27,validation
1969585969.jpg,4,healthy,c3cd2c976988968f,train
1969657862.jpg,3,CMD,d9c4363a75112f1d,train
1969745118.jpg,3,CMD,c4f87bc10687f4d2,train
1970290195.jpg,2,CGM,b581628fdc173674,train
1970622259.jpg,2,CGM,d8f86523f881e16e,train
1970877091.jpg,4,healthy,c4b34ad685d0717d,train
197102142.jpg,2,CGM,c9013b9b7c7c3c86,train
1971179233.jpg,3,CMD,9ec77a11f9986c90,train
1971287958.jpg,3,CMD,872f17d618d931b4,test
1971360173.jpg,3,CMD,b2d42bdf44a14e3c,test
1971423032.jpg,4,healthy,91a66bf2784eee10,train
1971427379.jpg,1,CBSD,c08f073c3d7c7a68,validation
1971706918.jpg,1,CBSD,95c1778c72abca25,validation
1971828114.jpg,3,CMD,dc9f46ba18b6e860,train
197188910.jpg,1,CBSD,9166597ed027b266,test
1972030164.jpg,3,CMD,ecd64de152c68e68,train
1972379294.jpg,2,CGM,ca856887e6aa5cab,train
1972409682.jpg,3,CMD,c6135e27688cdbd8,test
1972732995.jpg,3,CMD,99eb6765dd800a5a,train
1972768555.jpg,3,CMD,949d7a8dc336186b,test
1973051224.jpg,0,CBB,939b61c78c75662c,train
1973109559.jpg,2,CGM,c3d8053f60aef0cd,test
1973400842.jpg,2,CGM,9ce5b066a9798e61,train
1973608314.jpg,3,CMD,cc3276634f954ba2,validation
1973726786.jpg,3,CMD,d08b488b7b9d398e,train
1974079097.jpg,3,CMD,f5decd21ca47c540,train
1974117751.jpg,3,CMD,cc937cab72cb024e,train
197416826.jpg,4,healthy,c6ca58f83e6939a4,train
1974242714.jpg,2,CGM,8ac035733ae75a9c,test
1974290297.jpg,3,CMD,8db26be45a6a8bc8,train
197432034.jpg,2,CGM,d0d24e8e25a3b9ad,train
1974404627.jpg,3,CMD,87fd648728561e9a,train
1974451313.jpg,3,CMD,e4a14793fb1c6847,train
1974749895.jpg,3,CMD,c4963adc3fe9068a,train
1975167712.jpg,2,CGM,c4b83adc99ac81f9,train
1976266780.jpg,3,CMD,d0f0cde9e9a119f0,train
1976698452.jpg,3,CMD,9ed12fc92d9540ae,train
197701687.jpg,3,CMD,cb93218d65da701f,test
1977177894.jpg,1,CBSD,a897494eb6a60e3d,test
1977264281.jpg,2,CGM,d56472e2723a18cf,train
1977382577.jpg,3,CMD,b39a824c1f3aea36,validation
1977466275.jpg,4,healthy,98f3654c9c1193d7,test
197779816.jpg,3,CMD,e08b92f84aa72f53,train
1978440967.jpg,1,CBSD,d12e39cd1e6126f8,test
1978523350.jpg,4,healthy,ff8f033614f801f1,train
1978570472.jpg,3,CMD,a90f62c29ed4d33c,train
1978611125.jpg,3,CMD,ce9e8bd803fc889a,train
1978871563.jpg,3,CMD,85f3079853866f4d,validation
1979319033.jpg,3,CMD,d5fa48e66be14c28,train
1979328759.jpg,2,CGM,87a816bfc2154c6f,train
197942022.jpg,3,CMD,c0736b845fd0b695,train
1979482917.jpg,2,CGM,898e77644a597a59,train
1979663030.jpg,3,CMD,d6c87a7192c2eae8,train
1979887558.jpg,4,healthy,950a27e6ecc60de3,train
1980226433.jpg,3,CMD,9ce37096f8613ea8,train
1980864606.jpg,3,CMD,df8a3dbe0a706819,train
1981001695.jpg,3,CMD,93f272a09c9e1c3e,train
1981041140.jpg,3,CMD,c801624e9adf5d79,train
1981073260.jpg,0,CBB,c6c30e85e4c3d557,train
1981291103.jpg,3,CMD,dcb76b230308732f,train
1981418117.jpg,3,CMD,85367b85c6a72d70,test
1981504031.jpg,3,CMD,baf1078c253ac19f,validation
1981678917.jpg,1,CBSD,de3879d190bcc60b,train
1981710530.jpg,3,CMD,86926b9fcd4b58d0,train
198179397.jpg,1,CBSD,d33e256aae69930c,train
1982042661.jpg,2,CGM,b2c02bce5d6d905e,test
1982356944.jpg,3,CMD,85a175ad2a6678ea,train
1982384882.jpg,3,CMD,eaed427619a22ee2,train
1982702143.jpg,3,CMD,d6f9f3d0b0270383,train
1982908964.jpg,4,healthy,94ce872fd80b9563,test
1982984348.jpg,3,CMD,9ddb63a46266072e,train
1983266061.jpg,3,CMD,d00e343e0aeb5ba7,train
198333324.jpg,1,CBSD,d431490b8d55db73,train
1983411262.jpg,4,healthy,9999234b5092b76f,train
1983422244.jpg,1,CBSD,81ea3e7521b3346d,train
1983454737.jpg,4,healthy,9df125a6dc210e76,train
1983523977.jpg,4,healthy,aab73a194ba9543a,test
1983581913.jpg,1,CBSD,a485f8d23a37254f,train
1983593299.jpg,3,CMD,f8d521d4dc711ec1,train
1983607439.jpg,3,CMD,82ce7f68b5178a43,train
1983700574.jpg,3,CMD,d0c2075e46f1633f,train
1983716706.jpg,3,CMD,989c3cf727c0069f,test
198415673.jpg,2,CGM,94b6984b8d6c4f96,train
1984285050.jpg,2,CGM,8f427a61b7b59611,train
1984779021.jpg,4,healthy,88ba2eaece2c554d,train
1984799311.jpg,3,CMD,94877433564da5d6,train
1984830007.jpg,1,CBSD,b0bb38b9b790a19c,train
1985171979.jpg,2,CGM,e03447304db6b9ee,test
1985341761.jpg,3,CMD,ff87fc000e3107f8,test
1985460238.jpg,3,CMD,de89be06647b0cd8,test
1985492850.jpg,3,CMD,dda8acd010af5ba6,test
1986081806.jpg,3,CMD,ebd4657018723be4,train
1986334789.jpg,3,CMD,c0bf52a47bc50ae9,train
1986556511.jpg,3,CMD,81f1646b1d74772a,test
1986722045.jpg,3,CMD,83a24fdeccd90d1a,test
1986919607.jpg,3,CMD,b2a0560ab7fc256e,train
1986950295.jpg,3,CMD,9cd6365d31e0c94b,train
1986963411.jpg,3,CMD,d88f79e4833c9076,validation
19872828.jpg,4,healthy,b3b64a4ab616aae2,train
1987438093.jpg,3,CMD,d1be633f58110e78,train
1987652657.jpg,3,CMD,e0f76c240ff94d81,train
1987807979.jpg,1,CBSD,e3b847436c8d8fc8,validation
1988296681.jpg,3,CMD,91ea542f45da6b85,train
1988390173.jpg,3,CMD,88e07e2e279a87c7,train
1988550329.jpg,3,CMD,c5ddd194f6e6202a,test
198858011.jpg,3,CMD,c49358f8c64ab4dd,train
1988989222.jpg,3,CMD,94a22651eb762b57,validation
19890423.jpg,4,healthy,d3a13c933d864d8e,train
1989303026.jpg,3,CMD,d3bc02292ce27d2f,validation
1989388407.jpg,3,CMD,c0be06e12fd37b09,train
1989453071.jpg,4,healthy,d84923f352c89bb9,train
1989483426.jpg,1,CBSD,99e82d4022a5f5fe,train
1989543996.jpg,2,CGM,89ee037a36a762d2,validation
1989674457.jpg,3,CMD,8dc634d09f51da6c,test
198973660.jpg,3,CMD,c5b633830dc4a59f,train
1989789271.jpg,4,healthy,d5f207d9030e3df0,train
1989974415.jpg,3,CMD,9ce70b8d078cd527,train
1990072539.jpg,3,CMD,8e15296e35fa89e4,train
1990169159.jpg,3,CMD,c0ac398592fbb9d2,test
19905959.jpg,3,CMD,c4263c79d14e1ed5,train
1990899878.jpg,4,healthy,d5fd6fa203a414a9,train
1990916295.jpg,0,CBB,cd95384c3ddca383,train
199104607.jpg,1,CBSD,8bcc745233bcbd84,validation
1991065222.jpg,2,CGM,d2cd23df49a4652a,train
1991094852.jpg,4,healthy,96e3793e2467ca14,train
199112616.jpg,1,CBSD,9ae5526db55a4c92,test
1991311917.jpg,4,healthy,cdffb980d0b0c0ec,validation
1991345445.jpg,3,CMD,c69d7352e71bac40,train
1991499103.jpg,3,CMD,b85e7a07c303f1b2,train
1991955434.jpg,4,healthy,dae16518e6a4c763,train
1992010319.jpg,3,CMD,939497a5b1c69873,train
1992344836.jpg,3,CMD,961653e652cd4bd8,train
1993274456.jpg,3,CMD,94814b59fe6a4f4c,train
1993434265.jpg,3,CMD,c65b3c98ec7003de,train
1993464761.jpg,3,CMD,84cd533707672f07,train
1993604237.jpg,1,CBSD,d226619a67f5946a,train
1993626674.jpg,3,CMD,dbb6266575a2350a,test
199365289.jpg,2,CGM,f5ca30b566d9a22c,validation
1993797048.jpg,0,CBB,8a2f6ca23d565ac3,train
199380974.jpg,2,CGM,c1cf311b1e86139f,train
1993917626.jpg,4,healthy,959a7ae1461e3c1b,train
1994049611.jpg,3,CMD,949c66d73ac5855c,test
1994098867.jpg,3,CMD,cb9f252934484bf5,train
1994159340.jpg,4,healthy,acad071347b670dc,test
1994226029.jpg,2,CGM,df813be8a4217566,train
1994247876.jpg,1,CBSD,d18679831ef9072e,train
1994561137.jpg,3,CMD,dc5622bc18bc7c56,validation
1994597996.jpg,1,CBSD,c1c0381e4b2d3fd7,train
1994659903.jpg,4,healthy,c0c82ed71b3e67a4,train
1994860196.jpg,3,CMD,e19d7c9c46489f58,train
1995081893.jpg,3,CMD,f08f3fa03db0e885,test
1995180992.jpg,3,CMD,cc4b2df62cd5c039,train
1995342174.jpg,3,CMD,e19573ec50b63139,train
1995490116.jpg,3,CMD,d17924664938a7b7,train
1995608609.jpg,2,CGM,8a951ba6250b5ebd,train
1996004167.jpg,3,CMD,959e22ab4948f6b5,train
1996031857.jpg,4,healthy,96e12cd8237e4cea,test
1996117049.jpg,3,CMD,82e11b8df28b3f49,train
1996243221.jpg,3,CMD,9c8c67f1cc308f3a,validation
1996317543.jpg,2,CGM,d087b9d443047afb,train
1996577908.jpg,3,CMD,e20d32cf626f06f8,validation
1996736745.jpg,4,healthy,8eca5160bb3b71c3,train
1996862654.jpg,3,CMD,87fc7cf089134b91,test
1997187079.jpg,4,healthy,ddc62daa0a32e6d4,validation
1997488168.jpg,3,CMD,9f71ee718170847c,validation
1997972412.jpg,3,CMD,9b720c6d944bf0d6,train
1998118528.jpg,4,healthy,9c6379946fa4592c,test
1998363687.jpg,3,CMD,d6c01a491fce3735,test
1998622752.jpg,2,CGM,92e3a2958bd5d34c,train
1998676158.jpg,3,CMD,d08337880ddb6f36,train
1998802568.jpg,3,CMD,811d39e25e846fae,test
1998817609.jpg,4,healthy,839c5b9c6731fe01,validation
199900096.jpg,3,CMD,8df570b1281b37c5,test
199917295.jpg,3,CMD,8cf32adb609fa40b,train
1999233979.jpg,3,CMD,c39838f61eed8f80,validation
1999385559.jpg,3,CMD,da817fa96509781b,test
1999438235.jpg,2,CGM,832136f7343f3c8c,validation
1999715913.jpg,4,healthy,8dba796062f612dc,train
2000281372.jpg,3,CMD,ac1271cbae72994e,train
2000430035.jpg,4,healthy,c7935ae550ac194f,train
2000481519.jpg,2,CGM,91f06336e1c26f59,test
2000558365.jpg,3,CMD,d87a79402136fdb4,validation
2000880399.jpg,3,CMD,91f23d8c8b45d1ad,validation
2001457610.jpg,3,CMD,9269b479b6992a93,train
2002041834.jpg,3,CMD,91e2799e66dd6205,train
2002072647.jpg,2,CGM,ce4566f84b269157,train
2002168063.jpg,2,CGM,d4e03fc9449f911e,validation
2002208797.jpg,3,CMD,9d79608f4837c43b,test
2002289812.jpg,3,CMD,8e0ef1a51caaa573,train
2002337945.jpg,4,healthy,b2e243b4227db47a,train
2002346677.jpg,3,CMD,c23639b86f917a07,train
2002623624.jpg,3,CMD,b4e5266e77d8228a,train
2002772795.jpg,3,CMD,c1737e98446f730a,test
2002853239.jpg,1,CBSD,d49617353d671705,validation
2002906625.jpg,2,CGM,cce816a5b497f861,train
2003067998.jpg,3,CMD,a3f35b390131cbd8,train
2003114369.jpg,3,CMD,c18a35ca65676f85,train
2003165329.jpg,3,CMD,a6b31a6147d3c93c,validation
200330382.jpg,3,CMD,dc6a65a319e31cd1,train
2003348266.jpg,4,healthy,9468330f4b776c65,test
2003717343.jpg,3,CMD,c0a12c9369f666eb,train
2003778001.jpg,2,CGM,85ec0d39eac55a56,train
2003860919.jpg,3,CMD,95cc593ad1d41de2,test
2003956257.jpg,3,CMD,d8797c73091f3294,train
2004186800.jpg,2,CGM,81ae274b2eb16d8e,train
2004702183.jpg,1,CBSD,9532499acd79656c,train
2005247448.jpg,3,CMD,f28711d8763e2666,train
2005257030.jpg,0,CBB,f0a363b9a5e158b8,train
2005545104.jpg,0,CBB,c6c845473a9739f8,train
2006137227.jpg,3,CMD,d87b65a0cd299c33,validation
2006215409.jpg,3,CMD,d5b624cad2da7918,train
2006554729.jpg,2,CGM,d08e1fb5cc438c4f,train
200665366.jpg,3,CMD,d6b67959c9641466,train
2006844398.jpg,1,CBSD,c1632fa432daeca6,validation
2007036418.jpg,3,CMD,89b74be2702b91d6,validation
2007047411.jpg,4,healthy,b2c1b467655ada98,train
2007737070.jpg,0,CBB,ccf3678303bd7403,train
2008117756.jpg,0,CBB,d19cab2942f56c17,train
2008729929.jpg,2,CGM,d48a696e97d18e61,train
2008776850.jpg,3,CMD,c1fc6ae36b061966,train
2008790859.jpg,3,CMD,d1a772b4a371a543,train
2008808261.jpg,3,CMD,c3b35fcc660370b8,validation
2008955188.jpg,3,CMD,89d23af96aa303f4,train
2009562351.jpg,3,CMD,dad07ab086d23e55,train
2009623499.jpg,3,CMD,c99e049cf1dd702b,train
2009631519.jpg,3,CMD,d6b63f0048d981fe,train
2009674442.jpg,3,CMD,d8d3525b74f0e223,train
2010109352.jpg,3,CMD,a1df4017f4f8a40f,validation
2010268546.jpg,3,CMD,d06c1ba4e5d9363a,train
2010315176.jpg,3,CMD,a1a74d98d689e857,train
201033185.jpg,3,CMD,8d639d25c2b8553b,test
2010628343.jpg,3,CMD,85ec5a872db37074,test
2010787138.jpg,3,CMD,85f322e265aaae8d,train
2011205362.jpg,1,CBSD,8a4d94d8e57265f2,train
2011372560.jpg,2,CGM,c6c46fee14680c77,train
2011474799.jpg,1,CBSD,c5707a92780f3b8d,train
201171062.jpg,3,CMD,c552b455133f1ea9,test
2011856234.jpg,3,CMD,d8a3666816cc7c75,train
2011886920.jpg,1,CBSD,905e0bb5d49678e6,train
201201648.jpg,3,CMD,d9c0466d2552cafd,test
2012036161.jpg,0,CBB,a3a31a4e4d0b7c7a,train
2012232814.jpg,3,CMD,98ce60cca63775f0,train
2012411582.jpg,1,CBSD,c79f630658e946ca,validation
2012639155.jpg,4,healthy,c4e0616ae3e37c8d,validation
2013004933.jpg,3,CMD,d1adcf93a10b9352,train
2013583726.jpg,3,CMD,944e71703e1ecf68,train
2013693595.jpg,3,CMD,c0ac25e476b01ff9,train
2013804410.jpg,2,CGM,dbc842243719dbe9,train
2013837502.jpg,3,CMD,da4b1584c12d6fab,train
2013853837.jpg,3,CMD,9ce33611f28c1cb7,train
2013935388.jpg,1,CBSD,838cf1a649d30ef3,train
2014097197.jpg,3,CMD,c4d90ac29cef27cc,train
2014209671.jpg,3,CMD,a9b6523e55ac3a45,train
201421885.jpg,0,CBB,ea87ff50033aa32a,train
2014492318.jpg,3,CMD,85fdc0930fae1e0e,train
2015310218.jpg,3,CMD,87c002efb4daa55e,test
20153440.jpg,4,healthy,993264c67cd13e99,validation
2015518840.jpg,3,CMD,d0596bc648c7b475,train
2015623065.jpg,4,healthy,d0e966d2deb292c4,train
2015754935.jpg,2,CGM,c9b321dc4a2e56d9,train
2016031973.jpg,3,CMD,a4f47a538a3d9352,train
2016298412.jpg,3,CMD,c38217067b5afe83,validation
2016302207.jpg,4,healthy,8bd66131b9d988c7,train
2016371750.jpg,3,CMD,85f327be0d1079d2,train
2016389925.jpg,1,CBSD,a23c79c0c48bdcbb,train
2016669057.jpg,3,CMD,c6a523986ef165e8,validation
2016713149.jpg,3,CMD,c1f4635a62d1c7e1,train
2016905138.jpg,3,CMD,cb96641b894ed479,train
2016922102.jpg,3,CMD,84f44bce64b0366f,train
2016929365.jpg,3,CMD,c1b52cc85e49c74f,train
2016930631.jpg,3,CMD,8c4323b9b2de79c2,train
2016976059.jpg,3,CMD,9196a722dc9962f6,train
201703584.jpg,0,CBB,dd812106533f27db,train
2017329516.jpg,3,CMD,b1c4f24f31ed18c3,train
2017774096.jpg,2,CGM,d3d04db93044a7bd,test
2018156221.jpg,1,CBSD,d3cc706055fb2672,test
2018165733.jpg,3,CMD,d13b7ec44668ed12,train
2018748620.jpg,3,CMD,a8d932716c6e788e,validation
2019072714.jpg,4,healthy,c0bc63b41df911d6,train
2019165943.jpg,4,healthy,f1b3b373920d4c8c,train
2019191905.jpg,3,CMD,f4d86b340a75ce62,train
2019763598.jpg,3,CMD,93964658ae1e4d3e,test
2019819944.jpg,3,CMD,c1a63f64b9380779,train
2019941140.jpg,3,CMD,95cccb001dd3e32f,train
2020174786.jpg,4,healthy,85192ba45ba7d365,validation
2020316651.jpg,1,CBSD,d49262e668478f9d,train
2020679946.jpg,3,CMD,e293c5f21f4ef108,train
2021127327.jpg,1,CBSD,f9877856b3700f50,train
2021239499.jpg,1,CBSD,c9e734b3c9c8252b,train
2021244568.jpg,3,CMD,d4c3225b2ba4b96e,train
2021497832.jpg,3,CMD,d9a94e82f4f0239d,train
2021674610.jpg,0,CBB,818472bfccaf4b70,train
2021701763.jpg,2,CGM,c0a72a07fd273b62,validation
2021948804.jpg,4,healthy,d8cf25d002a7ed96,train
2021955535.jpg,3,CMD,aacb5458cab745d4,train
2021964634.jpg,1,CBSD,ced025db3ea47432,train
2021981725.jpg,4,healthy,d886dac0d3fa941b,train
2022032014.jpg,3,CMD,a72e66230ecb498f,train
2022328108.jpg,3,CMD,c1e4f99468b4f662,train
2022734694.jpg,1,CBSD,8bd86025371f393b,train
2022806840.jpg,4,healthy,991523c3ceeb41ce,test
2023062288.jpg,3,CMD,beee439304bc56a8,validation
2023366214.jpg,4,healthy,d62f398c958e63a1,train
2023813792.jpg,0,CBB,94e952c96898b7b6,test
2024172583.jpg,3,CMD,84cd234c2b5b7cf8,train
2024328143.jpg,3,CMD,935866b60d3eb22d,test
2024374578.jpg,3,CMD,99a161f9537df048,train
2024432255.jpg,3,CMD,d6bc249f78881cf8,validation
2024454245.jpg,3,CMD,86cc23f6fc096c96,train
2025224084.jpg,3,CMD,8ca36787e38847ea,train
2025648627.jpg,3,CMD,86963b3f26e4781c,train
2025758735.jpg,2,CGM,9e391ac2867ad4d6,test
2026049227.jpg,3,CMD,89e436196ce542fe,test
2026174154.jpg,3,CMD,82820bed1dce7676,train
2026227726.jpg,3,CMD,db762fda96259820,train
2026260632.jpg,4,healthy,8c9358947dec43cb,validation
2026618644.jpg,1,CBSD,cc2175d68972e659,train
2026837055.jpg,1,CBSD,d7c8727264a6bca4,train
2027009967.jpg,3,CMD,cc8319315cf467b6,train
2027047978.jpg,3,CMD,85f160c63599e765,train
2027162544.jpg,3,CMD,d3482a7f3061735d,train
2027184079.jpg,3,CMD,9c631710731d687f,train
2027299307.jpg,3,CMD,9e65745b1268bcb1,train
2027324099.jpg,3,CMD,dca5263fd390223e,train
2027426362.jpg,0,CBB,95bc6e27362e2cc4,validation
2027751739.jpg,4,healthy,ddcc79b16daa6802,train
2027821196.jpg,3,CMD,c0a7638d529271ef,train
2028027958.jpg,4,healthy,84ab6ca33ed3c532,test
2028087473.jpg,0,CBB,b1c92bda581cf4d2,test
2028194351.jpg,3,CMD,b5a6e89d03777111,train
2028194566.jpg,3,CMD,85efb06e922bc8ac,validation
2028259586.jpg,2,CGM,9f95705f39432174,validation
2028369861.jpg,2,CGM,c7e8237f7881bc90,train
2028419777.jpg,3,CMD,95d0372a2e33f386,train
2028506424.jpg,4,healthy,87823a4c1bd0f6db,validation
2028546131.jpg,4,healthy,8be769e9c6f45440,train
2028754685.jpg,1,CBSD,cff0469c3a4e6c43,validation
2028922516.jpg,3,CMD,cfa643f88d586598,train
2029017692.jpg,3,CMD,c0117b5fe0c11fd6,train
2029193021.jpg,3,CMD,94e539d78e0498fa,train
202946302.jpg,3,CMD,adca891a55d20abf,train
2029751632.jpg,1,CBSD,8d196378256e6ace,train
2029911058.jpg,3,CMD,83b86f19bfcc830a,test
2030421746.jpg,3,CMD,e0da533324e6ad93,train
203075136.jpg,2,CGM,c7a06bfd706aa189,test
203087445.jpg,2,CGM,91d76adc1ca7d109,train
2030983872.jpg,2,CGM,811a3f7a3e909ed4,train
2031180151.jpg,3,CMD,92c61aac2fe619b9,test
2031634119.jpg,4,healthy,d58a7ef4d58e0825,train
2031835632.jpg,2,CGM,afadd4d0c0ae4ac5,test
203193692.jpg,4,healthy,9d4b2975232cb19e,train
203200781.jpg,3,CMD,93b2b029b99c0f3d,test
2032102834.jpg,3,CMD,9ce9083ea906be37,train
2032424742.jpg,3,CMD,93e05b1d0e7a689d,train
2032441634.jpg,3,CMD,90fe63117c87079e,validation
2032736928.jpg,3,CMD,b1d8ccfe43b93085,validation
2032955509.jpg,2,CGM,d198cae03acf32cb,test
203315270.jpg,3,CMD,dfad7a0e044c530f,train
2033316556.jpg,3,CMD,ba493272278dd5d2,test
2033648478.jpg,4,healthy,967a4734ed804b3b,test
2033655713.jpg,4,healthy,f5ff60b4a4c51505,validation
2033707322.jpg,1,CBSD,c3e1234305a77ef2,train
2033709422.jpg,3,CMD,95ce988efc3ca864,train
2033750577.jpg,3,CMD,88b75f725b2e2518,train
2033929849.jpg,3,CMD,848563db2b7349d5,train
2034119806.jpg,3,CMD,81e04178edb77d92,train
2034179066.jpg,1,CBSD,900463c3dd9d762f,train
2034300909.jpg,3,CMD,c1e5684545d4bdf8,test
2034410033.jpg,0,CBB,85aa2b7dcbc0d0ad,test
2034902802.jpg,2,CGM,d1cb2e93f06c1d13,train
2035009601.jpg,4,healthy,9885693a0443bff7,train
2035143939.jpg,3,CMD,84b32fa71730e596,validation
2035397744.jpg,3,CMD,cce4e6b8293b4347,train
2035479536.jpg,3,CMD,ecf842863a5253fc,train
2035935927.jpg,3,CMD,84d7b9e3511436ad,train
20361463.jpg,1,CBSD,c8fd50df0aa225f2,train
2036313287.jpg,2,CGM,cae51763b54290ed,test
2036664947.jpg,1,CBSD,c89c355f1f9405ea,train
2036966083.jpg,3,CMD,e98c0e733a7ac2b1,test
2037151431.jpg,3,CMD,80cb696cffbc8407,test
2037506456.jpg,3,CMD,c4d370c45aa41fbe,test
2037654079.jpg,3,CMD,92581d1f91956ee6,train
2038191789.jpg,3,CMD,90af644f3fd410b9,train
2038307832.jpg,3,CMD,c907390f1e513fb8,train
2038601042.jpg,0,CBB,93d53b426144e6eb,train
2038741619.jpg,3,CMD,c2f7204771ff900b,train
2039512472.jpg,4,healthy,8ad52a5db1ab51a6,train
2040142509.jpg,3,CMD,d8a377a82d47d1a8,train
2040710303.jpg,3,CMD,c493724b0ade137d,train
2040980180.jpg,3,CMD,81f8b9aea2c3bab0,train
2041011559.jpg,3,CMD,f083e8a64f964f86,train
204116012.jpg,4,healthy,857a46f9a2a59b26,train
2041164461.jpg,2,CGM,c9b669823e69c4ea,train
2041267183.jpg,3,CMD,c0e33c8976b73d21,test
204127246.jpg,3,CMD,c7ad3e90743e82e4,train
2042091361.jpg,3,CMD,924b612f5a954d9e,train
2042381170.jpg,3,CMD,d28d369d636e0566,train
2042745547.jpg,3,CMD,9eed6dc669033c50,test
2042810761.jpg,3,CMD,c36e67d2f91540e4,train
2042895796.jpg,3,CMD,8453e43f689563b6,test
2043115778.jpg,3,CMD,91aa6cb273571369,train
2043193612.jpg,3,CMD,ccb629c139546bb3,train
2043349328.jpg,3,CMD,d0912fbf16e06b2a,train
2043405600.jpg,3,CMD,d87c36984b8e153e,train
2043962950.jpg,3,CMD,81db1e63513e59c6,train
2044004703.jpg,3,CMD,c19a67d46aa03eb6,validation
2044199243.jpg,0,CBB,d09e6a9f347486cc,test
2044627598.jpg,3,CMD,98b41ce7780be54b,test
2044665916.jpg,3,CMD,d0ceb7b051f22a71,train
2045010474.jpg,3,CMD,f8f37eaf17220070,train
2045155911.jpg,1,CBSD,8a985ace4dc3c5ad,train
2045367383.jpg,4,healthy,d3e124167db33a62,test
2045580929.jpg,3,CMD,d2f612ed1db8b106,test
2045675044.jpg,3,CMD,ae8b353352f77044,train
2045866821.jpg,2,CGM,a7e272c2e2b60771,test
204616689.jpg,2,CGM,85967127983e7399,train
2046239409.jpg,0,CBB,d8fb2748f006d279,test
2047003483.jpg,2,CGM,8f8c0466e1e3f933,train
2047193101.jpg,3,CMD,c9382df18296f86e,train
2047483616.jpg,3,CMD,d47060b21b19cfcf,train
2047500718.jpg,3,CMD,cba854ff76010c37,train
2047764573.jpg,3,CMD,8490798c6af4f3b9,validation
204827795.jpg,3,CMD,decf2d2426a73311,test
2048322812.jpg,2,CGM,c3ed6a8b5a137c21,train
2048354223.jpg,4,healthy,e3d70d8ef40539a8,test
2048496829.jpg,2,CGM,f6c539a5366a74c0,train
2048902199.jpg,3,CMD,91f1668c79e4e551,validation
2048969228.jpg,4,healthy,94cf7eb8218c51ce,train
2049128107.jpg,4,healthy,adc858ba74bf5608,train
2049272993.jpg,3,CMD,c5f82b94218f7ee0,train
2049291369.jpg,2,CGM,8cc66fa55149a557,train
2049510277.jpg,3,CMD,c536499827cb1e3d,train
2049551156.jpg,3,CMD,922d26db1b52d39c,train
2049908503.jpg,4,healthy,8d8e26e7c4893cf2,test
2050151194.jpg,4,healthy,d4a40ffce48787c8,train
2050186837.jpg,3,CMD,c4c11ab26daca35f,train
2050190340.jpg,3,CMD,86f21e443cb665bc,train
2050623186.jpg,4,healthy,bfb50a6373b2050d,validation
2050640956.jpg,3,CMD,c48d5ff0d871ba22,train
2051048628.jpg,3,CMD,c4bf6f6b342252c8,train
2051128435.jpg,3,CMD,def5240e688e0fca,train
2051265559.jpg,3,CMD,98827c0eb3e46ed9,validation
2051343489.jpg,3,CMD,dc9c5ce898983736,train
2051366102.jpg,3,CMD,94813e12b5dfc54d,train
2051400563.jpg,3,CMD,938463c17fd63c8c,validation
2051495839.jpg,0,CBB,8ed8376c917b8985,train
2051629821.jpg,1,CBSD,92932d905cdda576,train
2051638455.jpg,3,CMD,c01b6cd36d9a4de2,train
2051816326.jpg,3,CMD,83ad668d6ccec58c,train
20518383.jpg,2,CGM,c19e7e082dae53ca,validation
2052193319.jpg,0,CBB,f2492ff080af703b,train
205249425.jpg,3,CMD,f4b674af15059552,test
2052500079.jpg,3,CMD,b0f1299ab6c7494e,train
2052664728.jpg,1,CBSD,b6c37099cd3718d8,train
2052889955.jpg,2,CGM,819611ee3bc7bca4,test
2052899282.jpg,4,healthy,8c8c7b33c3963ccc,train
2053079432.jpg,3,CMD,c9d33cf608a9f254,train
2053738846.jpg,2,CGM,d5c83f2d2989e722,test
205384008.jpg,3,CMD,c75623c349d972a9,train
2054130310.jpg,3,CMD,c487386f1bb9819e,train
2054174491.jpg,3,CMD,ddec52e43d5801cb,train
205418485.jpg,1,CBSD,82b1779b8154fae4,train
2054452426.jpg,3,CMD,81f6176d3d216687,train
2054648855.jpg,3,CMD,a89ea9d2d08d5735,validation
2054719137.jpg,3,CMD,dfd529c4205f7f00,validation
2054830345.jpg,0,CBB,c918255a14def5f2,train
2054954672.jpg,3,CMD,fc9c3d8c5c2c41b6,train
20550531.jpg,3,CMD,97e44af60d1274d9,validation
2055261864.jpg,3,CMD,95fe3e906e1298b1,validation
2055419164.jpg,3,CMD,9d3f764382e0e16a,validation
2055831715.jpg,1,CBSD,969d61e6e18da12e,train
2055892227.jpg,3,CMD,c1982b0bf48c5f73,train
2055902363.jpg,3,CMD,92749c316b9ed32a,validation
2055911260.jpg,2,CGM,d98f33190e7ba145,validation
2055994639.jpg,3,CMD,98942ac743e3ef70,validation
2056049935.jpg,1,CBSD,d7a1685b65e242d6,train
2056096028.jpg,2,CGM,c7a463a52d831fa3,test
2056102313.jpg,2,CGM,c1ec34a1deb9aa52,train
2056154613.jpg,3,CMD,81950f956d4d3b35,train
2056839609.jpg,3,CMD,9ed25a839d0be554,validation
2057007338.jpg,3,CMD,b0c7916659c7307e,train
2057019092.jpg,3,CMD,c383535e48cc6f6c,train
2057361034.jpg,1,CBSD,908864b8f1e72fae,test
2057942715.jpg,3,CMD,90ca346d97d93f14,train
2058684347.jpg,2,CGM,8d5e2d092999d3b5,validation
2058954954.jpg,1,CBSD,cc0e24e6311bddb6,validation
2058959882.jpg,4,healthy,858e7cc96a4f483d,train
2059048377.jpg,1,CBSD,cc22708df378cf43,validation
2059180039.jpg,3,CMD,93ca01b42ecfeb61,validation
2059254361.jpg,4,healthy,d0e3f0d5d588d5c8,train
205927693.jpg,3,CMD,dcab64cc3b846237,validation
2059298351.jpg,3,CMD,c8d349e9862f3b25,train
2059333078.jpg,4,healthy,98be07c26a5b09bb,train
2059449835.jpg,3,CMD,d96f32385ac9a11b,test
2059469005.jpg,3,CMD,9aba947a8d9862c7,train
2059527396.jpg,4,healthy,872971da195748f3,validation
2059527883.jpg,3,CMD,82983aea37ad5c55,validation
2059847463.jpg,3,CMD,eff8861e0b1b8992,train
2059912139.jpg,3,CMD,8ef96e845dc2934c,train
2059987520.jpg,3,CMD,95b3cb3346c31a6c,train
2060259449.jpg,2,CGM,85a2bfaad0c34755,train
2060529510.jpg,4,healthy,c797978785c5c581,validation
206053415.jpg,4,healthy,c58e96992bf8894b,train
2060856128.jpg,2,CGM,d09c373e26a53d49,test
2061231487.jpg,2,CGM,c8dd1b9d911acb54,train
2061601006.jpg,4,healthy,a6bf5eb666511052,test
2061733689.jpg,2,CGM,9891384a634deefa,train
2061741988.jpg,4,healthy,9dc92d3bc0327374,train
20619161.jpg,4,healthy,9198fa4fe270e06d,test
2062313198.jpg,3,CMD,d3b66a18363a8ad6,train
2062422141.jpg,3,CMD,84f454c35c9c3b9b,train
2062460144.jpg,3,CMD,82cd71522d6d565b,train
2062577716.jpg,3,CMD,c09d334b5d823dbc,test
2062853703.jpg,3,CMD,87b40b7459f178f0,test
2063381039.jpg,2,CGM,90de60180b1afff3,train
2063651820.jpg,3,CMD,9fc841766f2789a8,train
2064086293.jpg,3,CMD,d3a8749a59f42f41,train
206432986.jpg,4,healthy,dda3063901333f3e,train
2064463834.jpg,4,healthy,91747b8772617495,train
2064529851.jpg,4,healthy,c5b03dcbb3344aa3,train
2064563394.jpg,3,CMD,c2951aa59bb6cb34,test
2064710008.jpg,4,healthy,fccf2974244a5672,train
2064730340.jpg,3,CMD,95e7feb860454994,train
2065009504.jpg,3,CMD,84e4699a747a9a67,validation
2065453840.jpg,3,CMD,978c3dda7830423f,train
2065621111.jpg,4,healthy,8e8379e0938eac5b,test
2065810677.jpg,3,CMD,89e124db3449facd,validation
2066344350.jpg,3,CMD,98aa65854bf23bf0,train
2066357656.jpg,3,CMD,91fe6938239d3259,train
2066754199.jpg,1,CBSD,9b99666c4d52c6e1,train
2066965759.jpg,3,CMD,dc933c6221b659ec,test
2067363667.jpg,0,CBB,8e74417cb4c2b75a,test
2067752141.jpg,3,CMD,e8e25d9d1cda2623,train
2067869626.jpg,3,CMD,b07dd090cf436f13,test
2068435088.jpg,1,CBSD,d1e1e50119983df7,validation
2068458725.jpg,3,CMD,d4d7690c47a1a697,train
2068782839.jpg,4,healthy,8ece783936e26171,train
2068852051.jpg,3,CMD,b1e55e4f59310e89,train
206885369.jpg,3,CMD,c58b74d627c65079,train
2069029323.jpg,3,CMD,d2425ea838a87fb5,train
2069068462.jpg,3,CMD,92d31f4ae5d6a0b1,train
2069119194.jpg,4,healthy,e40a61855b98cfcf,validation
2069634652.jpg,4,healthy,d48d75898b6e44d3,validation
2069724844.jpg,3,CMD,a5b37ba0c0872d5e,train
2069885945.jpg,3,CMD,cfb8fa847550742c,test
2070022132.jpg,4,healthy,b1d8139756c69c87,train
2070090664.jpg,3,CMD,81ca3da22f93751b,train
2070208498.jpg,4,healthy,87a3384fe83d602f,train
2070373158.jpg,3,CMD,87537c6c4e2f504b,train
2070436674.jpg,3,CMD,96d969236a1649af,test
207069305.jpg,3,CMD,c5c7794a1b721395,train
2070808203.jpg,3,CMD,c4da198d4be53e4a,validation
2070876273.jpg,2,CGM,8b2c23b35b4b1cd6,train
2072186015.jpg,3,CMD,cd93225c3f99e24a,train
207222931.jpg,3,CMD,d56e277a218f5889,train
2072537637.jpg,2,CGM,f4c99315322d0d6f,validation
2072810201.jpg,3,CMD,a7c01354eb526db6,train
2073193450.jpg,1,CBSD,8967568b2cd263bc,train
2073620456.jpg,2,CGM,d4925f6b54b2460f,train
2073650843.jpg,3,CMD,d1967c632676b892,validation
2073687427.jpg,3,CMD,f11905cf9a83c3e3,train
2073732699.jpg,3,CMD,8c9366d16acc9d0f,test
2073803688.jpg,3,CMD,83a25733562f2e4d,train
2073832402.jpg,3,CMD,82b672252fd9ca8e,test
2073899075.jpg,3,CMD,c2ad3a42d516c75d,train
2074036389.jpg,2,CGM,9cb522ce5b8a03de,train
2074319088.jpg,4,healthy,ab4943deb2b2301f,train
2074713873.jpg,1,CBSD,8d6c3863736ccd83,train
2074837416.jpg,4,healthy,9c60697d449f93aa,train
2075336490.jpg,3,CMD,96e47f5668784b11,train
2075847805.jpg,3,CMD,c5862427f6791be4,train
2076036296.jpg,3,CMD,97cc2b296d40727d,train
2076206920.jpg,4,healthy,b34e4b699886eb34,test
207626715.jpg,3,CMD,d2a46ddf30346d15,train
2076460439.jpg,3,CMD,af889bd3138d5a68,validation
207668947.jpg,3,CMD,95885bfc0cd76985,train
2076904625.jpg,0,CBB,c6a1382c639cb75b,train
2077133669.jpg,3,CMD,84f17b8ccd2c944f,train
2077344457.jpg,3,CMD,caa22abec3e2bab0,train
2077374257.jpg,3,CMD,a4d2e69b4d275aa2,validation
2077422182.jpg,3,CMD,d4d6de829616c794,validation
207761661.jpg,3,CMD,d9d223cd6e411f51,train
2077965062.jpg,3,CMD,9cc561f89f01938f,train
2078256265.jpg,3,CMD,8e2336d04b76731d,train
2078371784.jpg,3,CMD,c38a799c3a2bb05e,train
2078445415.jpg,3,CMD,85c17a9132db7c74,train
2078503653.jpg,3,CMD,c7f23d6c2133194b,validation
207854902.jpg,4,healthy,859478a379c3de98,test
2078580108.jpg,3,CMD,8a7a38f5b8ae4748,test
2078711421.jpg,1,CBSD,964b3137c9e24ec9,train
2078875826.jpg,2,CGM,96964d62f7716232,train
2078899075.jpg,0,CBB,c5fa400598db9d9d,train
207893947.jpg,3,CMD,915e7be19e993206,train
2078942776.jpg,3,CMD,c4e52c896cd94cbd,train
2079076752.jpg,3,CMD,d75725150751ab1b,train
2079090639.jpg,4,healthy,c493803fdc37c875,train
2079104179.jpg,3,CMD,858d6f28581cc2ff,train
2079122441.jpg,3,CMD,d4bf7f8f32102c48,train
2079191755.jpg,3,CMD,e48ba0425efa5397,train
2079233550.jpg,3,CMD,831d1ced7c207b6a,train
2079354513.jpg,3,CMD,909e0ccbbf8c9cb8,test
2079838648.jpg,4,healthy,b2d91aa510d9fd4a,train
207991837.jpg,3,CMD,9de2368e7b3e0413,train
2080055302.jpg,3,CMD,9cce17b42cb63293,test
2080103817.jpg,3,CMD,875c32343da346ed,test
2080389783.jpg,3,CMD,9ef46721318648fe,train
2080902492.jpg,3,CMD,80fd403f4f03b8be,validation
2081708229.jpg,3,CMD,d5856498764d1f95,train
2082079788.jpg,3,CMD,cd5238cd7d932236,train
2082157575.jpg,4,healthy,a2b9c69436ced0b9,train
2082251851.jpg,3,CMD,8df4167666d2524e,train
2082399272.jpg,3,CMD,e8cf2b61067a4fd0,train
2082657173.jpg,3,CMD,cccf69ed52192570,train
2082707509.jpg,3,CMD,dad04aa0b46f3de1,train
2082899296.jpg,1,CBSD,9c8d7e1917fa14a4,train
2083183851.jpg,3,CMD,df61580d638f3835,train
2083398959.jpg,3,CMD,d0d336e969392f44,train
2083878392.jpg,4,healthy,d4996d2561c3959b,train
2084139110.jpg,1,CBSD,89871a596ef849cd,train
208431523.jpg,2,CGM,81e12fc72e0d78f4,validation
208435588.jpg,4,healthy,f1be02a55dcb2856,train
208444967.jpg,0,CBB,c6a10de15ac387cf,train
2084711314.jpg,4,healthy,da4d78c6a171721d,train
2084810608.jpg,4,healthy,c1c66efa63e21887,train
2084868828.jpg,1,CBSD,86363d0931d4c76f,train
2084909272.jpg,3,CMD,ab0de01ce376ad91,train
2085011211.jpg,3,CMD,86fb431d5c74282f,train
2085145602.jpg,3,CMD,c3ab6be7b88181d8,train
2085248098.jpg,3,CMD,96b82e9f381899ce,train
208548099.jpg,0,CBB,93b9e259e26019dd,train
2085823072.jpg,1,CBSD,9d806b861e3da17e,train
2086061590.jpg,3,CMD,cfc83d333576188c,train
2086436188.jpg,3,CMD,94457bb09ab607b9,train
2086522625.jpg,3,CMD,90e17bc65c983e0f,train
2086525919.jpg,3,CMD,cdb669926a8d1635,validation
2086555883.jpg,3,CMD,c1e170be7ed80b85,test
2086661183.jpg,3,CMD,a8aa3697499995d5,train
2086771327.jpg,3,CMD,93ec67462afa34c8,test
2086830475.jpg,1,CBSD,d871609e47072f3e,train
2087123075.jpg,3,CMD,8d54630b65e436f3,train
2087367640.jpg,1,CBSD,d7dc41051d96a9ab,validation
2087904046.jpg,3,CMD,deec7b5049a16662,test
208816600.jpg,3,CMD,862976f8cdd7b202,test
208823391.jpg,3,CMD,c3ba6a74d271b10e,train
208826492.jpg,3,CMD,c03e61de23dd1a35,train
208832652.jpg,3,CMD,95b84de13d87915a,validation
2088351120.jpg,3,CMD,f4832f38d34c09bd,test
2088958100.jpg,3,CMD,93293ef475e9301a,train
2089003818.jpg,3,CMD,b1f2b9f1b4986807,train
2089175857.jpg,3,CMD,97849d5cdcce640e,train
2089375202.jpg,4,healthy,92fc76381b9c8b8a,train
2089510627.jpg,3,CMD,9188669446e34bff,train
2089741702.jpg,3,CMD,d8690a6c63c13ecf,test
2089839146.jpg,3,CMD,94caa734671f0e53,train
2089853591.jpg,3,CMD,d10a276d6e470dcb,validation
209002341.jpg,3,CMD,dac770ca0eb43a96,train
2090381650.jpg,3,CMD,a14647f2098d5e7d,train
2090424176.jpg,3,CMD,d1d36fb9a01a0ae6,train
2090702902.jpg,4,healthy,914e1b877c8556d5,test
209078533.jpg,4,healthy,d2bc64126fa23a1f,train
2090870733.jpg,4,healthy,d7e836b54e67a044,test
2091029426.jpg,3,CMD,d293396456c2cf9c,test
2091097080.jpg,3,CMD,85a73dcc614342ef,train
2091547987.jpg,3,CMD,99934875af4c72a9,train
209171639.jpg,3,CMD,d2b759c829ca646d,train
2091719066.jpg,3,CMD,947468fd30b71559,train
2091915064.jpg,3,CMD,c7de31c96c815e26,validation
2091940865.jpg,1,CBSD,c5af6842783cbde0,train
2091943364.jpg,3,CMD,c59169d5762acc74,train
2091948877.jpg,3,CMD,c01e07b1e30c3fed,test
2092002351.jpg,3,CMD,c7cdc410fded019c,train
2092244060.jpg,3,CMD,dbca1c19261fd718,test
2092518082.jpg,3,CMD,d1c91caf60367723,train
2092563525.jpg,4,healthy,96967958fba14465,validation
2092629811.jpg,3,CMD,89bb072d7d457838,train
2092842111.jpg,2,CGM,c59479cb651b86a5,train
2092954094.jpg,3,CMD,90b830f4e6c46e9f,train
2093487029.jpg,3,CMD,86e23cd764a359e4,train
2093492030.jpg,3,CMD,d6a43d9248d1d72b,train
2093749635.jpg,3,CMD,97cf124225ec71b3,train
209409771.jpg,3,CMD,9c6d6b287f02703d,train
2094252123.jpg,3,CMD,87cd14f20bfc107d,train
2094288792.jpg,4,healthy,d9d470b3b4802dfc,test
2094357697.jpg,3,CMD,ccd30ab0567f3907,test
2094985505.jpg,3,CMD,c1e03d78211e7e3e,test
2095404633.jpg,1,CBSD,ccda59a738601fc9,train
2095530731.jpg,1,CBSD,918e33e5a7c5c899,train
2095589836.jpg,4,healthy,c5b862c5bc81979e,train
2095602074.jpg,1,CBSD,9a5f26a13b06e05f,train
2095886519.jpg,3,CMD,afc022c3b55c54de,train
2096389137.jpg,3,CMD,e3d86b959eab0528,test
2096624273.jpg,3,CMD,87435bcb369b41e8,train
20966306.jpg,2,CGM,86dc6f8e6107389e,train
2097195239.jpg,3,CMD,83fc2aa9706f702b,validation
2097421346.jpg,3,CMD,952a479a77a3a748,train
2097527991.jpg,3,CMD,d0dd71439eb187a4,train
2097619367.jpg,3,CMD,8dbd213df01307c7,train
2097640981.jpg,3,CMD,ce24196785bee08f,train
2097651961.jpg,3,CMD,d27217bed9801f45,validation
2097728119.jpg,3,CMD,8fe41e9273693316,train
2098616985.jpg,3,CMD,84d74ef638416a6d,train
2098671662.jpg,1,CBSD,9b97a0c999cb6664,train
2098674388.jpg,3,CMD,92fe0ff61da9404a,train
2098699727.jpg,3,CMD,a9ff3647651418d4,test
2098716407.jpg,3,CMD,c7486a396e38c7c6,train
2098887014.jpg,4,healthy,8dbf72e70e481163,train
2098910919.jpg,3,CMD,cc630f952fb8690d,train
2099207221.jpg,2,CGM,8be87a7161ea38ac,train
2099304233.jpg,4,healthy,d3bf12b34c0a1b99,train
2099609248.jpg,3,CMD,d2f00e79c51a6ec6,validation
2099754293.jpg,1,CBSD,ddf57cc4c4c64648,train
2099908294.jpg,3,CMD,97b52ad80a5d3c96,test
210014333.jpg,3,CMD,c2cb732f9878ab50,train
2100448540.jpg,3,CMD,96f30f320c722d76,train
2100797903.jpg,3,CMD,febb10ba22406ceb,train
2101057157.jpg,3,CMD,cfea239d42ff2044,test
2101219762.jpg,2,CGM,9c68646765689db3,train
2101454168.jpg,3,CMD,d4245f121fc035fe,train
2101603304.jpg,2,CGM,d1cc78d4988ccaf9,train
21016852.jpg,3,CMD,c3d6d1b471a69e42,validation
2101689184.jpg,3,CMD,dcbba8d1b5140d35,train
210183740.jpg,3,CMD,9c8c2bed61e503f2,train
210185909.jpg,3,CMD,d3f4a6c2e0973631,train
2102230404.jpg,3,CMD,8a992fe85c71465b,validation
2102411543.jpg,3,CMD,978e2d9649e02f71,test
2102590292.jpg,2,CGM,dd59a2060df5a3c6,train
2103377248.jpg,3,CMD,ce81468ad3de219f,test
2103476036.jpg,3,CMD,c0b7735f90862ba5,train
2103640329.jpg,2,CGM,a8ae0f1590eb6f1a,train
2103659900.jpg,3,CMD,d2ca399a4e98a727,test
2104395531.jpg,3,CMD,87f02dc2fa08ec73,train
210460809.jpg,0,CBB,c889b9f93478d2c3,train
2105027380.jpg,3,CMD,c8b33cd8b6352366,train
2105063058.jpg,3,CMD,eb9341899725d4c7,validation
2105186227.jpg,0,CBB,87bf23a61aaa61ca,train
2105335318.jpg,1,CBSD,e0823ff3357d222c,train
2105418108.jpg,3,CMD,95d94e33576664a4,train
2105492888.jpg,3,CMD,85fd05f0cccf1133,train
2105589928.jpg,2,CGM,85f439cf69382ea4,train
2105592782.jpg,4,healthy,c0e17535bccce652,train
210587421.jpg,3,CMD,94c37ccbc0c33bb4,train
2106075610.jpg,3,CMD,95e273524aec5c4e,train
2106660107.jpg,3,CMD,e9c6ec455a33819d,train
2106727602.jpg,3,CMD,9c8c433765a3cf68,train
2107489867.jpg,3,CMD,8e637e337022a59e,test
2107635089.jpg,1,CBSD,f3b999b4a225266c,train
210771283.jpg,4,healthy,95e8169a68c7cc37,train
2108427375.jpg,3,CMD,dc8cfe20ad3501be,train
2108648060.jpg,4,healthy,955f4acb6131e8c9,train
2108674538.jpg,3,CMD,85be4e834365f0cb,validation
2108802993.jpg,3,CMD,c7f224437ba78c2c,train
210902208.jpg,3,CMD,d0f03ce02a1d375f,train
2109198789.jpg,0,CBB,f8dc03a6f5fe5400,train
2109494038.jpg,3,CMD,867863c53a7573a2,train
21101348.jpg,4,healthy,c0c553b85c7aa756,train
2110308897.jpg,3,CMD,83d8977e4ab68c13,test
2110342774.jpg,3,CMD,90744f596c5c13ed,train
2110510074.jpg,3,CMD,c1ca34a1358fa2fb,train
2110598019.jpg,3,CMD,90af3b2dc8cb421f,train
2110727627.jpg,2,CGM,8f9b2fa4cc8d0353,train
2110760303.jpg,2,CGM,dfb56984b09e260d,train
2110903174.jpg,3,CMD,cfdf612c32597806,train
2111097529.jpg,3,CMD,c0976bb8ce7067c8,train
211163536.jpg,0,CBB,d6d224abf486b643,validation
2111990467.jpg,1,CBSD,c6c07995bccc5457,validation
2112146017.jpg,3,CMD,84363bd3c1cc5ec3,train
211225277.jpg,1,CBSD,d79b838638e30f83,test
2112285926.jpg,3,CMD,d38c09520ee9bb67,train
2112497230.jpg,2,CGM,d1ec12cb3c16ba0f,validation
2112849909.jpg,3,CMD,84c3273fc31f07e1,test
2112863529.jpg,3,CMD,c61b4e89c7c2d8bc,train
2112871300.jpg,3,CMD,81da676dc72625cc,test
2113248932.jpg,3,CMD,81751f3a8254db73,train
2113897648.jpg,4,healthy,aa1eaaad50b5974a,train
2113987713.jpg,3,CMD,a299eab881ace33d,validation
2114057874.jpg,3,CMD,939f6fb80239a3e0,train
211439133.jpg,2,CGM,90f628f8592f6387,train
2114557961.jpg,3,CMD,c46133ad3acf7682,train
2114639709.jpg,2,CGM,e2275ae2eae49607,train
2114705493.jpg,3,CMD,c82a27c0ebe39f1c,validation
211507640.jpg,1,CBSD,a58558aae9d885f3,train
2115118532.jpg,3,CMD,c3be7db0e2c3c282,train
2115298662.jpg,3,CMD,91e5320d649367f3,test
2115357575.jpg,3,CMD,c9cf7e182c3d19b0,train
2115499400.jpg,3,CMD,d1bc72992507136f,test
2115508050.jpg,3,CMD,ea92654706be9c35,train
2115515085.jpg,3,CMD,93c14a37340f39de,train
2115543310.jpg,3,CMD,c44f786c218f2e6e,train
2115648947.jpg,3,CMD,95b1beec2e2740c5,train
2115661859.jpg,1,CBSD,c23f30c75ea07dc8,train
2115818711.jpg,3,CMD,adf26ad6c82294d9,train
2116662197.jpg,3,CMD,d8c26fc63db0474a,test
2116832558.jpg,4,healthy,9b5c66317663493a,train
2116979707.jpg,0,CBB,9aab3fe6e420ec06,train
211733181.jpg,4,healthy,8dce7c74578461d2,train
2117358649.jpg,1,CBSD,baafcdf59080d0e4,test
2117372627.jpg,3,CMD,878944ae77ee90e2,test
2117878946.jpg,3,CMD,86b2e45372e37076,train
2118008819.jpg,3,CMD,b3640b668ef8645d,train
2118210458.jpg,3,CMD,c9a6975708892dfc,test
2118257089.jpg,3,CMD,d3ca21f418e98f1d,validation
2118892329.jpg,4,healthy,8180a19555d5fefa,validation
2119011532.jpg,3,CMD,8c9558736d27073e,train
2119150128.jpg,2,CGM,eab540ac41bda75a,train
2119378021.jpg,3,CMD,c3af339947638ec0,train
211984788.jpg,1,CBSD,d13b36e4ee862c4a,train
2120113052.jpg,3,CMD,de80736c83147b6d,train
2120170838.jpg,3,CMD,caa3501de58c86df,test
2120206845.jpg,4,healthy,950338b07b7552ed,validation
2120375366.jpg,3,CMD,96b91d92b2dd25a4,train
2120733777.jpg,3,CMD,c1bd7145717d1833,train
2121357194.jpg,3,CMD,d1a32b816396c71f,train
2121641395.jpg,3,CMD,95b07072a5d16e57,test
2121726779.jpg,4,healthy,ccf032f2f2de8416,validation
212262602.jpg,3,CMD,962f690fcdc220f3,train
212271499.jpg,3,CMD,fa1d3598330d66e2,train
2123282382.jpg,1,CBSD,c6f9336dcec50390,train
2123323431.jpg,4,healthy,df86664e1bc0396a,train
2123430239.jpg,3,CMD,d96148b3e18e78e3,train
2123562479.jpg,3,CMD,cfa01f526d8b54a9,train
2123622289.jpg,1,CBSD,c1d95978b8aa9a72,train
2123719792.jpg,4,healthy,d994e3c575cbc209,train
2124179391.jpg,1,CBSD,858727ed6599a4b4,train
2124278759.jpg,3,CMD,948d336fb08b3593,validation
2124419576.jpg,2,CGM,8d9a28f8574a9772,validation
2124648343.jpg,3,CMD,90e5543c6ed49d6a,train
2124724718.jpg,3,CMD,d8ec5f427670072d,train
212476705.jpg,1,CBSD,90ba722f524c58fb,train
2124797374.jpg,3,CMD,d65e5a31513931e3,train
2125205823.jpg,3,CMD,9d92b7c98363aa83,train
212528266.jpg,3,CMD,9d8e621075cf176c,train
2125592774.jpg,3,CMD,82056ffc69a39a3c,train
2125659201.jpg,1,CBSD,c97736d81c03c6f1,train
2125666901.jpg,3,CMD,c8e9b8b431252dbb,validation
2125711051.jpg,2,CGM,829296263f371e1f,train
212573449.jpg,3,CMD,86e5410e657b7669,test
2125771324.jpg,2,CGM,99c6699b1e3d20a7,train
212585211.jpg,4,healthy,877c762138cbc6ca,train
2126088762.jpg,3,CMD,8f7730fb073a08c5,train
2126394627.jpg,3,CMD,c12e5ef72e928c8c,test
2126689276.jpg,3,CMD,d69538673988e9a9,train
2126921679.jpg,3,CMD,d6eb43376840972b,train
212727951.jpg,3,CMD,95b7b969280f9383,train
2127776934.jpg,4,healthy,84863d6b01797eae,train
2127799183.jpg,4,healthy,8785719b275c3335,train
212825302.jpg,4,healthy,c37724dc0e879378,train
212828935.jpg,3,CMD,86cab79a63db2468,train
2128383982.jpg,3,CMD,c5e42b2515589e5f,train
2128581284.jpg,4,healthy,82e78f0d9cf41e92,train
2128717413.jpg,2,CGM,956b6ae31bc33582,train
2128773695.jpg,3,CMD,c5857269270f9793,test
2129027415.jpg,3,CMD,c99178617bc82cfc,train
2129162567.jpg,3,CMD,b5d23e61439399e2,train
2129187694.jpg,1,CBSD,ccabbaada1d05364,train
2129345943.jpg,3,CMD,82f87c3d64d06f38,train
2129562481.jpg,3,CMD,83f43a887c9b58e9,test
2129589240.jpg,3,CMD,c0ad31c88cc757e7,validation
2129978341.jpg,3,CMD,d8f27a6235f036c8,train
2130031461.jpg,4,healthy,848b7e6e28347766,train
2130092429.jpg,3,CMD,d18d351e4571ca5d,train
2130379306.jpg,2,CGM,d0d2dad2f0c5a5a5,train
2130483498.jpg,3,CMD,d5e43ef12cd3300d,validation
2130686560.jpg,3,CMD,c48b3a9d5a22bcd9,train
2130791173.jpg,3,CMD,83c07eab64593b99,validation
2130816690.jpg,3,CMD,d4cc20f99f8229ed,train
2130944221.jpg,3,CMD,cc942fce059d9a66,train
2131418781.jpg,3,CMD,8fb04ccbfb58610b,validation
2132066482.jpg,3,CMD,c1b759c4f7e81650,train
2132846080.jpg,3,CMD,ddf6409507d52c8b,train
2133005660.jpg,1,CBSD,d87d30264797259d,test
2133117540.jpg,1,CBSD,c7f27a6b0f0d0709,train
2133324266.jpg,3,CMD,c3bf3464dc180c7b,validation
2133487069.jpg,3,CMD,bcfa7ad5fdaa0000,train
2133889430.jpg,3,CMD,d9e134db1d862b52,train
213439636.jpg,1,CBSD,dfd5223f3b850426,test
2134446650.jpg,3,CMD,8fd23e303bc486ae,train
2134759369.jpg,4,healthy,d1e666a5469c0e5e,test
2135458138.jpg,3,CMD,c94572cd4726173b,train
2135860230.jpg,3,CMD,e592550e216e6f47,validation
2136568472.jpg,3,CMD,9be473b9749620d4,train
2136656300.jpg,4,healthy,c6d33998ce1e349c,train
2136732511.jpg,3,CMD,89537253b48d5f4a,train
2136740315.jpg,3,CMD,cc2c3ad360f1cea9,train
2137007247.jpg,3,CMD,8ce727041c73cdcd,train
2137452423.jpg,3,CMD,90ed53ae4c645f4a,validation
2137484049.jpg,3,CMD,8473284f1481dffd,train
2137686815.jpg,1,CBSD,d48b787a3fd10453,train
2137780185.jpg,4,healthy,c99425ce58535de3,validation
2138098761.jpg,3,CMD,c9f62c8937f9c0d0,train
2138243842.jpg,3,CMD,dc2f23861759c0dd,validation
2138280096.jpg,2,CGM,879771e339ac3630,train
2138380512.jpg,3,CMD,83ba60f585dfc464,test
2138386117.jpg,3,CMD,c19e6740f1875ae9,test
2138403170.jpg,3,CMD,94d20d37453e38e7,train
2138515969.jpg,1,CBSD,929c7dc3ec2e3831,train
213870156.jpg,4,healthy,84a6740999b67e79,train
2138790395.jpg,4,healthy,903d2f2a39b8c3ce,train
2138796022.jpg,3,CMD,d3ac1ad70ea0ed98,test
2139098348.jpg,3,CMD,89f4368f93d22c93,train
2139342889.jpg,2,CGM,c09d67f064e66723,train
213965591.jpg,1,CBSD,c8762db106faf381,train
2139679147.jpg,2,CGM,cc6d331a082c6ddf,train
2139839273.jpg,1,CBSD,c5ca7ab5705a864e,train
2139869177.jpg,3,CMD,bcc031097b73cbac,train
2139909622.jpg,4,healthy,d52e6e7966e01932,train
2139921753.jpg,3,CMD,fdcab705168507ac,train
2139984567.jpg,3,CMD,f84adc6554f324e1,train
2140295414.jpg,2,CGM,c81c74b4735ca39e,train
2140444069.jpg,3,CMD,d3c43d694bf64215,train
2140637558.jpg,3,CMD,e0db279349e55649,train
2140735001.jpg,3,CMD,90b874f063452fcf,train
2140850552.jpg,3,CMD,9c6e7f7120037197,train
2140927238.jpg,3,CMD,8fb03c17f1b6701c,train
2141005261.jpg,3,CMD,eceefe4473001b2a,train
2141137374.jpg,1,CBSD,85b6bcacb89cb8e0,train
2141204046.jpg,3,CMD,91905e77d15b4726,train
2141260400.jpg,3,CMD,ab9149a178bd568b,test
2141638054.jpg,4,healthy,c6a0b4f88dc2e4d7,train
2141811305.jpg,3,CMD,b48b43a1b6c6473b,test
2141827751.jpg,3,CMD,d1946a693525f339,train
2141976873.jpg,2,CGM,871827d36fa54b4c,train
214204345.jpg,3,CMD,dce463987e90c1d6,train
214207820.jpg,3,CMD,84d53a1aa18b6de7,train
2142120980.jpg,0,CBB,9c4e517b76836782,train
2142361151.jpg,1,CBSD,d7a45b86a95e41a6,train
2142522228.jpg,3,CMD,c4bc59c9166b23d9,train
2142561990.jpg,3,CMD,d6b50aa2452b93ed,train
2142685227.jpg,4,healthy,c28f2f6c3836517a,train
2142992394.jpg,4,healthy,91a1610d6db3cdcd,train
2143249620.jpg,3,CMD,dcec31c96c51349b,validation
2143264851.jpg,1,CBSD,89a66a13a7295bdc,train
2143275369.jpg,1,CBSD,a8283ab86dd516af,train
2143925311.jpg,0,CBB,91862ef093b93771,train
2143941183.jpg,3,CMD,d8366f606f1285b6,train
2144385069.jpg,1,CBSD,ec9b17600c39b3e3,train
2145007717.jpg,3,CMD,c483179c4dca5eb6,train
2145199260.jpg,3,CMD,88fe78e3236a19cc,train
2145419213.jpg,3,CMD,ced5240e49bcdaac,train
2145478515.jpg,3,CMD,a5db6cca4b023b63,train
2145619131.jpg,3,CMD,8be7356a0e0c5cbc,train
2145830339.jpg,3,CMD,8c9f1183b9f43d83,train
2145937743.jpg,3,CMD,cf9c2aac5293b136,train
2146007234.jpg,3,CMD,870d62d666ddc4a5,train
2146047355.jpg,3,CMD,d4eb29bf865024cd,train
2146112152.jpg,3,CMD,c49e66d49cda5516,train
2146338076.jpg,3,CMD,d4fc38c1cb3d00cf,validation
2146353282.jpg,0,CBB,c8b137ccc14b7a9a,train
214640752.jpg,3,CMD,8aa4a6b3f7f2c8c0,train
2146650798.jpg,2,CGM,8dd52abe43ba7304,train
214682484.jpg,4,healthy,d12d708b1ff02b35,train
2147229909.jpg,4,healthy,89b675c30cb9033f,test
214745223.jpg,3,CMD,91c84281fd54f3db,test
2147491241.jpg,3,CMD,d831659f596265e4,validation
2147728293.jpg,4,healthy,fa8acfd015f3e011,test
2147795109.jpg,3,CMD,81a0e8f1babe91b6,train
2148261179.jpg,3,CMD,c0bb4fb70c1f3c03,train
2148458142.jpg,3,CMD,c29f178f12d73494,train
2148757008.jpg,1,CBSD,87b923ccf1ca0b1e,train
2148834762.jpg,3,CMD,85f3516d171ce2c6,train
2148866933.jpg,3,CMD,8d9acebc12aa35c3,train
2149582263.jpg,3,CMD,d573448e1fc34d83,test
2149765362.jpg,2,CGM,83afa9955355105f,train
2149893988.jpg,3,CMD,c1196a2763e6c75c,train
2149970580.jpg,0,CBB,83cd194b3df1511d,train
2150118983.jpg,4,healthy,897e43810ab26d7f,train
2150392038.jpg,3,CMD,c2bf1f8f39c20a25,train
2150406389.jpg,3,CMD,e810fd6b4b5d4c32,train
2150625929.jpg,0,CBB,c5d0d28df8392b4b,train
2150679320.jpg,3,CMD,908f760a4eacea3b,train
2151050324.jpg,2,CGM,947a4b34de2b8d32,train
2151059050.jpg,3,CMD,b0462326c76c6bcf,test
215124252.jpg,3,CMD,c28b4b840f6f0d3f,train
2151417299.jpg,0,CBB,8c6f3a1a3e0f7542,test
2151975191.jpg,3,CMD,86c91e3d13e59f82,train
2152051451.jpg,3,CMD,90a93ddc3d9623c9,train
2152112539.jpg,2,CGM,80d0b698b6dd74b9,test
2152368754.jpg,3,CMD,d2b673c406871df4,train
2152474633.jpg,3,CMD,d2c94b98b9c49cf1,train
2152949074.jpg,3,CMD,d202b16e37136fcc,train
215336631.jpg,4,healthy,9bc41c3f6612167e,train
215365070.jpg,3,CMD,d9d5618c704f66e2,train
2153871702.jpg,3,CMD,96573e04191671fb,test
2153916773.jpg,3,CMD,c3ec13d8c8ccc9cd,train
215392148.jpg,3,CMD,debd31e0c893029f,train
2154249381.jpg,3,CMD,c3ae441d060ebf5e,train
2154562670.jpg,0,CBB,f28923266098dbf7,train
2154636640.jpg,0,CBB,d3ae65135052c3fa,train
2154740842.jpg,3,CMD,cda835927b0d6595,train
2154826200.jpg,4,healthy,ea472f03f1f30343,train
2154826831.jpg,4,healthy,cbe226f3eb1c09e0,train
2154840872.jpg,3,CMD,d1cd7aeb8d224c1c,train
2154886042.jpg,3,CMD,9dad537228a6949b,train
2154958086.jpg,2,CGM,adb42e9a60ad4ce5,train
2155017078.jpg,3,CMD,90bc1c91271c5bf7,test
2155206287.jpg,3,CMD,d353692f318d22e6,train
2155641559.jpg,3,CMD,c513373f19b081d7,test
2155661206.jpg,2,CGM,8ce86fd8e232b2f0,train
2156032648.jpg,3,CMD,b6c34d99596c1569,train
2156160232.jpg,2,CGM,88693ebf322e59a4,train
2156331801.jpg,1,CBSD,9c933ac9b7709135,train
2156370083.jpg,3,CMD,9bed593832bb45c0,validation
2156386788.jpg,4,healthy,c284677b7cba0e0b,train
2156442432.jpg,3,CMD,d1ff73c30783010f,test
2156480283.jpg,1,CBSD,91a274e68de97a1a,train
2156691234.jpg,3,CMD,d999191307e2e4e7,train
2156883044.jpg,3,CMD,8d1e1439cff832ac,test
2156902788.jpg,3,CMD,c5a46b99f2c2b499,validation
2156956307.jpg,1,CBSD,f3e17497c124330f,train
2157011481.jpg,2,CGM,d7b624ef499e8601,train
2157055067.jpg,3,CMD,944b1b3f27276c91,validation
2157124737.jpg,3,CMD,c80d3f49359fdc12,test
2157322964.jpg,0,CBB,9cc6629159670f8f,train
2157497391.jpg,3,CMD,c3c1638e3e78a371,validation
2158163785.jpg,3,CMD,9b064a9c48a6ddcf,train
215841447.jpg,2,CGM,9f2314b6c93588cf,train
2158845807.jpg,3,CMD,d8706d26da8959ce,train
2158861629.jpg,3,CMD,f1c6bea946b2152a,train
215895607.jpg,4,healthy,93d53ccc545e1c5a,train
2159146613.jpg,3,CMD,81122ba7c2ebd3e9,train
2159174443.jpg,3,CMD,90a4dfbd3187321d,train
2159189425.jpg,3,CMD,85f94e967a8139f0,train
2159674288.jpg,3,CMD,90e84f3e16552f6c,train
2159703562.jpg,3,CMD,dc936d7a12f0a42d,test
2159752225.jpg,4,healthy,814b622427fefc66,train
216000285.jpg,2,CGM,90c547b1fa2535f2,train
2160006188.jpg,3,CMD,dbb105b5c09e1373,train
2161004909.jpg,3,CMD,d55a334993d0caa7,train
2161053094.jpg,3,CMD,8b9517706b8e7b0c,test
2161216430.jpg,4,healthy,9ab5473c47b82761,train
2161224782.jpg,4,healthy,cf7a0f1cad85c341,train
2161246720.jpg,3,CMD,c2a452563c6fde98,validation
2161293002.jpg,3,CMD,e48936d96d645b86,train
2161349930.jpg,2,CGM,9a81500f35b73c5f,test
2161608186.jpg,3,CMD,9dace4bc5ec02a47,validation
21617931.jpg,3,CMD,8bf4492253e655bc,train
2161797110.jpg,3,CMD,cf937c7cc4c4834c,test
2162281311.jpg,3,CMD,d4874e6c58b3c32e,train
2162461644.jpg,2,CGM,c48d5016c6a5b5fb,train
2162974759.jpg,3,CMD,88b77cc98209bde3,train
2163281574.jpg,2,CGM,e8d1a8eb32362cb5,validation
2163414466.jpg,3,CMD,d56d20bd7d4a64c1,validation
2163630051.jpg,3,CMD,8fae3d8b8dc5c824,train
2164012143.jpg,3,CMD,898d628c69f9e794,train
2164217173.jpg,0,CBB,91cd2299397c0fbc,validation
2164681780.jpg,3,CMD,8c1e72ccb6930bdc,test
216472220.jpg,3,CMD,d0b5339e2be0596a,train
2164751945.jpg,3,CMD,fc6c0638f415717c,train
2164873412.jpg,3,CMD,dd712722c29f0c9e,validation
2165052077.jpg,4,healthy,c9b12158f0efd81d,train
216516105.jpg,3,CMD,c5805d0b7e43337e,train
2165624122.jpg,3,CMD,817859b0a62e7ed9,train
2165907459.jpg,3,CMD,99987aa3d5c203f9,train
2166623214.jpg,1,CBSD,d1eb6f9d4a438432,train
2166665213.jpg,3,CMD,86b12d96d889fed0,validation
2166796767.jpg,4,healthy,c4e2c1decb841e8f,train
216687816.jpg,1,CBSD,eb3239699a49e4c3,train
2166936841.jpg,3,CMD,9fd509d54099e789,train
2167048732.jpg,3,CMD,c9ea2dc201eed23d,train
2167049261.jpg,2,CGM,977765910b4ac9c9,validation
2167139463.jpg,3,CMD,ecc2a6c7fa0e0b16,test
2167218965.jpg,0,CBB,dcc22b3df4e1322a,train
216756594.jpg,3,CMD,80823ffd64aa323f,train
2167697247.jpg,3,CMD,8d4333d059e5b4d3,train
2167715304.jpg,2,CGM,db0179dab41edf00,test
2168109133.jpg,3,CMD,c1ae3e94346927a7,train
2168573204.jpg,3,CMD,9aabbaabb7844306,train
2168664351.jpg,0,CBB,d5dc24a7b698c03e,validation
2168885574.jpg,3,CMD,d99c400fecd36897,train
2169151334.jpg,3,CMD,83fa43323c95d18f,train
2169168830.jpg,1,CBSD,92ea699bea745189,train
2169173551.jpg,0,CBB,996765915a24d379,train
2169305287.jpg,3,CMD,c0bd0b868de859f5,train
2169718096.jpg,2,CGM,c9c16a647dd89347,validation
2169903873.jpg,3,CMD,9fc17e217356a912,train
2170099924.jpg,2,CGM,9ec16d673cc11bc2,test
2170336185.jpg,3,CMD,c1e26f65218d9ce6,train
2170455392.jpg,3,CMD,c18ef43765625b25,validation
2170557341.jpg,3,CMD,8be638bd34097365,train
2170819649.jpg,3,CMD,89cf461fb822f178,train
2170826967.jpg,0,CBB,c0a30dbcf1c617d9,train
2171124892.jpg,1,CBSD,9871629edf8e38a2,test
2172089965.jpg,3,CMD,94f83b8787a0f187,train
2172512538.jpg,4,healthy,e1a93e6598b89bc8,train
217280930.jpg,3,CMD,8367fc1813b1336b,train
2172992522.jpg,3,CMD,d0fc37ce622f1c81,test
2173138048.jpg,3,CMD,c4153c0e78bb372e,validation
2173189120.jpg,3,CMD,c49567aeb710a83d,train
2173229407.jpg,2,CGM,dd997c3e639612a0,train
217326166.jpg,1,CBSD,c7c7578d0e197ca0,test
2173342901.jpg,3,CMD,90bb3c8926d36a5d,train
2173499031.jpg,3,CMD,c086732ff31f3988,validation
2173516398.jpg,0,CBB,9df72d0c0b6ab4c4,test
2173674867.jpg,2,CGM,c4cb35ea51357a8c,train
2174309008.jpg,3,CMD,f1ac031766a36bd8,train
2174381903.jpg,3,CMD,9c9980b2edec9ae1,train
2174393587.jpg,0,CBB,94a96739de91607c,train
2174425139.jpg,3,CMD,c36c78886cd6f652,train
2174460518.jpg,3,CMD,c7c832fa09c73cf0,train
2174562681.jpg,3,CMD,8b345a8d26ba89fc,train
217461618.jpg,4,healthy,b4d66449378aa5b3,train
217477861.jpg,3,CMD,cbb07678239632cb,train
2174889455.jpg,1,CBSD,d4c3273e2db0039f,train
2175002388.jpg,3,CMD,9990b4f38db554d8,test
2175090546.jpg,3,CMD,818f16bb25d75a26,train
2175327103.jpg,4,healthy,c54b74637d612a9a,test
2175511661.jpg,3,CMD,d5cc3ae00edcc978,train
2175527708.jpg,3,CMD,b15ab6c44c361f63,train
2175567661.jpg,3,CMD,a3dc492f4752686b,train
217559821.jpg,3,CMD,cf9876a02273731b,train
2175645585.jpg,3,CMD,c6733691d69f0316,validation
2175751790.jpg,3,CMD,924e601fdf3aa2cc,train
2176153898.jpg,3,CMD,dee241f639c67809,test
2176535101.jpg,2,CGM,c4162dde60b0ecf9,train
2176882626.jpg,3,CMD,c9aa4afcab8d14d8,train
217699633.jpg,4,healthy,c98731c9f91cf28c,train
2177098745.jpg,3,CMD,cf946a976668136c,train
2177099962.jpg,3,CMD,95cfd02f9810673d,test
2177297033.jpg,3,CMD,9959363e29eda413,validation
2177328825.jpg,3,CMD,88b26e92b0ec42ff,train
2177490920.jpg,3,CMD,c2b71ba0aa576d4c,train
2177600106.jpg,2,CGM,8ffc48c41bf81d68,train
2177675284.jpg,0,CBB,ddcc0a9f2d541713,validation
2177911442.jpg,3,CMD,e0ca3ca103b3b3be,test
2177936917.jpg,3,CMD,d6c993f2e095c2c3,test
2178037336.jpg,3,CMD,c70e1b5aac7848ee,train
2178075893.jpg,3,CMD,df1ed12427686ea4,validation
2178384473.jpg,3,CMD,c4d77ae4d2e6c0d0,validation
2178418518.jpg,3,CMD,d4507aae73b0b632,train
2178423983.jpg,2,CGM,838e182cc5fd34be,train
2178472506.jpg,3,CMD,84d051cf2d25afab,train
2178737885.jpg,3,CMD,8ae17b9e4ca33817,train
2178754842.jpg,3,CMD,d46848d3df03c4af,test
2178767483.jpg,3,CMD,8fb8619a7de68303,train
2178815503.jpg,3,CMD,8bb82afd75312554,train
2179057801.jpg,4,healthy,cac484fb2dc03b4f,train
2179250488.jpg,3,CMD,d0893e8e01fe177c,train
2179468784.jpg,3,CMD,c0cb3dc0c566afa3,test
2179500029.jpg,3,CMD,d80523d21edba4be,train
2179767086.jpg,3,CMD,986924b6c7d52f25,train
2180706720.jpg,3,CMD,d147137276581fa5,train
2181259401.jpg,4,healthy,86c82aab3cee7a31,train
2181262010.jpg,0,CBB,8acc6c7078fbaca4,train
218126872.jpg,3,CMD,976a740c43d635da,train
2181413272.jpg,3,CMD,c5fa393ec8977a00,train
2181450725.jpg,3,CMD,969d3a0a5b134e73,train
2181796105.jpg,1,CBSD,d4e86d5196a46676,test
2182247433.jpg,3,CMD,8ca954d7705c74da,train
2182290457.jpg,3,CMD,d39877350b54527a,train
2182290921.jpg,3,CMD,d60c6a256d4f89e9,validation
2182334736.jpg,3,CMD,cbe74a8674ca6853,train
2182495047.jpg,3,CMD,ffc652b592d94c20,test
2182500020.jpg,1,CBSD,918de890ea8f95c7,train
2182518914.jpg,4,healthy,80e17b62ad7b6594,train
2182767747.jpg,3,CMD,a8bf705b438f0785,test
2182855809.jpg,2,CGM,c8d126966b361bad,train
218298419.jpg,4,healthy,e676c5513cde3308,test
2183278939.jpg,3,CMD,d489363cad25d4d6,train
2183340836.jpg,0,CBB,a5591eb554526a7a,train
2183630862.jpg,3,CMD,c1d2572d4b071ef1,test
218377.jpg,1,CBSD,84bb25dc41cff8c1,train
2184099355.jpg,3,CMD,c51253215976ab3f,test
2184513662.jpg,2,CGM,d1be17eb4420ace3,train
2184514925.jpg,3,CMD,c6d16db8139535e2,train
2184623119.jpg,3,CMD,8cee2eb8ee3c0c19,train
2184718270.jpg,2,CGM,dca862fdb09317d0,validation
2185068357.jpg,2,CGM,d0e8dfdd492341d4,validation
2185157799.jpg,3,CMD,87cc73cf8965c099,train
2185220141.jpg,3,CMD,cde736941b6e4219,train
2185298493.jpg,4,healthy,9d0f42b93d8f68a4,train
2185746162.jpg,2,CGM,e656d2631eb13ec0,train
2185944615.jpg,3,CMD,dae95eb9b22a6448,test
2186042272.jpg,3,CMD,9d8c63cacaadb524,train
2186113594.jpg,4,healthy,bd9e621b31e5d281,train
2186189358.jpg,3,CMD,d5c37c6383267913,train
2186658480.jpg,2,CGM,c3906f4c2bdc7638,train
2186683331.jpg,3,CMD,8cb363ccb0c13da7,train
2186762771.jpg,3,CMD,a6ab5685426e3ad6,train
2186949019.jpg,3,CMD,d4b10ee864cf5e29,train
2187115434.jpg,3,CMD,f48676744c9562f1,train
2187520505.jpg,3,CMD,94cb708a3a816cff,validation
2187563548.jpg,4,healthy,db047ae09c38b7d4,train
2187699313.jpg,3,CMD,85eb279e616203bb,test
2187716233.jpg,3,CMD,cb1732cdcd1932b1,train
2187765888.jpg,1,CBSD,c486eaaa2b2d6c6d,train
2187839958.jpg,3,CMD,a5975ae03cfe5805,validation
2188047288.jpg,1,CBSD,8aae7111643aafab,train
218822294.jpg,3,CMD,d7971b2830abb1a5,validation
2188313592.jpg,3,CMD,84b34c7863563cbd,train
2188547728.jpg,3,CMD,cbd21a33fdd870c0,test
2188599184.jpg,3,CMD,8e7c08766bf11b94,train
2188616846.jpg,3,CMD,c192f5d3abb1d8a0,train
2189140444.jpg,4,healthy,862841f260bb1fbf,train
2189224346.jpg,4,healthy,cfd9344f091df182,train
218932775.jpg,3,CMD,9a9b4a1f63a44be1,train
2189356747.jpg,3,CMD,d0515add7981878f,validation
218953457.jpg,2,CGM,93e0e1bd9a073917,test
2189559385.jpg,1,CBSD,8cc57222c9df5ce4,train
2189576451.jpg,4,healthy,c3cac8c2e2cacae7,train
2189896995.jpg,2,CGM,c48b6cd5f2821779,train
2190269149.jpg,3,CMD,c38467db6d22754a,validation
2190330048.jpg,3,CMD,86e8798638fac62d,train
2190536713.jpg,3,CMD,c92635b6cf8d9c48,train
2190645721.jpg,3,CMD,d0e13d71bdc88276,train
2190663985.jpg,3,CMD,c6ce70d70d0e2a3d,test
2190685942.jpg,3,CMD,cd4d65ae4c261697,train
2190893097.jpg,4,healthy,9cfc23130139376f,train
2190921157.jpg,3,CMD,899f73c7968309b1,train
2191032534.jpg,3,CMD,82ed73b8999a1f11,train
219119835.jpg,2,CGM,88d436c9ec36e2dc,test
2191259064.jpg,1,CBSD,9b938b8be2c0b2e3,train
2191328263.jpg,4,healthy,c16b3ec9e13144af,train
2191379565.jpg,2,CGM,862367772cdb2ac8,test
2191616657.jpg,4,healthy,d16e0f7a073b4aa4,train
2191624068.jpg,4,healthy,ccd277fe0640566a,train
2191768604.jpg,3,CMD,c10f3e7f667c6880,train
2192563382.jpg,1,CBSD,cac3730f25a652f1,train
2192898846.jpg,3,CMD,c5f1f0e58b972521,test
2193031874.jpg,3,CMD,c5d2164e21ad6b6d,test
2193300139.jpg,3,CMD,80c4575768e7974e,train
2193438012.jpg,4,healthy,dc9f218ac6f91643,train
2193450129.jpg,3,CMD,d21b21f3cca9dc58,train
2194170986.jpg,3,CMD,d7972134cd2e0a2f,train
2194319348.jpg,4,healthy,8b9c1d9839b1d0eb,train
2194364157.jpg,2,CGM,f08137fc6c8b909d,train
2194549987.jpg,2,CGM,9999b2462667734e,train
2194646466.jpg,3,CMD,c1b5bde1baab03a0,validation
2194916526.jpg,3,CMD,81fe42fb27c918e1,train
219505342.jpg,3,CMD,de9f3964261187d4,train
2195231837.jpg,3,CMD,859b6d235c07e3e1,train
2195289519.jpg,4,healthy,99813e133d792cc7,validation
2195305103.jpg,1,CBSD,b6e6643b4c6b6164,train
2195653841.jpg,3,CMD,c18f6ce8b4e35e09,train
2195757923.jpg,4,healthy,8796879ba8e5e868,train
2196148634.jpg,1,CBSD,9198622e9dc3ea6e,train
21962653.jpg,2,CGM,92cc2ae77c5b8a2a,train
2196292617.jpg,3,CMD,d7d6b6dabc825180,train
2196411231.jpg,4,healthy,910f537966f8262d,train
2196894947.jpg,3,CMD,89ea3fd5659c0287,train
2196966280.jpg,3,CMD,b189b7c0053ec9af,train
2196977534.jpg,2,CGM,804178398f97abd7,train
2198215953.jpg,3,CMD,d00c39ca9bf91ef0,test
2198293252.jpg,3,CMD,d68f68e169c80adb,train
2198388199.jpg,0,CBB,8488e2e2bba1a7bb,validation
2198414004.jpg,3,CMD,93666599741e4c4f,train
2198591812.jpg,2,CGM,c5db320459035efd,train
2198789414.jpg,3,CMD,d5c23b5e6644c2b5,train
2198845474.jpg,4,healthy,84f931cb9cbc23ac,test
2198912215.jpg,1,CBSD,c0c4077f17fcd503,validation
219893328.jpg,3,CMD,99ae2827122ef33e,train
2199149806.jpg,3,CMD,85912dda9f7f020d,test
2199201790.jpg,3,CMD,c1d92f6894e52e5a,train
2199231317.jpg,3,CMD,d1cfd8ca8a05975a,validation
2199327268.jpg,4,healthy,b5a81d1df1f1a232,validation
2199495585.jpg,3,CMD,82db2ac55a0f55ae,train
219949624.jpg,1,CBSD,92cd5b66ae36d580,train
2199572069.jpg,4,healthy,d4eb6d862cf0961c,train
2199920986.jpg,1,CBSD,a5cb41b995a511be,train
2199936871.jpg,3,CMD,c3cc1e860c96dbf1,train
2199980417.jpg,3,CMD,d684989687b127fa,train
2200006732.jpg,2,CGM,baaa6cea98baacc0,train
2200120036.jpg,1,CBSD,8cd669f90c9d1b58,train
2200310457.jpg,3,CMD,9bc4e6f6b10513a3,train
2200408441.jpg,3,CMD,def262a543ea6149,train
2200606919.jpg,4,healthy,ad9d1fc003587ba5,train
2200762237.jpg,3,CMD,85ba30fc1186db1f,train
2200925234.jpg,3,CMD,c4f92f99648c24e7,validation
2201343641.jpg,3,CMD,c5f06a6c7a1387b4,validation
2201881693.jpg,3,CMD,9dcf93f064144b0f,train
2202131582.jpg,4,healthy,938c34432df24bfa,test
2202135584.jpg,3,CMD,89ad34998324bfcd,train
2202207984.jpg,3,CMD,a4b9c8e5668e313e,train
2202374658.jpg,3,CMD,b9781ece6223c939,train
2202498219.jpg,1,CBSD,81b569b31571ee0b,train
2202563232.jpg,4,healthy,88977b0773d4c8c3,test
2202750916.jpg,3,CMD,89fe35a19e66380d,test
2203128362.jpg,3,CMD,8d1268a7493eabd9,test
220313132.jpg,1,CBSD,929f71c07e60656d,train
2203184461.jpg,3,CMD,bcd22abeba0d1278,validation
2203204324.jpg,0,CBB,fbbd85a785a2a828,train
2203540560.jpg,3,CMD,879a23083f6515f7,test
220364890.jpg,3,CMD,dc0f0a2eef03e23c,train
2203932051.jpg,3,CMD,859d3a4ef1610ce7,train
2203981379.jpg,0,CBB,9c8c6b6570c8999f,test
2204436794.jpg,2,CGM,879d69aa0cce3674,train
2204493218.jpg,3,CMD,d8b876ce083dd8d8,train
2204515212.jpg,4,healthy,961f3d660fd11398,validation
2204845110.jpg,3,CMD,c5862e64817af7c9,test
2204928031.jpg,4,healthy,8cdb324ae49b6c87,validation
2204999536.jpg,3,CMD,d08f3b4f5e28270d,test
2205584045.jpg,3,CMD,d3ccd99165e2122f,test
2205715581.jpg,4,healthy,94a32d9cc9718ee5,train
2205809644.jpg,3,CMD,c1c941d5e5e1e5e1,train
2205866570.jpg,3,CMD,90876d74431e4eaf,train
2205985978.jpg,3,CMD,d21f3f62546a41f4,train
2206161094.jpg,4,healthy,a1b4a9e5696d45c5,train
2206200771.jpg,3,CMD,d6f3f2e4b184a087,train
2206285676.jpg,3,CMD,c3fe3653c0c4784b,train
2206925602.jpg,3,CMD,e7faa095bec2404d,test
2206994668.jpg,2,CGM,80d44bd9b14e9fe2,validation
2207027505.jpg,0,CBB,91f135ae2ead025b,train
220707732.jpg,2,CGM,d73f31d024fc2d03,train
2207334085.jpg,3,CMD,9fcf06176c147835,train
2207440318.jpg,3,CMD,84f264d0d5cf63e8,test
2207627108.jpg,4,healthy,aa575ce1c27c15f0,train
2207984247.jpg,1,CBSD,9b4c6c73669b0a66,train
2208145529.jpg,2,CGM,95cb46b123c51dd3,train
2208299443.jpg,3,CMD,cb813c5a25ad0afb,test
220845966.jpg,4,healthy,87f16dba6b841d60,train
2208510730.jpg,3,CMD,8b397cbe29c72a18,train
2208592852.jpg,3,CMD,d2967df8e20cb186,train
2208840546.jpg,3,CMD,ddfc73c740e30e02,train
2208909764.jpg,3,CMD,c19c2d336f5153a5,train
220903933.jpg,4,healthy,d3ad735f20462da4,train
2209171783.jpg,1,CBSD,d13368ab0cc553f9,test
2209209045.jpg,2,CGM,d0a74f993cc2194f,train
2209303439.jpg,3,CMD,dbcb782431e4fd10,train
2209356814.jpg,3,CMD,92996af2a89efb40,train
2209567923.jpg,4,healthy,a8917b8303377b3a,train
2209572670.jpg,0,CBB,949c59cd5c58c4f9,test
2210548781.jpg,3,CMD,ccc43199375b0e3e,train
2210634392.jpg,3,CMD,80f35c4f76c4455e,test
2210767635.jpg,1,CBSD,94e2800f7d835cfb,validation
2210937583.jpg,3,CMD,e08a9e0c37f94787,train
221132537.jpg,3,CMD,83f5780d33636e89,test
2211468159.jpg,3,CMD,d2f205691d5b715a,train
2211589437.jpg,3,CMD,93d26fa9aa3a05a6,validation
22116035.jpg,2,CGM,94b3324359e97fa0,test
2212089862.jpg,3,CMD,8981ed1c615e5a7e,test
221215131.jpg,3,CMD,c08427512bff265f,train
2212294239.jpg,3,CMD,d2b52687c9e1e265,test
2212458308.jpg,2,CGM,923f62d51ddb211a,train
2212591948.jpg,3,CMD,9c6e74e0a39572a9,train
2212824902.jpg,3,CMD,86a967ba889dbe82,train
2213062056.jpg,3,CMD,d0d062177e9e863e,test
2213112972.jpg,3,CMD,94c27b7a7034239f,train
2213150889.jpg,3,CMD,91c74e46352df1b1,train
2213265918.jpg,3,CMD,948161fe2b365b3c,train
2213446334.jpg,3,CMD,d7f3a6b22a0e0d83,train
2213547855.jpg,3,CMD,99d86bc2ac9156f8,train
2213611476.jpg,1,CBSD,c4bc346891bb725b,train
2214055139.jpg,3,CMD,cc81596b31fd24f2,test
2214222805.jpg,3,CMD,95d51dee7ca15049,train
2214228898.jpg,3,CMD,9dc319250719f74e,validation
2214274684.jpg,3,CMD,d7520a29827e7aa7,train
2214549486.jpg,3,CMD,cc87321e4fd11ac7,train
2214576095.jpg,3,CMD,81ea7d569cb1623c,train
2215189222.jpg,2,CGM,9d622ebd125acac5,train
2215306088.jpg,3,CMD,9cfc7e8e74e0e110,train
2215510200.jpg,3,CMD,94c3276c3d717196,test
2215613116.jpg,3,CMD,9d92744e692b61c7,train
2215831646.jpg,3,CMD,d78969d122e5136d,train
2215913583.jpg,3,CMD,d4897f043df06f82,train
2215986164.jpg,3,CMD,ab097942b18b6cf6,train
2216366508.jpg,4,healthy,929c3e37b29493d1,train
2216672463.jpg,3,CMD,d4f918b954324e73,train
2216674050.jpg,3,CMD,8d965b76da4c10f4,test
2216772761.jpg,4,healthy,919372d3d9f0b328,test
2216829799.jpg,3,CMD,94da0ff562295565,train
2216899710.jpg,3,CMD,91de982776f24325,train
2216914717.jpg,3,CMD,c4de453d1baa3847,train
2216965382.jpg,3,CMD,80913bc472bbdcc7,test
2217052416.jpg,4,healthy,c2da7c9641b5744b,train
2217091217.jpg,4,healthy,f8ab050e2d92e8e7,validation
2217598381.jpg,3,CMD,8178703fec49e96a,train
2217626214.jpg,3,CMD,ae9171970f794c85,validation
2217792341.jpg,1,CBSD,869c39c5773a6a19,train
2218023332.jpg,3,CMD,8cc779662ea4ce1a,validation
2218126314.jpg,3,CMD,9ece32f00fd93688,validation
2218341655.jpg,1,CBSD,d3b21d1c051ce39f,validation
2218724799.jpg,3,CMD,ceea33831408cf7d,train
2218891230.jpg,4,healthy,9bc964f0580dc7f1,test
2218894352.jpg,3,CMD,90b2589d3cc73fc1,train
2218943916.jpg,1,CBSD,f98702c75e8ee41a,train
2219335308.jpg,3,CMD,eb4c237b0f3b6007,train
2219671077.jpg,1,CBSD,914878ef36126677,train
222017409.jpg,3,CMD,99ea69a5c2d163cc,train
2220309469.jpg,1,CBSD,cc932b3d143a0f2f,train
2220363674.jpg,3,CMD,926f6aa575122a1f,train
2220433108.jpg,3,CMD,b6b6531fe0b98189,train
2220492901.jpg,3,CMD,93484a797cfc4347,train
22205792.jpg,3,CMD,c96837a11ad74cf2,train
2220628508.jpg,3,CMD,d4316dc82c5b9b9a,train
2220656958.jpg,2,CGM,d5ab47897e893609,test
2220870435.jpg,2,CGM,ccf02ee73a0e0acb,train
2221120422.jpg,3,CMD,9ced5de2c02a94dc,train
2221155069.jpg,3,CMD,81c02eff31195e6b,train
2221240763.jpg,0,CBB,99cc8b7c8f628cb1,train
2221302395.jpg,3,CMD,a9b87bbe78e02542,train
222165082.jpg,3,CMD,9ea22d17a139cb71,train
2221731773.jpg,3,CMD,d9c6243a09417ff6,train
2221889127.jpg,1,CBSD,9dd3656526a2135b,test
2222709872.jpg,3,CMD,c04f7ee35688a596,train
2222831550.jpg,3,CMD,c2ec201ab8bcf7d2,train
2222998086.jpg,2,CGM,d1d43f831881c7b7,train
2223402762.jpg,3,CMD,9f79610e7b60cce0,validation
2223556272.jpg,3,CMD,c5c33c23e99d6899,train
222408445.jpg,1,CBSD,dbbc01d1ddab8780,validation
2224228735.jpg,4,healthy,84ea3ba4b1e69b2c,validation
2224284163.jpg,3,CMD,a5d8abb7270a534a,train
2224409184.jpg,3,CMD,83ae3f2753984a1d,train
222467790.jpg,2,CGM,c01764ed3bcf13a1,test
2224991111.jpg,3,CMD,8b76510fa31731d9,train
2225062882.jpg,4,healthy,c8d4de81d2fca2a3,train
2225362356.jpg,2,CGM,dfd2340697a4f511,train
2225422643.jpg,3,CMD,d4225b34efc0573a,train
2225635651.jpg,4,healthy,899269b479bb186b,train
222568522.jpg,3,CMD,9dc14b7a1ab2a6b4,test
2225817818.jpg,2,CGM,9de20e0569ef3299,train
2225851641.jpg,2,CGM,9cab6d61f09c21b5,train
2225864423.jpg,3,CMD,d8d54c045b6e9aea,train
2225869087.jpg,3,CMD,998733ecda354685,train
2225883353.jpg,2,CGM,81e92ef01f111d7b,validation
2226003733.jpg,2,CGM,cb89ebfad24a5206,train
2226045745.jpg,3,CMD,83246ddb5459137b,train
2226248515.jpg,3,CMD,b41b6b2426996dc7,train
2226299947.jpg,1,CBSD,96e7699c879c1649,train
2226438384.jpg,2,CGM,c19a43053ef60d9f,train
2227373462.jpg,3,CMD,94e739183ff8e08c,test
2227639831.jpg,2,CGM,8da223a730e4757b,train
2227901688.jpg,3,CMD,a9c824737298d1bf,validation
2227923395.jpg,3,CMD,cee92e2a3112b177,train
2228006086.jpg,3,CMD,84ece4db49535687,train
2228138892.jpg,3,CMD,cd95b6516763c825,train
2228488681.jpg,4,healthy,8cf81f07206fd72c,test
2228874754.jpg,0,CBB,c7820a3db7839e9c,train
2229012981.jpg,3,CMD,d7fb88610e261b66,train
2229221993.jpg,1,CBSD,9a9c2aa3afae86a8,train
2229345827.jpg,3,CMD,87b562450fe879e8,validation
2229564743.jpg,3,CMD,c18c1ef1aaee491d,train
2229565623.jpg,3,CMD,99dd696a2464a3a7,train
2229690710.jpg,3,CMD,938c6b274acfb452,validation
2229847111.jpg,1,CBSD,e2271f1c2de8e741,train
222987451.jpg,2,CGM,809a386f7409a7fd,train
2231080458.jpg,2,CGM,b0f1b55c650d0d3e,train
2231413660.jpg,4,healthy,ad9f5a381a34b079,train
223143311.jpg,2,CGM,963473c547f910d9,train
2231502538.jpg,3,CMD,83a14bab49dd9e8c,validation
2231591704.jpg,4,healthy,c80131c1b7f62df5,validation
2231604198.jpg,3,CMD,d03675f06c0c4f3b,test
2231704125.jpg,2,CGM,d0872b6bd86ab49a,validation
2232257022.jpg,3,CMD,8194d25ee3ece4a6,train
2232812594.jpg,3,CMD,96d258b15a7b2347,validation
2232905491.jpg,4,healthy,d4a72d28fae561c1,validation
2232929983.jpg,1,CBSD,8f0700f707e177c5,test
2232959596.jpg,3,CMD,877b6a6513861976,validation
2233347534.jpg,0,CBB,92966559b9e9d948,validation
2233424993.jpg,3,CMD,ddb719dc2f845019,train
2233774381.jpg,3,CMD,91ba682f6e69e381,train
2233819064.jpg,3,CMD,8ec3147ff0e69560,validation
2234089477.jpg,3,CMD,cde20db219dd42a7,train
22341045.jpg,2,CGM,97d70d0e60666f23,train
2234221282.jpg,2,CGM,d5e41d2988b26b5b,train
2234346927.jpg,3,CMD,8bdc30f1748f2d61,train
2234665752.jpg,1,CBSD,f9e629c11ce078ba,train
2235231408.jpg,3,CMD,d0976439a5695b4d,train
2235405530.jpg,2,CGM,85cb168cd8a5d8b7,test
2235497249.jpg,3,CMD,ac8b7ad41ed666c0,train
2235761050.jpg,0,CBB,d2d2bbb35362a4c4,validation
2235889305.jpg,4,healthy,c995264277ed6c70,train
2236274260.jpg,3,CMD,98c719ab4c5aee0b,train
2236456685.jpg,3,CMD,d5ae6ad449b1c239,train
223648042.jpg,3,CMD,c0962bed36193667,validation
223654251.jpg,3,CMD,e6335cd123310bb7,train
2236610037.jpg,3,CMD,91b4238c6c6fbd1c,train
2236683337.jpg,1,CBSD,d4f12e9c59c5aab0,train
223668500.jpg,0,CBB,db8d2a908d303f37,train
2237276919.jpg,3,CMD,c6e664c8b49b6366,train
2237345136.jpg,4,healthy,dae32737844e2d98,train
2237375719.jpg,4,healthy,dee46390ae0aa71b,train
2237533145.jpg,3,CMD,9d43715fc6a37130,train
223775564.jpg,3,CMD,cbbf09b699d324c0,test
2237756499.jpg,3,CMD,8c733bec72ce10a6,validation
2237962396.jpg,3,CMD,f8a44b9544d0dbda,train
2237969004.jpg,1,CBSD,acc2a133d72b53a3,train
2237980387.jpg,4,healthy,97cc788f6c286e38,train
2237983224.jpg,3,CMD,d6d0417b28ef4e46,test
2238082787.jpg,3,CMD,d5d5d3c59ce02ca8,validation
2238147414.jpg,3,CMD,86996c5633edb582,validation
2238206379.jpg,3,CMD,ce9f3630c1a73c70,train
223823659.jpg,3,CMD,fe4a0546668ebd31,train
2238900239.jpg,3,CMD,892a7e4c5a7c25e5,train
2238942868.jpg,3,CMD,b1cb25269d136b6a,train
2238956267.jpg,3,CMD,e49a6ba4ce98aee0,train
2239085186.jpg,3,CMD,91de7f1a3062607d,validation
2240115800.jpg,3,CMD,81b0dad1b1bff0e0,train
2240245430.jpg,3,CMD,e5942386a4be86f3,train
2240297228.jpg,3,CMD,f5c303c1c2dcb5b4,test
2240458370.jpg,3,CMD,84c574782eeee272,validation
2240579189.jpg,3,CMD,89da4d36285e74e5,validation
2240850085.jpg,4,healthy,c4f1c2cff09c89c3,train
2240905108.jpg,4,healthy,9ef465c3bb3b8401,train
2240906425.jpg,3,CMD,89bb6cbca036c387,train
2241031313.jpg,3,CMD,c2e265c1d3ece6c2,train
2241165356.jpg,3,CMD,92856bdb39f9c092,train
2241394681.jpg,2,CGM,94e47c8727c88f8d,train
2241498976.jpg,3,CMD,d6c331f6c9640765,validation
2241577548.jpg,3,CMD,d5da35b908db4523,train
2241778439.jpg,3,CMD,d0d71c25a74527ce,train
2241795551.jpg,3,CMD,834556c575b532ae,test
2241828969.jpg,3,CMD,87ba2ec1bc67a059,validation
224203532.jpg,3,CMD,c1bc1f21ecb4334d,train
2242172318.jpg,1,CBSD,c3ca3990d7e3c4d2,test
2242265162.jpg,3,CMD,80f54af945ee1cc6,train
2242351929.jpg,3,CMD,97b63589716298e9,train
2242503873.jpg,3,CMD,94b21414e6fe7aca,train
224258371.jpg,3,CMD,80de4a09f76d24be,train
2242706727.jpg,4,healthy,c4fc244c6899f765,train
2243019094.jpg,0,CBB,ced13297356207b5,train
2243188511.jpg,4,healthy,a1d7302a7d2e9aa3,test
2243247761.jpg,3,CMD,c1f273350c1f728e,train
224347038.jpg,0,CBB,97bf03c2c382aba5,validation
2243541656.jpg,2,CGM,c48b369f2d666e05,train
2243950685.jpg,4,healthy,94f32cd0698ca59f,train
2244002731.jpg,3,CMD,84d633d81c15f63e,validation
224402404.jpg,3,CMD,d2e83af829356c33,train
2244163823.jpg,3,CMD,85d86e59b9386ec1,validation
2244546793.jpg,3,CMD,a09e387676a07fc1,validation
2244982955.jpg,1,CBSD,99d66c69d3869871,train
2245122329.jpg,3,CMD,85e361ae5c681ecb,train
2245125668.jpg,3,CMD,9aa29e54d3456b8d,test
2245188644.jpg,2,CGM,d1dc4a3a65a5ecd0,test
224544096.jpg,3,CMD,96c15836349ef6c5,train
2245464938.jpg,3,CMD,99b1bacc3564d874,test
2245477659.jpg,3,CMD,90e83ea343d5c759,train
224556154.jpg,1,CBSD,cc6b2cb207f9631c,train
2245645111.jpg,2,CGM,d9963498ad1a1cfa,train
224577938.jpg,3,CMD,9fa5069f11a5ab86,test
2246240102.jpg,3,CMD,c6c44a336184bdfe,train
2246450442.jpg,1,CBSD,b0c17e704feab509,train
2246452498.jpg,3,CMD,c39a1ea253323e57,train
2246807690.jpg,0,CBB,c0896ac6f80f9e67,train
2247014271.jpg,3,CMD,d6eb652c520bbb90,train
2247445291.jpg,3,CMD,97a97dd48bb4201e,train
2247595260.jpg,1,CBSD,bc435cc719723723,train
2247604933.jpg,3,CMD,8549536cbacf10f5,test
2247618278.jpg,4,healthy,bf77ff412008807e,train
2247714957.jpg,3,CMD,d9696c5a42f43743,test
2247736336.jpg,3,CMD,a82d35e04255aaff,train
2247903814.jpg,3,CMD,80ca6a893ff6a674,train
2248271758.jpg,3,CMD,f08923fc1a7b58a6,train
2248319472.jpg,4,healthy,8d577ba1101af966,train
2249361509.jpg,4,healthy,cc32bcc8cc1e71f4,train
2249556134.jpg,2,CGM,f1f51c699e964892,validation
2249767695.jpg,3,CMD,d15635dd671f4380,train
2250638663.jpg,2,CGM,c2e140ca4dbb1daf,validation
2250784892.jpg,2,CGM,9cca1a97fa78a41a,train
2250892724.jpg,3,CMD,d3e23d9ce2842799,train
2250984937.jpg,3,CMD,841f5322720fd5fc,train
2250996072.jpg,2,CGM,c6cc011d3d3cb877,train
2251153057.jpg,3,CMD,8bd816dd11a56f92,train
225140297.jpg,3,CMD,c1e40ef20d5d7372,train
2251583230.jpg,1,CBSD,94697dda09d5d2a2,test
2251742457.jpg,1,CBSD,83989898f5ab56ce,train
225191875.jpg,3,CMD,c29f084b43de6d74,validation
2252107066.jpg,4,healthy,837296ed2c21db93,train
2252494012.jpg,3,CMD,9fbf0f20438bcc49,test
2252529694.jpg,4,healthy,a6c258fb5cd5064e,train
2252541083.jpg,3,CMD,cda83aea5066e6c3,validation
2252569257.jpg,4,healthy,96b42493f57e9129,train
2252678193.jpg,3,CMD,80c065fc744faaf5,train
2252885950.jpg,3,CMD,b48d5850593f7e62,train
2252903610.jpg,3,CMD,a1bc4f8b84d456ad,train
2252976900.jpg,3,CMD,d81b1e4625f1f81e,train
2253212784.jpg,3,CMD,84886f8a389fceb3,validation
2253524609.jpg,2,CGM,d2f161b0f16ce4c5,validation
2253584700.jpg,1,CBSD,b1453f69432edec0,train
2253776549.jpg,0,CBB,878b3816e385cdae,validation
2254310915.jpg,4,healthy,c5f5d383ded00ea0,train
225438474.jpg,3,CMD,94d9344fae1ef019,train
2254446708.jpg,3,CMD,f1610bb3a608cfd9,train
2254620180.jpg,3,CMD,95a468e766dc630b,test
2255058725.jpg,3,CMD,dda38efb698d0490,test
2255164475.jpg,3,CMD,c27846cbf4cd5b24,train
2255664961.jpg,0,CBB,96492b71c79ed883,validation
2255774334.jpg,0,CBB,db6564969a19a536,train
2256094590.jpg,2,CGM,d2d9273605fb0cf0,train
225631259.jpg,3,CMD,8ee1699ab3e16326,test
2256398426.jpg,3,CMD,a13792c06dfec607,train
2256445671.jpg,3,CMD,c5d42a6635bb6526,train
225654531.jpg,2,CGM,d8a5135e28353737,validation
225662229.jpg,3,CMD,b715682d39a2661f,train
2256700113.jpg,3,CMD,931f7872252f09ce,test
2256701699.jpg,1,CBSD,8cca79fc8e8e8e82,train
2257377706.jpg,3,CMD,cbc323f22f0d2c4d,train
2257439526.jpg,3,CMD,e18f247c575046f6,train
2257519479.jpg,3,CMD,90e07da68e534af5,train
2257731439.jpg,3,CMD,c18c153f3e273e23,validation
2257902017.jpg,3,CMD,dc6e6b93a42388e5,train
2258065803.jpg,4,healthy,85950cc1ff853cce,train
2258343852.jpg,3,CMD,d0f739d4520fbca0,train
2258402011.jpg,0,CBB,a2c65d2afaf07170,train
2258901488.jpg,3,CMD,8193cce0b0797c77,train
2259248277.jpg,3,CMD,c4b8235f6d36b0e2,train
2259345957.jpg,2,CGM,98b966a5954bd354,train
2259448327.jpg,1,CBSD,d39c0997e0013ffc,test
2259667328.jpg,3,CMD,af9235b2d6b49291,train
2259672910.jpg,3,CMD,e1e3fa1d1f51a130,train
2259763259.jpg,3,CMD,c30d23293be8b735,train
2259802892.jpg,4,healthy,95c830d4d2da0fb7,validation
2259811293.jpg,4,healthy,c5ba78830fc2e5aa,train
2259960695.jpg,4,healthy,c28c1a1bfa393f61,train
2260280582.jpg,3,CMD,c89166237377195d,test
226029154.jpg,4,healthy,d58556926af20b3b,test
2260330058.jpg,3,CMD,eb898fc79754c380,train
2260389175.jpg,3,CMD,ccba56c8615e998e,validation
2260460957.jpg,3,CMD,c03e5dcebdd54a80,train
2260521441.jpg,2,CGM,c9f41d4b34de8a68,train
2260577745.jpg,4,healthy,91cc3fa461a37d31,train
2260651595.jpg,1,CBSD,94bb3cd84dda4187,train
2260738205.jpg,3,CMD,dea22ed41aa720be,test
2261145380.jpg,4,healthy,8ae95cac1d89ca1f,train
2261184904.jpg,3,CMD,b6c86d6f62283356,train
2261494787.jpg,4,healthy,821f7e6a737560a2,train
2261535217.jpg,3,CMD,99e36acc0e04b5bb,train
2261597836.jpg,2,CGM,c08d19bf26be4969,validation
2261678500.jpg,0,CBB,e9ec43870e0d373c,train
2262263316.jpg,1,CBSD,d4bd2e1b3cc51a07,train
2262665219.jpg,3,CMD,921d66d375390d6a,validation
2262665765.jpg,3,CMD,d2654ee938d303bc,train
226270925.jpg,2,CGM,f5944afa991f6441,train
2262890028.jpg,2,CGM,93ac72c6e5d093ac,validation
226294252.jpg,3,CMD,82f00df23e6b48cf,train
2263381455.jpg,3,CMD,ebad40328fd23c99,train
2263561616.jpg,2,CGM,9aa92a8e79c2ccf1,train
2263722184.jpg,3,CMD,93ac2c32d9cd466b,train
2263743432.jpg,0,CBB,87937d0427869e9e,test
2264010763.jpg,3,CMD,cfca068f82f27b14,train
2264163141.jpg,0,CBB,82a55af862bbc5d8,validation
226416882.jpg,1,CBSD,cc7337244be1b554,train
2264750048.jpg,4,healthy,9cc734db4aa851f8,train
226485421.jpg,1,CBSD,8d3233aad8b3ea16,train
2265156316.jpg,0,CBB,c1c671395a15778d,train
2265275376.jpg,1,CBSD,f7900fbf39504ba0,train
2265305065.jpg,1,CBSD,9e882d6d85d696d4,test
226533928.jpg,1,CBSD,d0b3d3fa1c487e48,validation
2265534194.jpg,3,CMD,ebe171f341d91914,train
226557134.jpg,3,CMD,a5875b819f2923f2,validation
2265583516.jpg,3,CMD,cbd92aef4f824129,test
2265643049.jpg,3,CMD,93bbbe8da8c4e4c0,train
2265654382.jpg,3,CMD,929423e83f67d88b,train
2265725202.jpg,1,CBSD,8cac31d45b9f58a9,train
2265748268.jpg,3,CMD,83fe08778126fb07,train
2266026214.jpg,4,healthy,cdbc3e5940f621ca,train
2266032559.jpg,3,CMD,cfd1654a8a2d496d,train
2266461434.jpg,3,CMD,97c253473c33839d,train
2266545283.jpg,3,CMD,94b6a8b8d1e97958,test
2266647967.jpg,3,CMD,ffbe6a2b064f1050,train
2266653294.jpg,3,CMD,86cc6d50056e5fdc,validation
22667751.jpg,2,CGM,ea9c4ff896c0620f,validation
2266850561.jpg,3,CMD,f2e8e3c6e885dc44,test
2267434559.jpg,0,CBB,ceac29dba5d44aa1,train
2267602406.jpg,3,CMD,c19f76e01175a4f8,train
2267698593.jpg,2,CGM,81c326c0becd2ef9,test
2267724661.jpg,2,CGM,c9d5338ca6c3b13a,train
2268050032.jpg,3,CMD,a1850ab251497ffb,train
2268128907.jpg,2,CGM,a1dfc43b0e7963c0,train
2268242314.jpg,3,CMD,d0c96f76382d2b62,train
2268307664.jpg,3,CMD,92d9ece462666627,train
2268584645.jpg,3,CMD,ea79d016bd869d21,test
2269122583.jpg,3,CMD,d089324e3f67c0bb,train
2269255258.jpg,1,CBSD,b6cb62861d81d23f,train
2269370589.jpg,3,CMD,939670236c7e99c9,test
226962956.jpg,1,CBSD,c2ac657b2d91562e,train
2269735086.jpg,1,CBSD,82cd726a2d231ede,validation
2269834734.jpg,2,CGM,944327a23abfd117,test
2269881726.jpg,3,CMD,90b0a9555a5b5a3f,train
2269945499.jpg,4,healthy,cbcc603d36aa9647,train
2270276513.jpg,3,CMD,91b51c5d211766ed,test
2270358342.jpg,3,CMD,8ce562cc092376fb,validation
2270423003.jpg,3,CMD,95da7508b77d4885,train
2270521527.jpg,3,CMD,86ce52f021da6d75,train
2270851426.jpg,0,CBB,cb9a7054e7221dce,train
2270867861.jpg,3,CMD,cb15717a611696b3,train
2271308515.jpg,2,CGM,d088a49ba9a9d3e7,train
2271327090.jpg,3,CMD,94b772996c3a2e61,test
2271567719.jpg,3,CMD,998e3ec1077ec916,train
2271623198.jpg,3,CMD,d02e5ad039216bdf,train
2271678953.jpg,3,CMD,a0a0e74f4fc9f1b0,test
2271707929.jpg,3,CMD,c1ce66e9b1960f51,train
2271731125.jpg,3,CMD,f0ab6380f79a1de0,train
2271948413.jpg,3,CMD,c4863e9b38f97c0c,validation
2271999976.jpg,2,CGM,f5ab35d5a6aa22a0,train
2272090982.jpg,3,CMD,d4b02255ae5cf39c,train
2272220483.jpg,3,CMD,91ac1953c63becc9,test
2272287996.jpg,3,CMD,f1d5d2b8a8aa2b2a,train
227245436.jpg,3,CMD,95aa75f2b0582b99,train
2272490534.jpg,3,CMD,859a07ed786b097a,train
2272550.jpg,3,CMD,8da934bf2240f57c,test
2272721188.jpg,3,CMD,c6f438a439295bd3,train
2272862732.jpg,3,CMD,c4f9597d74c91262,train
2273730548.jpg,0,CBB,e99dc1b8963c1596,validation
227385036.jpg,2,CGM,d3cf32890c1b572e,validation
227401382.jpg,3,CMD,8be928cf56781ae2,validation
2274065917.jpg,2,CGM,81ba37c46f89ccd4,test
2274097266.jpg,3,CMD,c2466967acb096db,train
2274470269.jpg,1,CBSD,98d713ac42abbc56,test
2274473837.jpg,0,CBB,c19706197a655b9b,train
2275346369.jpg,2,CGM,d8977abd0cc0970b,validation
2275462714.jpg,3,CMD,d4b137a05ecc319d,train
2275525608.jpg,3,CMD,d9e40e73c2fec188,validation
2275946300.jpg,2,CGM,99863b390d8ecdc9,train
2275987073.jpg,3,CMD,d067a73157c8b760,test
2276075918.jpg,3,CMD,8dd93a723b1858e9,train
227631164.jpg,2,CGM,d8d47996744a172b,train
2276395594.jpg,2,CGM,c41ac3e41e93db1b,train
2276509518.jpg,1,CBSD,c2e23d4dd216cf19,train
2276638864.jpg,3,CMD,f3b41dad2822dae8,train
2276860012.jpg,0,CBB,aaba23d2aa55aa53,validation
2276911457.jpg,3,CMD,81f753700ea1ff42,train
2276988154.jpg,3,CMD,9df66d47069c4166,test
2277025028.jpg,3,CMD,d4997647e9374909,train
2277619835.jpg,3,CMD,c71713712d9a1b69,test
2277667632.jpg,3,CMD,81c2c2737e3d3ce4,test
2277965082.jpg,3,CMD,85cd052762f5d999,train
2278017076.jpg,3,CMD,938c72a3bea6ad24,train
2278166989.jpg,1,CBSD,c05e13f8db2586d6,train
2278265576.jpg,2,CGM,91ec74b07b01a3ed,train
2278281792.jpg,3,CMD,cc8f327b345b8d24,train
2278360992.jpg,3,CMD,9e6e3a82bca30ef0,train
2278366099.jpg,3,CMD,dcca269ec2665b2c,train
2278416618.jpg,4,healthy,9e0b21fcb755482e,train
2278439713.jpg,1,CBSD,b46a4e53d9b85233,train
2278582450.jpg,3,CMD,eff93f80386418ca,train
2278743818.jpg,4,healthy,8e362f364a8d55a3,test
2278938430.jpg,3,CMD,fba9c6e5404a9b85,train
2278956876.jpg,3,CMD,9de362a86e89f215,train
2279072182.jpg,4,healthy,d6a4916debce5250,train
227921485.jpg,4,healthy,c18c2f7d7e550985,train
2279241820.jpg,3,CMD,9493e8cf35b3c858,train
2279252876.jpg,2,CGM,a4db64934ef8a2a3,train
2279465716.jpg,2,CGM,ccdf378960d35125,train
2279625140.jpg,4,healthy,c1f83726279cdb48,validation
2280020919.jpg,3,CMD,d493129cb11e7e72,train
2280080909.jpg,2,CGM,d0b57ae90f0c62b3,test
2280369062.jpg,2,CGM,d1ae3f1bfc6880c4,train
2280389729.jpg,4,healthy,c2376f0473fc01e5,validation
2280394057.jpg,4,healthy,82f453ec08ef5f03,validation
2280588876.jpg,3,CMD,c0ac85de32d0fa67,train
2281084675.jpg,3,CMD,9b9861326676ae99,test
2281113813.jpg,3,CMD,87653d33459cd26c,train
2281344885.jpg,3,CMD,d7d7a1aa28485cd6,train
2281569885.jpg,3,CMD,d3dc2ed39857d0c0,test
2281714249.jpg,3,CMD,d26c228b2d97566b,train
2281738787.jpg,3,CMD,adce7b926824347a,train
2281997520.jpg,4,healthy,94c23f3c19351f35,train
2282200395.jpg,2,CGM,92683d34fae936d0,train
2282251801.jpg,2,CGM,b0cb6eb613033da6,train
2282336130.jpg,4,healthy,e5876c5d2b453856,train
2282620125.jpg,3,CMD,865c22a17b7be1a3,train
2282747032.jpg,1,CBSD,d19474f2a6864f4b,validation
2282888474.jpg,3,CMD,98cf1b36596496b1,validation
228290866.jpg,3,CMD,8292eabbd8b8d8c5,train
2282957832.jpg,4,healthy,c7f3eac9cb08600f,train
2283101504.jpg,3,CMD,e1f43413c84ecda7,validation
2283452558.jpg,4,healthy,8ed0828b57ce8e57,train
2283628031.jpg,3,CMD,90e37867ea987316,train
2283773342.jpg,3,CMD,c6a224f61d79e954,train
2284449331.jpg,3,CMD,8a597a8c0d263fec,train
2284607100.jpg,3,CMD,d8662d911abd660f,train
2284842253.jpg,4,healthy,93886967e632f2b2,train
2285402273.jpg,1,CBSD,94b53d32305657b6,train
2285830070.jpg,3,CMD,8bead0da0ff5024e,train
2285972548.jpg,3,CMD,80df2e62d9e3a3c8,validation
2286124427.jpg,4,healthy,81322db44e6fe0ed,train
2286469795.jpg,2,CGM,d9a66e993bb081a3,train
2286580738.jpg,1,CBSD,f4e14ac2964c579e,train
2286796247.jpg,3,CMD,858a7bf44da821cf,test
2287137676.jpg,3,CMD,e3ec21f852af8790,train
2287195555.jpg,3,CMD,eaf96e304c389dd0,train
2287369071.jpg,3,CMD,85d16aac52e6dd83,train
2287436333.jpg,3,CMD,93eb3438c3cd9916,test
2287557968.jpg,4,healthy,94d5f98b4843e8b9,validation
228757587.jpg,2,CGM,dd7f3ccb4e0213a0,train
2287869401.jpg,3,CMD,cdec3971c6cc982a,test
228813947.jpg,3,CMD,c9671d10373f7438,train
2288946965.jpg,1,CBSD,9edd2ee4e5160871,train
2289742337.jpg,2,CGM,8511a7dd06f35e25,train
2289779242.jpg,3,CMD,c3df31e2ee285c50,train
2289892824.jpg,4,healthy,ea9535ac3474507e,train
2289989107.jpg,3,CMD,93f5689b1c11676c,test
229033895.jpg,3,CMD,c3c42ec91e694ec7,train
2290545459.jpg,3,CMD,bbca972748940cd7,train
2290638835.jpg,3,CMD,bbc84bbc712a4636,validation
2290881666.jpg,1,CBSD,c7e5b1baf168ca08,train
22910447.jpg,3,CMD,99bc638d5ed30790,test
2291266654.jpg,4,healthy,86812fd65b6d6272,train
2291300428.jpg,4,healthy,d5c22abc46e69935,train
229132698.jpg,2,CGM,942860de3ddbcaac,test
2291601784.jpg,3,CMD,c1934b2593996aed,test
2292154193.jpg,0,CBB,8ee52a89625be457,train
2292197107.jpg,3,CMD,da80733ef29922cb,test
2292375600.jpg,3,CMD,96e924936afd1ba0,train
2292786340.jpg,3,CMD,83233fbc781d91e1,train
2292792964.jpg,3,CMD,e9c024ead4b256af,train
2293128439.jpg,3,CMD,d330d1274ab56eb4,validation
2293304630.jpg,3,CMD,ce0869ec76976499,test
2293375436.jpg,3,CMD,ceb3e0ff8511c431,validation
2293555812.jpg,4,healthy,cfd4f3880bc4932e,validation
2293657925.jpg,1,CBSD,858c6cd9782593db,test
2293810835.jpg,3,CMD,80bb438f62149f6f,train
2294026382.jpg,1,CBSD,b96ab65c15d55183,train
2294284199.jpg,2,CGM,f0b906032d4e793f,train
2294473726.jpg,3,CMD,8edf6b424e1c84e3,train
2294532767.jpg,3,CMD,d2f10fc46fa424dc,train
2294604242.jpg,3,CMD,c3e6012ad38f46af,validation
2294615213.jpg,1,CBSD,c7d46263672138f9,validation
2294882999.jpg,3,CMD,b3fec2704e07923c,test
2295281657.jpg,1,CBSD,c4f87ac4f8e2e033,train
2295305746.jpg,3,CMD,d45ce41c4a7b05b7,train
2295473688.jpg,3,CMD,945570a9ab99d956,train
2295549996.jpg,4,healthy,c4236b27627aadd2,train
2296087463.jpg,3,CMD,95de77251e658a11,train
2296470866.jpg,4,healthy,81f1768b2b95dc15,test
2296550892.jpg,3,CMD,959091d8f1fc80bf,train
229671896.jpg,3,CMD,8acb3cbcb2624667,validation
2297160503.jpg,3,CMD,9fa3218c7f11196b,train
2297435998.jpg,1,CBSD,95135ae9757d888c,train
2297466887.jpg,1,CBSD,dc9028f58ae9971e,train
2297472102.jpg,4,healthy,c0d4653b5a6729ec,train
2297582762.jpg,3,CMD,cebb6215c4b2e2d8,test
2297653946.jpg,4,healthy,91bb6a432b1d472e,train
2297731997.jpg,4,healthy,d4b62ba1733d822b,test
2297909098.jpg,1,CBSD,d4272c8f96f1033e,validation
2297944103.jpg,3,CMD,d86e6e95da43070d,train
2298308938.jpg,0,CBB,c9b236c9c11d1f36,train
2298957089.jpg,1,CBSD,84a12b8d27377e74,train
2299480123.jpg,2,CGM,d9587d9d3d0e04f0,train
2299589132.jpg,3,CMD,b9c64a433c665ed2,validation
2299892623.jpg,4,healthy,cdca6639989196e3,test
2300222362.jpg,3,CMD,92af5b44d30f7219,train
2300456902.jpg,4,healthy,8cbc6cce3f21407e,train
2300683900.jpg,3,CMD,8dd2d3417d0b23e3,train
2300783000.jpg,3,CMD,dbc61562e2c7581e,test
2301301726.jpg,3,CMD,930f8fa37b870ce0,train
230143861.jpg,3,CMD,c9e61ccd166ac786,train
2301563503.jpg,3,CMD,da0d32609fa2e8f6,train
2301739298.jpg,3,CMD,81e41a6bbb4a5f98,test
2301906836.jpg,1,CBSD,d28b159b508c37d7,validation
2301947677.jpg,3,CMD,e2bc2da8f550d0ab,train
2302050669.jpg,3,CMD,d5a066bc56c219dd,test
2302182518.jpg,3,CMD,90f32bf3095e95c8,test
2302273705.jpg,3,CMD,82920de5ef9813cf,train
2302395970.jpg,4,healthy,d3a46d709373d129,train
2302473877.jpg,3,CMD,c6f80fa97466219d,train
230268028.jpg,1,CBSD,d986663e4861e9b3,train
230268037.jpg,1,CBSD,82c2dcfde17930d8,train
2302696132.jpg,1,CBSD,d69eb35429654563,validation
2302834762.jpg,3,CMD,f5905ca533f4a4c5,validation
2303070884.jpg,3,CMD,80e42cc9dbad9637,train
2303172633.jpg,3,CMD,d4b925d3255e8d62,train
2303513510.jpg,3,CMD,c42239a29cf42fbd,validation
23042367.jpg,2,CGM,d2a83b353ae2e474,test
2305030489.jpg,3,CMD,988a33d809b7d9bc,validation
2305330152.jpg,3,CMD,8499790fb1e3643e,train
2305331091.jpg,3,CMD,84d3755932b2376c,train
2305707140.jpg,3,CMD,d3863c26596a8776,train
2305895487.jpg,3,CMD,c2ca2f2f2c32e627,train
2306010128.jpg,3,CMD,8316d42d6b5a7a3c,test
2306385345.jpg,4,healthy,f11953ba97366624,train
23064716.jpg,2,CGM,ca7d7827c3d05cc8,train
2306710719.jpg,2,CGM,955f7a810d6ea165,train
2306755781.jpg,3,CMD,9ccb40d55f3a4758,train
2306831624.jpg,3,CMD,c06d6c89597356b3,validation
2306958461.jpg,4,healthy,86f14ca669a651f3,train
2307052417.jpg,3,CMD,bee10d7a19eca04e,train
230708644.jpg,4,healthy,99c446388befa517,train
2307171818.jpg,1,CBSD,81e036d06bf2db5c,validation
2307217723.jpg,4,healthy,d197a794959c6568,train
2307329953.jpg,3,CMD,81f57d0f6086c9f2,train
2307565145.jpg,3,CMD,b5896e3b9ae0e138,train
2307618342.jpg,3,CMD,a7f01c7e1c2730d3,train
2307687082.jpg,0,CBB,889f3c256745559d,train
2307793957.jpg,3,CMD,815675a75cfa2d44,train
2308142554.jpg,3,CMD,d603d773a0721de8,train
2308541209.jpg,4,healthy,84ca6d2e2ea9bc1d,test
2308841380.jpg,0,CBB,95b476b12d4c734a,test
230887462.jpg,3,CMD,caa44be1969a4f69,train
2309270114.jpg,4,healthy,99f1761427f830a7,train
2309592212.jpg,2,CGM,9d8a0292f50edcee,train
2309908274.jpg,3,CMD,93fe452d7c086876,test
2309955110.jpg,4,healthy,9b5ae1cc3587e50c,train
231005253.jpg,4,healthy,939395e3722562b6,train
2310151729.jpg,3,CMD,f0061acf35c37c36,train
2310387550.jpg,1,CBSD,c7182ff4c8edd209,train
2310639649.jpg,3,CMD,ec1248e57b2899e7,validation
2310976401.jpg,3,CMD,8cbc03dbda9ca1f0,train
2311087793.jpg,3,CMD,8d8ca968aeb17b31,train
231149252.jpg,3,CMD,b1bf5b8831d71503,validation
2312397172.jpg,4,healthy,cf982c5b1a28357e,validation
2312410687.jpg,4,healthy,91c53a4a5ee36c93,validation
231268038.jpg,3,CMD,d0c97ded158603f4,test
2312841243.jpg,3,CMD,ebb192d0758a7623,validation
2312856534.jpg,3,CMD,920f06c15fec7655,train
2312874930.jpg,3,CMD,83c46dc368e86f2e,train
2312938681.jpg,3,CMD,90ded4b139cd5386,train
2313023027.jpg,0,CBB,ccf9640611ae7c37,train
2313719569.jpg,3,CMD,94ed49a923d6f509,train
2313757161.jpg,1,CBSD,98c66aa994daf570,train
2313851666.jpg,4,healthy,d919f434b49f9898,test
2313878593.jpg,3,CMD,84da0edc3c7c78f0,test
2314042250.jpg,3,CMD,864525eb575e6827,train
2314598518.jpg,3,CMD,c1b134379e744b65,train
231478617.jpg,3,CMD,98db3dd586ac441b,train
2314927699.jpg,3,CMD,c7083fe366162e47,validation
2314978790.jpg,3,CMD,d49221b7c25f1ae9,train
2315268478.jpg,1,CBSD,c96b2c9e270de0e9,train
2315459950.jpg,3,CMD,84cc1e3476fc6db0,train
2315485719.jpg,0,CBB,c598378cf14f8d32,validation
2315547753.jpg,3,CMD,d4a474781b8eaf62,test
2315549875.jpg,3,CMD,91e67e3d4c0caa8d,train
2315755156.jpg,3,CMD,9a84a3dacce8ef28,train
2316157970.jpg,3,CMD,d6907f9288ce1b6c,train
2316207756.jpg,3,CMD,d2de69ca1a81f721,train
2316499026.jpg,3,CMD,98956fc8964a799c,train
2316686282.jpg,3,CMD,cf5b14f28807afc1,train
2316863882.jpg,3,CMD,86726c3cca3d670e,train
231687413.jpg,2,CGM,d28854b7296750bf,train
2317294943.jpg,3,CMD,8b6430659d4ea6fa,train
2317549263.jpg,2,CGM,c44460d78e4bdf6a,train
2317623527.jpg,3,CMD,97e36db3218461e9,test
2317789476.jpg,3,CMD,a699ce901cf35857,validation
2318255553.jpg,0,CBB,f687710ed20bef01,train
2318257216.jpg,3,CMD,93a66b8fd07026f8,train
2318318884.jpg,3,CMD,9a1d46d44ef34927,train
2318645335.jpg,0,CBB,963965cea94e1aa9,test
2318653879.jpg,3,CMD,d6d26bbd31b180c6,test
2318861045.jpg,2,CGM,f330578c3e6e0b91,train
2318923331.jpg,3,CMD,d7c463ed22a81dd4,train
2318962607.jpg,3,CMD,819f25c626971b79,train
2319458311.jpg,3,CMD,9dc04e195b2726f6,validation
2319594231.jpg,1,CBSD,8cccb1695163e357,train
2319634865.jpg,2,CGM,eaa13be0114f076f,test
2319698131.jpg,4,healthy,d6ba258cc1c73635,train
2319781928.jpg,2,CGM,92db1ca46552f0f5,train
2319938868.jpg,3,CMD,db3a3f40a1e2b03e,validation
2320107173.jpg,1,CBSD,9aec9aa61b43a6c9,train
2320471703.jpg,1,CBSD,f8dce8c43ee158a1,validation
2320602332.jpg,3,CMD,c2f8439f38e0f893,train
232064940.jpg,1,CBSD,c09634c47d3e2f63,train
2321051576.jpg,3,CMD,9d90efa0471c947e,validation
2321343793.jpg,3,CMD,848bd1a9e49ee475,train
2321358067.jpg,0,CBB,a8a5724d574c1ba7,train
2321394894.jpg,3,CMD,c7c88ce113157afc,train
2321458.jpg,3,CMD,92a17f86e21d3a69,train
2321561493.jpg,4,healthy,8d86207ccebd5c66,train
2321669192.jpg,1,CBSD,bf8cd073cb8024cf,train
2321688265.jpg,3,CMD,efabecf5c0de0008,train
2321781860.jpg,3,CMD,94db79a41af8461d,train
2321816432.jpg,3,CMD,b79e60ab11f22d19,train
2321881584.jpg,1,CBSD,cebf208d9db49681,train
2321958432.jpg,3,CMD,f28d2f604fdc45a4,train
2321993342.jpg,3,CMD,873c3cab4b91a3a6,train
2322017593.jpg,1,CBSD,86152679906bb66f,train
2322385914.jpg,3,CMD,a5a22be17953b4b1,test
2322439652.jpg,3,CMD,83c422a457eb35bd,train
2322452117.jpg,3,CMD,84bde7ed488d8323,train
2322601993.jpg,2,CGM,d5b06b7d40c385ce,train
2322648286.jpg,3,CMD,c5f469c960913c5f,validation
2322664603.jpg,3,CMD,c65a7cac11d6a2b6,validation
2323067942.jpg,3,CMD,cdba678a03f429b4,train
2323114986.jpg,3,CMD,95f862d0c7a520fb,train
2323359188.jpg,1,CBSD,c92c7bc9a6939e28,validation
2323474464.jpg,3,CMD,c69a29671e587bc4,train
232348694.jpg,1,CBSD,c29e617c5063a377,train
2323728288.jpg,4,healthy,98c225c61b770bb7,train
2323920389.jpg,3,CMD,bbc019eb02bcc4d7,train
2323936.jpg,2,CGM,94e55a3833b53758,test
2323982153.jpg,3,CMD,c0bbae823b44975d,validation
2324073630.jpg,1,CBSD,dbf43b048013ede6,test
2324130326.jpg,4,healthy,8b34645aea3dc336,train
232417860.jpg,3,CMD,90593699768ed3c6,validation
2324206704.jpg,2,CGM,cd7d960b5a58c46c,train
2324363377.jpg,2,CGM,c5a06bf46aa8171f,train
2324445131.jpg,3,CMD,8ce314e77a602f72,train
2324471085.jpg,3,CMD,8e259da837d02be3,train
232455109.jpg,3,CMD,c16e32131df3075d,train
2324786048.jpg,3,CMD,d87406fb78f69092,train
2324804154.jpg,3,CMD,83372b013d295e7d,validation
232481441.jpg,3,CMD,9ac672e47f382658,train
2325593378.jpg,0,CBB,c4d174c83db406fd,train
2325593465.jpg,4,healthy,cbfba00454f1bc3a,validation
2325628787.jpg,3,CMD,c4c73ac001bff2a7,train
2325685392.jpg,3,CMD,b99cbc3a73214a87,train
23257124.jpg,3,CMD,a5f8bdc0bc48321f,train
2325740169.jpg,3,CMD,97f84c49b31e11a7,train
2325837844.jpg,3,CMD,93537acc22ec3d92,train
232596456.jpg,3,CMD,d092ac593fcd1768,train
2326017178.jpg,2,CGM,918e6ea92ff00ab9,validation
2326364100.jpg,3,CMD,c4a22e94723c7b7a,validation
2326411546.jpg,4,healthy,d26db12cd98b1ac6,train
2326585522.jpg,1,CBSD,d1a62b8356600ffb,train
2326806135.jpg,3,CMD,817e7aef44c4196a,validation
2326873533.jpg,4,healthy,8ff836c78584cd31,train
2326914865.jpg,0,CBB,d0bc5f0b8ad05f2a,train
2327104928.jpg,4,healthy,dafe22997b24e098,validation
232710623.jpg,1,CBSD,90233cae4fe6e07c,test
2327192036.jpg,3,CMD,96e8798d43c1b4d3,train
2327226384.jpg,3,CMD,91d33ead4226596b,train
2327293585.jpg,3,CMD,c15e78eda62525c6,train
2327453355.jpg,2,CGM,d193586e2c5ba993,train
2327457311.jpg,2,CGM,d32d2d73d38990ca,train
2328106144.jpg,1,CBSD,f69e03a30c3f447c,validation
2328232125.jpg,3,CMD,cca75968cef226b0,train
2328271212.jpg,3,CMD,d5d6629b3c844b36,train
2328599167.jpg,3,CMD,8dca35cc28daf866,train
2328883728.jpg,1,CBSD,90ca69dce2745d36,train
2328958801.jpg,3,CMD,df1338b320265e5d,train
2329255732.jpg,4,healthy,84863b990dd67b63,train
2329257679.jpg,4,healthy,d87ed63c870a4917,train
2329316953.jpg,3,CMD,c45d380547dae1f6,train
2329535405.jpg,3,CMD,d664d8969f0e64c9,train
2329646765.jpg,3,CMD,d0e37bf0f7819091,train
2329701808.jpg,3,CMD,87f14d7cec1c892a,train
2329782169.jpg,3,CMD,cfcd660629c3f069,train
2329835319.jpg,3,CMD,9c96a2d2a66ebf04,train
2329850853.jpg,4,healthy,d5d55c59085d5b46,test
232991186.jpg,2,CGM,dcfa68071e646f84,train
2330146659.jpg,2,CGM,adbb826dac8307b1,test
2330158228.jpg,3,CMD,85e01e757e1b3887,train
2330424994.jpg,3,CMD,d7d571c02d6913d8,train
2330493455.jpg,3,CMD,a8453c97b914a2f7,train
2330534234.jpg,0,CBB,8986631b7647db64,train
2330817048.jpg,3,CMD,d5a9649669e4d299,train
2330851012.jpg,2,CGM,89b61f19968d15b5,train
2330997994.jpg,3,CMD,c58305c6c3cbc7c7,validation
2331038619.jpg,3,CMD,abba5329a5a6b690,validation
2331047582.jpg,3,CMD,dcb86e7308bfd060,test
2331205714.jpg,2,CGM,9cef37c883d1905a,train
2331763363.jpg,3,CMD,8b9c216346aef55c,train
2332024831.jpg,1,CBSD,967473ab394ca568,train
2333065966.jpg,2,CGM,859f18e03433e7ec,test
2333079073.jpg,4,healthy,c5dc60a273e176c5,test
2333203081.jpg,3,CMD,c1d383dd60ec3137,validation
2333207631.jpg,3,CMD,c0a74a2d7e295bd2,train
2333536768.jpg,3,CMD,c45f263a6d4f909c,train
2333596954.jpg,3,CMD,83b7178d0d315f58,validation
2333620878.jpg,3,CMD,90e67ccb34369969,train
2333701090.jpg,1,CBSD,d3e831f23914bd45,test
2333760008.jpg,2,CGM,b35579a2689d549a,train
2333905291.jpg,1,CBSD,c89b1fe066438be9,validation
2334618381.jpg,2,CGM,be9c9e4de4759240,train
2334816415.jpg,3,CMD,a55ab14ad6f192cc,validation
2334840744.jpg,1,CBSD,d8faa283c5dc9591,train
2335461038.jpg,3,CMD,d68a62b165cb249f,train
2335483518.jpg,3,CMD,87156d6d58c36363,test
2335595737.jpg,4,healthy,86c96f86b9a1c66a,train
2335748630.jpg,3,CMD,c4a56acf5783d710,train
2336286082.jpg,3,CMD,93ca19706a1df5ca,validation
2336293971.jpg,3,CMD,8ef166d8b02b3f84,train
2336439281.jpg,4,healthy,d0da6c88cbcc99ce,test
233658353.jpg,3,CMD,9d3766883c702be9,train
2337283974.jpg,3,CMD,86ab31d8916c7ef0,train
2337385622.jpg,3,CMD,94d55d2562a393dc,test
2337486682.jpg,3,CMD,c09b6f9a21a18ecf,test
2337524208.jpg,3,CMD,f40818eb735f7518,train
2337628100.jpg,1,CBSD,80b73dd0b3c465ae,train
2337783115.jpg,3,CMD,87f130d620f5bd94,train
2337801831.jpg,3,CMD,91ed6b70adb0c869,train
2338166652.jpg,3,CMD,b5d829366d50770d,train
2338213285.jpg,2,CGM,bd1f69eb08a5d818,train
2338294398.jpg,3,CMD,8aa63e9a1e95a4f4,test
2338676857.jpg,3,CMD,d0876cd547aa17e4,train
2338909428.jpg,3,CMD,869f0fab8a8f5a81,train
2338923245.jpg,0,CBB,c5981c97fcf1c283,validation
2338929096.jpg,3,CMD,8dc64c9109b6d37b,test
2339078999.jpg,3,CMD,8ca56e30745b536b,test
2339140674.jpg,3,CMD,abd1c07f061a3c7c,train
2339196209.jpg,4,healthy,a24cb5a92c69b5ad,test
2339434665.jpg,0,CBB,87a603912ceaa7cf,train
2339596137.jpg,3,CMD,96b47b7aa02564c7,validation
2339597850.jpg,2,CGM,c8db3e139985176c,train
2340269019.jpg,4,healthy,db9264666a233d8d,train
2340567748.jpg,3,CMD,d0de2ab85ea39315,train
2340576702.jpg,4,healthy,d4e926bc88a6b8b3,train
2340696142.jpg,3,CMD,cda803c8779e5b54,train
2341091346.jpg,3,CMD,84fe7bd48e4ec026,train
2341588461.jpg,3,CMD,ceeab74498130cdb,validation
2341674126.jpg,3,CMD,ecaa1cf1c9a9784a,validation
2342166516.jpg,3,CMD,85c62f5e4e3f4462,train
2342424711.jpg,2,CGM,841dfbb106e3f04e,validation
2342455447.jpg,0,CBB,c0892fd11fd1bbd0,train
2342479834.jpg,3,CMD,97841e0372c7c5f6,test
2342505190.jpg,3,CMD,f1a16767c2e5038e,train
2342506991.jpg,2,CGM,80f8e2b7a40ba65f,train
2342719124.jpg,3,CMD,ce81127e276c2737,train
2342730334.jpg,3,CMD,cbeeea6ae4e84848,train
2342986472.jpg,2,CGM,c1962eb73c4d38ac,train
2343109986.jpg,1,CBSD,97c048fa5cbc655a,test
2343151554.jpg,3,CMD,84d37bb07dc3ca81,train
2343533524.jpg,2,CGM,95321b894d8723fb,train
2343661462.jpg,3,CMD,df28216da82a5fd2,test
2343718716.jpg,3,CMD,96d563da6135643a,train
234373089.jpg,3,CMD,e3a3b2da7a7c2222,train
2343776715.jpg,0,CBB,dad4b296c8b4c4f8,validation
234399557.jpg,4,healthy,c6244c68fb339e36,train
234405465.jpg,1,CBSD,8ceb6dd00ba4e15b,train
2344308543.jpg,3,CMD,91900f6ce1371e9f,train
2344357016.jpg,4,healthy,9ce246b7fd180b4a,train
2344567219.jpg,0,CBB,d4eb7ae5474e4211,train
2344592304.jpg,4,healthy,9d163be5d62c044f,validation
2344766370.jpg,4,healthy,9e894da1633333cd,train
234486821.jpg,3,CMD,d848370b277781de,train
2344929083.jpg,1,CBSD,8f8158ffe48c9f01,validation
234496003.jpg,3,CMD,cdaa96921f3660e6,train
2345003518.jpg,1,CBSD,9cca219ed78d38b4,validation
2345007485.jpg,3,CMD,c4a1638c656f3b63,train
2345503598.jpg,3,CMD,c2f80dc978eccf06,train
2345756157.jpg,3,CMD,cd8f2bec0f809687,train
2346225586.jpg,2,CGM,c1d8be4d1c58e2cb,train
2346244261.jpg,3,CMD,dd88710995871bf3,train
2346713566.jpg,3,CMD,d1c929c4dadcb2a9,validation
2346788567.jpg,3,CMD,a59b7dfc5c106b08,train
2347037754.jpg,2,CGM,c58f61b7784c6652,train
2347169881.jpg,3,CMD,c2e176728dbc31e2,train
2347232613.jpg,3,CMD,d8ef79c718e22152,test
2347334555.jpg,2,CGM,a89524d37fc1aa17,test
234735395.jpg,2,CGM,95c27ca245ff6909,train
2347507765.jpg,3,CMD,915b2b9b4e645aa5,validation
2347718160.jpg,0,CBB,92a62cabe3362bca,train
2348020586.jpg,2,CGM,997e26c03dd7603c,train
2348376620.jpg,4,healthy,cdd22c311ebc95c5,validation
2348415590.jpg,3,CMD,cea5cef2c6125b09,train
234859800.jpg,3,CMD,d1e329d0d20c97cf,train
2348678150.jpg,3,CMD,dea25465b9a14975,train
2348689406.jpg,3,CMD,9b967988420bbdd3,train
2348826586.jpg,4,healthy,d6b423163bf90e1c,train
2348917389.jpg,3,CMD,e5977aa8f0b901e8,validation
2348988517.jpg,3,CMD,bfddcf0985c0e0c8,train
2349014698.jpg,3,CMD,d69514c4f49687b5,validation
2349124978.jpg,2,CGM,849e20cc7f4c7fa4,validation
2349165022.jpg,3,CMD,d7a068de3bc8545c,train
2349205235.jpg,3,CMD,c0b7296816fac967,train
2349445674.jpg,3,CMD,c0692738df950dcb,test
2349669668.jpg,3,CMD,82dbf3a956886c59,test
2349814871.jpg,4,healthy,d84b6c961be91d98,train
2349933641.jpg,3,CMD,f094228e666c3fab,train
2350166904.jpg,1,CBSD,c7c0589fdc9cf8c0,train
2350375168.jpg,3,CMD,ccd12bee9ca05e19,train
2350444781.jpg,4,healthy,90971e993e999897,test
2350465175.jpg,2,CGM,d1474a7961a61ebc,train
2350506408.jpg,3,CMD,8dcdf635712e8a03,train
2350570132.jpg,0,CBB,8f3421db30cd386f,validation
2350808762.jpg,3,CMD,9ce1453b1cbc730b,test
2350885510.jpg,3,CMD,83d12f6ce5284d5e,train
2350937039.jpg,3,CMD,c9ea493626b7bc05,validation
2350967286.jpg,1,CBSD,98b53b8091dff0e1,test
2351001169.jpg,3,CMD,9b663989829f3b29,train
2351109421.jpg,3,CMD,d6af2c8e56169b22,test
2351141468.jpg,3,CMD,d55842b9c53af01f,train
2351347259.jpg,4,healthy,cd27a41c8e5e57a4,train
2351469518.jpg,3,CMD,9fa126dc180bc7e9,train
2351483883.jpg,3,CMD,b4ce4f37488166f4,train
2351508179.jpg,3,CMD,f9d32412fff0e006,validation
2351670510.jpg,3,CMD,8dec4deaa0b8e591,train
2351967303.jpg,3,CMD,945371133a69b72b,train
2352139413.jpg,3,CMD,b6956a76215a04fd,train
2352335642.jpg,3,CMD,b1b66b9a19cd4a45,test
235258659.jpg,3,CMD,aacce5f6ead12850,train
2353083243.jpg,0,CBB,92de592949292baf,train
2353197884.jpg,3,CMD,96d26b4d8aa99353,train
2353499787.jpg,3,CMD,c2ad77daf2861544,train
2353511211.jpg,0,CBB,d7aa2e830d56271e,test
2353691297.jpg,2,CGM,c2496c604b6f75a7,train
2354318365.jpg,3,CMD,91ce3f194cb94695,test
2354424014.jpg,0,CBB,aa49596fa4762b0d,train
235450388.jpg,3,CMD,945c4fb47845639d,train
235457255.jpg,1,CBSD,d5c2baf4206674ae,train
235479847.jpg,0,CBB,b69751fc23a83f04,train
2354947310.jpg,3,CMD,b5d19e92e49cca8a,validation
2355183188.jpg,3,CMD,849c575b2ccaa66d,train
2355276197.jpg,3,CMD,d0adaa88b2b615de,train
2355374074.jpg,2,CGM,e9d06b6018ed1ce7,train
2355763156.jpg,4,healthy,95856643636656de,train
2355966180.jpg,4,healthy,dba40b7d16e0299d,train
2356134016.jpg,3,CMD,9aa268dc976d0937,train
2356165389.jpg,3,CMD,acfc347b185448f5,validation
2356475443.jpg,3,CMD,c48a674b8573d59c,train
2356536748.jpg,3,CMD,85a525c785e727a6,train
2356810303.jpg,3,CMD,91a62c9d9618e7e6,train
2356938780.jpg,0,CBB,945b39664da59e38,train
2357002405.jpg,2,CGM,9f4a4614fb1abd11,train
235722628.jpg,2,CGM,8de99569d1624b66,train
235744603.jpg,3,CMD,84fa1fb6a8976c22,train
2357741257.jpg,3,CMD,8fd6300fc68c9dd1,test
235787539.jpg,2,CGM,c3a73c3c4f499893,train
23581399.jpg,3,CMD,d2666d3418f33cd2,validation
2358654016.jpg,3,CMD,d7f54a8bc14b12ca,train
2358762057.jpg,3,CMD,90d36c3b3bb60c9a,train
2358788534.jpg,3,CMD,c3a336c53f746912,train
2358834475.jpg,3,CMD,975c76d940436cab,test
2359114639.jpg,3,CMD,d697551dca646a49,validation
2359291077.jpg,3,CMD,96f868469f87c26a,train
2359855528.jpg,4,healthy,91ea58cf9b043c76,train
2359898935.jpg,4,healthy,8d8c389c5ba6b94e,train
2360028661.jpg,4,healthy,b54fca05297434db,test
2360034731.jpg,1,CBSD,d2823d563ee2a70d,train
2360058086.jpg,3,CMD,b1d233bc4d63f105,test
2360164721.jpg,3,CMD,c7744af458031ff1,train
2360219918.jpg,1,CBSD,91365a6996417cdb,train
2360248311.jpg,3,CMD,86e65c3348dd934d,train
236043422.jpg,4,healthy,834c787f34f64f20,test
2360488666.jpg,4,healthy,d5f56e5d403ec230,validation
2360494692.jpg,3,CMD,d72660bf0a9c692d,train
2360611086.jpg,1,CBSD,93c669aa25951e67,train
2360968333.jpg,3,CMD,d47448685ad39f95,train
2361087670.jpg,3,CMD,818f7e741a205ede,train
2361163425.jpg,2,CGM,c0f566c0e96f434e,train
2361236588.jpg,3,CMD,d06e397027b80f5e,train
2361272230.jpg,1,CBSD,83e4386ff2b13193,train
2361399280.jpg,1,CBSD,94d8968f54d3645e,train
236178051.jpg,1,CBSD,b6816ab2708b66fa,train
236211196.jpg,3,CMD,dcc7425e1632636b,test
2362121230.jpg,3,CMD,91c83e32cd9dcd34,validation
2362358956.jpg,3,CMD,900e678d66bdd295,train
2362470842.jpg,2,CGM,fecf012578e5e520,train
2362654320.jpg,2,CGM,e6a4afed180d2b13,train
2363265177.jpg,0,CBB,99a374d96722e8c6,test
2363843369.jpg,3,CMD,c9e422575b4db49a,train
2363876120.jpg,4,healthy,9f9970c9f218ad8c,train
2363899006.jpg,3,CMD,94ef0bb561656872,train
2363936376.jpg,1,CBSD,c8a13d9d1f1c499b,train
2363950541.jpg,3,CMD,86d3383d0a936d8f,train
236428559.jpg,4,healthy,83cc76f30a0a33dd,train
2364886461.jpg,3,CMD,c4e70bec2c93364b,train
2365265934.jpg,3,CMD,85160dc5b4df6c53,validation
2365326310.jpg,0,CBB,d4d44652bca9cbaa,train
2365362415.jpg,4,healthy,c1dc79cc23b05c5e,train
2365463843.jpg,3,CMD,e72719654332133f,train
2365464309.jpg,4,healthy,9cb55e973d86230c,test
2365634818.jpg,4,healthy,d933703c8ee61be0,train
2365870613.jpg,4,healthy,de25fe90b1145d4a,validation
2365989054.jpg,3,CMD,8a0b73cbd4bd0a36,test
2366210565.jpg,3,CMD,d59171dafc83c071,test
2366755742.jpg,3,CMD,c1ae33a7a43636a9,test
2366841898.jpg,3,CMD,d6b52994dcd95644,train
2367026678.jpg,3,CMD,8cad76d091639f1a,validation
2367220832.jpg,3,CMD,cf9219ad74c107f4,train
2367254874.jpg,3,CMD,f2a1d1b24dba0d93,test
2367376740.jpg,3,CMD,ae932d01be26b656,train
236777190.jpg,3,CMD,92846ffa0c7682af,train
2367836541.jpg,3,CMD,f4f572d83b1268c8,train
2368100826.jpg,2,CGM,83ea1a39e4e01bf5,train
2368198157.jpg,0,CBB,d4915f826e7131a7,train
2368293365.jpg,2,CGM,91bc681e816bf68b,train
2368468468.jpg,3,CMD,e1a17a0707c6df0e,train
2368588448.jpg,2,CGM,8974688ed687a8f9,validation
2368971833.jpg,3,CMD,a0c34ad0835fffb0,train
2369381247.jpg,3,CMD,d4d4383c7d0f1336,train
236939570.jpg,3,CMD,94d969ea8ed2954a,train
2369441283.jpg,3,CMD,d09c422e19c77dcd,test
2369472635.jpg,1,CBSD,c4c438f0a3bdfc07,validation
2369607903.jpg,3,CMD,d48b608d7bf80778,validation
2369756081.jpg,1,CBSD,b2d441fc7f850a87,train
2369898303.jpg,3,CMD,d7df4b8000f8ee89,train
2370095283.jpg,3,CMD,ed68d2a5ea4b461a,test
2370396240.jpg,3,CMD,98b8b8f4d5c70746,train
2370587478.jpg,3,CMD,9bf22d2c4279ac5a,train
2370694946.jpg,1,CBSD,c3bc24a358bcb2b9,train
2370940286.jpg,1,CBSD,c2864de54ce7c62d,train
237098869.jpg,3,CMD,8dce4bcb6292b296,test
2371237551.jpg,1,CBSD,93b46ec328cbc9b4,test
2371511733.jpg,3,CMD,c6b53d60d0cfc788,validation
2371633225.jpg,3,CMD,c7b865b107e51c65,train
2371937835.jpg,2,CGM,c59a7a474e483973,train
2372295675.jpg,3,CMD,d33863cc526b4d35,train
2372305189.jpg,3,CMD,b1cf58923eec3a30,validation
2372500857.jpg,3,CMD,98bd42c13d1f06ee,train
2372527098.jpg,0,CBB,87d8635c83662ed6,test
237261543.jpg,3,CMD,9c882b457daeb691,train
2372958438.jpg,3,CMD,f11a71c66ee32433,train
2373077253.jpg,3,CMD,80c51dfa0e6e71f4,train
2373129151.jpg,4,healthy,c38c3adc39596ca5,train
2373132884.jpg,0,CBB,82a93dc2962fb8e5,train
2373222201.jpg,3,CMD,901c58f47ecc6be4,train
2373234051.jpg,3,CMD,83f980f415f032fd,train
237348353.jpg,3,CMD,d1fa7a80476982bd,train
2373622965.jpg,3,CMD,8aed7ce39c241e23,train
2373662729.jpg,2,CGM,c5837e8e703326b5,test
2373812284.jpg,3,CMD,873e53ce8d4961c6,train
2373885965.jpg,3,CMD,cbed30f9a4ea0b42,train
237477480.jpg,3,CMD,d16629c74e7426bc,test
2374777836.jpg,3,CMD,88a72fea5b525694,train
237502957.jpg,3,CMD,d51dc03d96b79423,train
2375040666.jpg,2,CGM,c4995a0d7a8c75ec,train
2375481276.jpg,3,CMD,ceb9069e78471e1c,validation
2375606489.jpg,3,CMD,89375077f61232bc,train
2375799345.jpg,3,CMD,9c173cb1ccec498d,train
2375839480.jpg,3,CMD,a0935aaf1f954c4e,train
2376221892.jpg,0,CBB,d8d76724ac704ae9,validation
2376480067.jpg,3,CMD,eafc72b360a3a1c2,train
2376695116.jpg,3,CMD,87076fce571e34c0,train
2377043047.jpg,3,CMD,d0d966b3c16617b1,train
2377060677.jpg,3,CMD,95959d50925ab727,train
2377529094.jpg,3,CMD,c1de65922174eb69,train
2377930931.jpg,3,CMD,85c32e2d269d73e2,train
2377945699.jpg,3,CMD,acd316c81669ad7a,test
2377974845.jpg,3,CMD,911625af6a37c53a,train
237807134.jpg,3,CMD,8ae6d5c9769c2c38,test
2378611640.jpg,4,healthy,dcf53b3e4674a012,train
2378730150.jpg,3,CMD,c36978ec7c8a172c,train
2378878506.jpg,3,CMD,8d327bcda69eb108,train
2378984273.jpg,4,healthy,c44164d2f6fb710b,train
2379208411.jpg,3,CMD,9aa20ace6f4fa256,train
237925973.jpg,4,healthy,d3c83413adc47379,train
2379465636.jpg,2,CGM,c721616af0e605bf,train
237980030.jpg,2,CGM,8ce3781b0753b4b6,test
2380213593.jpg,3,CMD,ec93641e64a71be4,train
2380764597.jpg,3,CMD,9f51e5239817226f,train
238076770.jpg,3,CMD,828e86a6b4f5f171,train
238134855.jpg,2,CGM,d28335c554a5d73a,train
2381360822.jpg,3,CMD,ef961461295346d7,train
2381525764.jpg,3,CMD,d18e6ee0635e614e,validation
2381592755.jpg,3,CMD,b988484bed6d96b4,test
2381662575.jpg,3,CMD,c4887ef41d363475,test
2381876074.jpg,3,CMD,8dd239f45a271cf0,train
2381951184.jpg,1,CBSD,c3833b14c74a7cad,test
238204698.jpg,3,CMD,83c674313999d6b5,train
2382390457.jpg,3,CMD,d4ca69b55a4985ce,train
2382410530.jpg,4,healthy,bd815456caa189fd,test
2382640175.jpg,3,CMD,80ba3f81c9c9f59a,validation
2382642453.jpg,1,CBSD,db3868c93632736c,test
2382704468.jpg,3,CMD,c8cd38c61f335bd0,train
2382752412.jpg,3,CMD,c08e6e6d3d353626,test
2382758285.jpg,2,CGM,d6e868c46ba684eb,test
2382793101.jpg,3,CMD,881f12d589e66d79,train
238289094.jpg,3,CMD,d18b19423156f7d9,train
2383062261.jpg,3,CMD,95d81bab66731075,train
2383430645.jpg,3,CMD,b4e4185c4256fce7,train
2383740789.jpg,3,CMD,d12e7af1e690302f,train
2383750742.jpg,1,CBSD,904672eec1deae94,validation
2383823888.jpg,0,CBB,b5f8124b1e2ce14f,train
2384181550.jpg,3,CMD,98e003ce9bedccb4,train
238427056.jpg,3,CMD,929c6b0e51f256e5,train
2384287650.jpg,3,CMD,d6890cb833f588be,train
2384352551.jpg,4,healthy,80c2cfdfe8e0cacc,train
2384551148.jpg,4,healthy,b2a7d796096964b2,train
2384802478.jpg,0,CBB,8cd0b5aba4c8cfc5,train
2384852516.jpg,0,CBB,cdc9b2e9e36306c1,train
2385298843.jpg,3,CMD,a3b3e8b19bcd5043,train
2385382730.jpg,3,CMD,915966364d8d95ab,train
2385423168.jpg,2,CGM,d9b813bc1dc638ca,validation
2385443091.jpg,2,CGM,caf162fe75961848,train
2385541172.jpg,1,CBSD,c4c74e7338b223d3,train
2385674368.jpg,3,CMD,92973b26d038c7d9,train
2385678651.jpg,3,CMD,97702bf35388a4b6,train
2385961696.jpg,3,CMD,e86d8d92eb86a529,validation
2386015135.jpg,2,CGM,c6e8638f9166059f,train
2386110044.jpg,3,CMD,d2ca7c1b61bd1c29,train
2386253796.jpg,3,CMD,eec03635901b5e2f,train
2386536448.jpg,3,CMD,c8112eb19dd643b7,train
2386556017.jpg,4,healthy,d7ac229b065b2d56,train
2386589588.jpg,4,healthy,9c9b6a6631c86357,test
238671270.jpg,2,CGM,9b6a9a17a09765ac,train
2387214009.jpg,3,CMD,94873ac9917b6f30,train
2387502649.jpg,4,healthy,d1796d931e09253d,train
2387934158.jpg,3,CMD,88277a57ab6b2781,train
2388034478.jpg,2,CGM,b4f1d38432da1675,train
2388202129.jpg,3,CMD,ce10772ecd74d286,train
2388256843.jpg,3,CMD,93835c8c5e5ea746,test
2388862862.jpg,3,CMD,c6c36347faf1111c,train
2388932359.jpg,2,CGM,875e03c327e49c6b,train
2389000995.jpg,3,CMD,930f7cb5439fc034,train
2389323384.jpg,3,CMD,94d4598c63666bbc,train
2389613525.jpg,3,CMD,956e3f46794b08e2,train
2389802150.jpg,3,CMD,f0bc26b423f8185f,train
2389849927.jpg,3,CMD,958018ee6fac9f94,train
2390205011.jpg,3,CMD,c9b46a94498e6dd9,train
2390382955.jpg,3,CMD,dae62fe8441245af,train
2390536525.jpg,3,CMD,d65b4c667064ab8b,test
2390908858.jpg,2,CGM,95cc56915bb668c3,train
2390982435.jpg,1,CBSD,c8372f97ba46506a,train
2391557874.jpg,4,healthy,bc831c5a2ced4f29,validation
2391748814.jpg,3,CMD,9ca7056a4ffcc116,train
2392144549.jpg,3,CMD,92a26f033ba57c2e,train
2392147106.jpg,4,healthy,c0b63f0b9bf69604,train
2392357022.jpg,3,CMD,d0ae615e05fcb8e8,test
2392443273.jpg,3,CMD,b7c1312b3c3f4c58,train
2392598492.jpg,4,healthy,87a8d7c4988db4da,test
2392729768.jpg,3,CMD,8cc939f9529325ae,train
2392753162.jpg,3,CMD,9da63fb10e894c99,validation
2393580069.jpg,3,CMD,d42b4fec71031e9a,train
2393699847.jpg,3,CMD,95e966c23363393c,train
2393701311.jpg,0,CBB,8deb643cebe51089,test
2393813374.jpg,3,CMD,b72077d12ccb1c27,test
2394265981.jpg,3,CMD,db89388f9e0cce0e,train
2394377949.jpg,0,CBB,95d5279a5a524b69,train
2394755091.jpg,2,CGM,85d96a922ee848bf,train
2394770217.jpg,4,healthy,d4e917b304b731c5,train
2394831270.jpg,3,CMD,949d14c97994dbcc,test
2394854086.jpg,1,CBSD,8dae3dc017d86f88,train
2395724098.jpg,3,CMD,94fdb5e1eb0149c1,train
2395963049.jpg,3,CMD,c15033cf1e573d52,train
2395967492.jpg,3,CMD,b40a1b2ef2fd3941,train
2396049466.jpg,3,CMD,8d0e32f1c3d3d82b,train
239633371.jpg,4,healthy,f1b61e69a8c1c49e,train
2396550881.jpg,3,CMD,9873649873ccbc66,train
2396551353.jpg,3,CMD,99862e898d5f4b53,train
2396561061.jpg,2,CGM,c0a0e417727b6bec,train
239700501.jpg,2,CGM,d68361872dcc3aab,train
239724736.jpg,3,CMD,c250c61ddce11de7,test
23975111.jpg,3,CMD,c0662fb84dede2a1,train
2397511243.jpg,3,CMD,c7ff1c944a07b149,validation
2397594193.jpg,1,CBSD,e5d6b53aeae4003a,train
2397652699.jpg,4,healthy,d4672ef46306291f,train
239805077.jpg,3,CMD,81f34ab3506dae1e,train
2398068893.jpg,3,CMD,82fa7484919b7cb5,train
2398201969.jpg,4,healthy,cb945d729bd0542b,train
239823668.jpg,4,healthy,cc342cf542f9711b,train
2398306504.jpg,4,healthy,9b7e19e760095ca3,test
2398365273.jpg,3,CMD,c56a724479b16f38,validation
2398447662.jpg,3,CMD,d86d362a2457e999,train
2399292310.jpg,3,CMD,cb08371d429fed92,train
2399308727.jpg,3,CMD,f4f9da24d0d75409,validation
2399421947.jpg,1,CBSD,c9691e9153d46e5a,train
2399566100.jpg,3,CMD,87b1435b696d6564,train
2399673034.jpg,0,CBB,d2366d4918f586f2,train
2399789608.jpg,2,CGM,88ed2a1f1ca653b3,validation
2400029036.jpg,2,CGM,8531c63959f92dd4,train
2400087908.jpg,3,CMD,cd9d38666fa81256,train
2400136400.jpg,3,CMD,f68b66b02c4d17c3,test
2400244063.jpg,3,CMD,97834ff43d4b1071,train
2400257593.jpg,4,healthy,898a72b2766566f4,validation
2400366068.jpg,2,CGM,dcbcbcb090b8167a,test
2400953436.jpg,1,CBSD,8d726cb1869d6966,train
2401066705.jpg,3,CMD,94ba2d52e71c33cc,train
240110902.jpg,3,CMD,9999a1a12565e56f,train
2401213513.jpg,4,healthy,909d92b0add1decc,train
2401450142.jpg,2,CGM,dacd38831f9b07a1,train
2401581385.jpg,3,CMD,8cd72e96ab56950a,validation
2401831630.jpg,3,CMD,c4cb3e3c330638f3,train
2401897926.jpg,3,CMD,9f6c0d081f83e87e,validation
2401911774.jpg,1,CBSD,a2cfc8fa17e11b03,train
2401928784.jpg,3,CMD,e0f93ba225a74c96,train
2401953205.jpg,3,CMD,91e019d2f31ff443,validation
240215546.jpg,3,CMD,e0ebeb0611cd87cc,train
2402393622.jpg,3,CMD,d1f32de912f424a5,validation
2402461285.jpg,4,healthy,ff813ebd4625028b,test
2402721458.jpg,1,CBSD,c3ac56e4ca6e38c3,train
2402760699.jpg,3,CMD,d8d878c887376749,train
2403083568.jpg,2,CGM,8490662a65797fdc,train
240327444.jpg,3,CMD,a1d1722db34b25c7,train
2403325531.jpg,4,healthy,90c12bce87cb3ea9,test
2403326058.jpg,3,CMD,d38f6eb0331d05e1,train
2403663096.jpg,2,CGM,d6d243e7a740c8e9,train
2403996210.jpg,3,CMD,c19956682de56c9e,train
2404183364.jpg,4,healthy,d995679a25a5306b,train
2404247707.jpg,3,CMD,d5fe60d2b9060b93,train
240469234.jpg,3,CMD,d0dd2bac24f6487a,train
2404812661.jpg,2,CGM,bfe97e0600a750e9,validation
2404877311.jpg,3,CMD,c9e34eed382bc249,train
2405023635.jpg,3,CMD,85b82f14b1fdb883,train
2405041059.jpg,3,CMD,8ab13703ecf1c35a,train
2405214646.jpg,3,CMD,c4fc439f69860b53,validation
2405303005.jpg,3,CMD,cdf66ab890ce7016,validation
2405316066.jpg,3,CMD,dd872da832524f6c,train
2405490653.jpg,2,CGM,d4d96fcc379004b5,train
2405559933.jpg,2,CGM,9ee9d7818a1c893e,train
2405694825.jpg,3,CMD,ce9860e7d810adfc,train
2405788205.jpg,3,CMD,9b3d4e0ec0f08f8d,train
2405957142.jpg,3,CMD,be901a1c0f70d6e7,train
2406062564.jpg,3,CMD,90cf56d8cc2f0da9,validation
2406078885.jpg,3,CMD,9c8161f27ca3eda4,train
2406252701.jpg,1,CBSD,d2343d89c0e3fe15,validation
2406261775.jpg,0,CBB,848220fa0eb7f757,train
240629774.jpg,3,CMD,9996798215cae5b6,train
2406398124.jpg,4,healthy,c4e62f3b30c0a7d3,train
2406694792.jpg,2,CGM,9dc60a0358bd65db,validation
2406746609.jpg,1,CBSD,85f86a9fa56a90a5,train
2406862248.jpg,3,CMD,acae77909d90529b,train
2406905705.jpg,3,CMD,c4d91dc8d5ee2aa1,train
2406925714.jpg,3,CMD,da8a22c9362f35dc,train
2407217275.jpg,3,CMD,c9765ce1648296f9,test
2407309962.jpg,3,CMD,8a8e7649e1f17507,train
2407402081.jpg,4,healthy,bba4639f905e3c30,validation
2407462677.jpg,3,CMD,b33e699a1e45b8a1,test
2407724083.jpg,3,CMD,d469067a91ffe821,train
2407733986.jpg,2,CGM,de8c263e7062635d,train
2408092711.jpg,3,CMD,c7d026f7a9e4130b,train
2408571936.jpg,3,CMD,d0526c95a27d7f06,validation
2408627676.jpg,3,CMD,c1b858302b4ee6f7,validation
2408821742.jpg,1,CBSD,d14c6fa62e930e1b,validation
2409113043.jpg,3,CMD,8797ca6eac948e89,train
2409259827.jpg,1,CBSD,d1b40c133e7c3979,validation
2409691318.jpg,3,CMD,8c966289dfad5472,train
2409798912.jpg,4,healthy,da45649ffd04e701,train
240988972.jpg,3,CMD,d0cf298b21b7db22,train
241015444.jpg,4,healthy,d86f251ce3a4173c,validation
2410206880.jpg,4,healthy,bdef5ec82d2c1212,train
2410752222.jpg,2,CGM,95a22fcc13f0537a,test
2410891976.jpg,3,CMD,e2c76ee6e2c950d0,train
2411287433.jpg,3,CMD,9d494ae3647a5bc4,test
241148727.jpg,2,CGM,9eb137f8211476e4,train
2411595422.jpg,3,CMD,92057776a591563b,train
2411669233.jpg,3,CMD,eccb3ce1c3786066,train
2411688047.jpg,3,CMD,d1d0f8d690a4bdb8,train
2411989112.jpg,2,CGM,c6716985bb6067b4,train
2412232032.jpg,3,CMD,d19668e5b12e4997,test
2412339095.jpg,3,CMD,9c6be6a8c51f1e50,train
2412637091.jpg,3,CMD,cc92314f969f135a,train
2412773929.jpg,3,CMD,8d191be4e3121d7e,test
2412777521.jpg,3,CMD,d16163f8149ebd34,test
2412789448.jpg,2,CGM,c2b84d8c77e8b645,train
2412808296.jpg,3,CMD,c596313c9d472f98,train
241282085.jpg,2,CGM,94fc5efb4140e2d8,train
2413063602.jpg,3,CMD,ccf93b886e3708ca,train
2413564292.jpg,1,CBSD,df2368b5c14f4949,train
2413584115.jpg,3,CMD,b84d3d5d4f216a0e,train
2413878208.jpg,1,CBSD,8ebb4318682beef0,train
2413961352.jpg,3,CMD,f64a7d22642f6127,train
2414261693.jpg,4,healthy,abaee7d86fd0001c,train
2414488257.jpg,3,CMD,87e42c9ea6878cad,validation
241455389.jpg,1,CBSD,cbeb23075dd4d444,train
2414737416.jpg,3,CMD,84c87b943e87bf14,validation
2415558782.jpg,3,CMD,86992dd2a9ae918f,train
2415642544.jpg,1,CBSD,94b430cfb3c8c1be,train
2415837573.jpg,1,CBSD,9e6167209e9b69c5,train
2415890746.jpg,3,CMD,e31938abe6f18307,validation
2416129952.jpg,4,healthy,d1f938b485c9b9b0,test
241616775.jpg,4,healthy,96c659a36233076f,validation
2416353814.jpg,1,CBSD,889c27f1f01f94e3,train
2416618781.jpg,3,CMD,b2e60dd00d09df6d,validation
2417276774.jpg,3,CMD,c999711abce649c9,train
2417340627.jpg,2,CGM,92e11ec885db7d62,test
2417374571.jpg,3,CMD,df91cd81053d113f,validation
2417496242.jpg,3,CMD,85877731a9e65c19,train
241750365.jpg,3,CMD,ea98dcce78e80f28,train
2417890720.jpg,2,CGM,c4e719cb87141bad,validation
241826799.jpg,4,healthy,d4b636d24fd229a4,train
2418298019.jpg,3,CMD,d2583ec6976a4d16,test
2418519191.jpg,1,CBSD,aaef76d2c885852a,train
2418594163.jpg,3,CMD,8394707c2c9f2b6b,validation
2418737961.jpg,3,CMD,c1be536b1a5029dd,train
2418850424.jpg,3,CMD,c9ea36d49334e2ca,validation
2418924192.jpg,1,CBSD,d1940a6ba59d3a3e,validation
241951779.jpg,2,CGM,85e17172151b7e53,test
2419584189.jpg,3,CMD,94c56c782bcb8a9e,train
2419833907.jpg,3,CMD,89a7e9c8e98f8163,train
2420114493.jpg,4,healthy,d8d8d2c6a5a7a525,train
2420155163.jpg,3,CMD,91e3289a1be666b9,validation
2420339753.jpg,4,healthy,82ed358a9de2750b,train
2420450027.jpg,3,CMD,ca3931930e2617fd,train
2420529827.jpg,3,CMD,e4f4f6b212a2e2e4,train
2420944118.jpg,3,CMD,db70324c5f4cc9b2,train
2420952277.jpg,3,CMD,8ef06ada39d60a0f,test
2421071038.jpg,3,CMD,fd9427f207cd42c8,train
2421154857.jpg,3,CMD,85ea799c2634f1a3,validation
2421207355.jpg,3,CMD,9d911f68ce329559,train
242121354.jpg,4,healthy,c4c6757e0d502fc5,train
2421223189.jpg,3,CMD,d13e263134f2e533,train
2421310998.jpg,3,CMD,d60d6987641b983f,train
2421492761.jpg,3,CMD,b3494bb49deb0ba0,train
2421566220.jpg,2,CGM,e4716bc9b652226e,train
2421584728.jpg,2,CGM,c1f44c2ff0cb264e,train
2421660747.jpg,1,CBSD,a7f77c4d4ec01aa0,train
2421758086.jpg,2,CGM,95b47e4949233b2b,validation
2421789568.jpg,2,CGM,94d6713c57151e3a,train
2421980371.jpg,2,CGM,88b02cb9cdd9d917,validation
242216582.jpg,2,CGM,a8671a33301bb56f,train
2422449702.jpg,3,CMD,9cbc3bf9354e9081,train
2422491518.jpg,3,CMD,df3404e6b781e44d,train
2422831222.jpg,3,CMD,92aab1b9adc5454e,validation
242295464.jpg,3,CMD,956f5b891620ced3,train
2423261447.jpg,3,CMD,d0ae2c5911fc39ea,train
2423336396.jpg,3,CMD,84d4430f6cb3d3cd,train
2423344068.jpg,0,CBB,d389ced25c4cd453,train
2423538120.jpg,4,healthy,ded821a3b62526f2,train
2423665630.jpg,1,CBSD,803f6be06fb516d0,train
2423769926.jpg,3,CMD,908752e51f08eefa,train
2424084146.jpg,3,CMD,8170746c35af6ee1,validation
2424397396.jpg,3,CMD,94d36aacb10f9ce2,train
242444737.jpg,1,CBSD,92e36ab15a93c5e8,test
2424512992.jpg,3,CMD,9dea646049e6e627,train
2424570451.jpg,1,CBSD,c4ef7e34f820449b,train
2424770024.jpg,4,healthy,80f33cd30e944bfc,validation
2425193162.jpg,1,CBSD,e58a6999919fc45a,train
2425385872.jpg,3,CMD,970c7080b7e6f74c,train
2425413365.jpg,1,CBSD,f28d21c62dd64d35,train
2425540175.jpg,3,CMD,c3d12b591836d774,train
2426272316.jpg,3,CMD,c3a4308ba4f24bfb,validation
2426488262.jpg,4,healthy,80f33f9d67111b4c,test
2426597698.jpg,3,CMD,959a731ee227f881,train
2426854829.jpg,3,CMD,c1c1e1f161e4ebe2,validation
2427032578.jpg,3,CMD,95907d581e7f23a1,train
2427442391.jpg,3,CMD,941e73e00ca7dba9,train
2427490439.jpg,4,healthy,814179adfe4d9925,train
242770497.jpg,1,CBSD,f7aca9c0e996a01e,train
2428200462.jpg,3,CMD,db85032d3979a6e1,train
2428265097.jpg,3,CMD,dbbc41ae4ea34722,train
2428477722.jpg,3,CMD,d4e32df60792d04d,test
2428525395.jpg,2,CGM,85dd8b9566b44e4a,train
2428617984.jpg,0,CBB,85db2daa735e31a0,train
2428748411.jpg,3,CMD,d09b24a3d6e09b97,train
2428798135.jpg,3,CMD,d1866e39c26a552f,train
2428834904.jpg,3,CMD,9bcc618d80bbf998,train
2429179859.jpg,3,CMD,87821b854afc353f,train
2429254958.jpg,4,healthy,8af37e5c91c1854e,validation
2429350015.jpg,3,CMD,e3c10af8f40f1f1c,train
2429433234.jpg,3,CMD,a5b5211e595a45de,train
2429667636.jpg,2,CGM,851663784d8cdead,test
2429776876.jpg,2,CGM,dd232f604fdd1033,train
242977763.jpg,3,CMD,b09f06d9592c37b2,train
2429816530.jpg,0,CBB,d8f00127a75fd1c3,validation
2429941129.jpg,3,CMD,d49c71922f65a5c5,train
2429949557.jpg,3,CMD,94e72b91b485c795,test
2430054322.jpg,3,CMD,c15e326b53154bf1,train
2430068379.jpg,3,CMD,94f868fd4d741478,train
2430296671.jpg,3,CMD,95e638524199d9be,validation
243035153.jpg,3,CMD,c8ad26ba6b811b5e,train
2430685595.jpg,3,CMD,91821e96cfcc04ff,train
2430759882.jpg,3,CMD,a4770a2749de23f8,train
2430831157.jpg,3,CMD,81793e85f8bf28a2,train
2430888748.jpg,3,CMD,8dd6585927b0c3ec,train
2431067998.jpg,3,CMD,d4031b4d39eb2eb2,train
2431396348.jpg,0,CBB,b1ba760a7d68f241,train
2431415205.jpg,4,healthy,94b73674050dbde1,train
2431460222.jpg,3,CMD,9d3f60c209d3f60d,validation
2431603043.jpg,3,CMD,c59827eef1076a23,validation
2431640165.jpg,3,CMD,c0676712492d771f,test
2431664846.jpg,3,CMD,b8dd0d704587d68b,test
2431891989.jpg,3,CMD,c9c125af7c8aace4,validation
243194540.jpg,4,healthy,cff15b4c25a2212f,train
2432086277.jpg,1,CBSD,c7da298ce51e2d8a,validation
2432250705.jpg,2,CGM,d0fd3e0ca83f3492,train
2432364538.jpg,2,CGM,c78a38f7c4cec306,train
2432464479.jpg,3,CMD,8b156dd131aea38e,validation
2432592527.jpg,3,CMD,db8c6ef2b14a92c1,train
2432773311.jpg,3,CMD,91ece76311d29c4e,train
2432967687.jpg,1,CBSD,c63730c18f7c53c6,train
2433057323.jpg,1,CBSD,c6c333dc4c52f705,train
2433142090.jpg,2,CGM,9ac70cba969c6347,test
2433281997.jpg,3,CMD,d256519b9d6c1e0e,train
2433307411.jpg,1,CBSD,dbf2e2c280969e9a,train
2433407680.jpg,3,CMD,b0d96d4874ae8cec,validation
2433522898.jpg,3,CMD,a0973cceff500678,validation
2433683570.jpg,4,healthy,fc8724873eb59198,train
2433741143.jpg,3,CMD,ccf37cd42f244383,train
243377710.jpg,3,CMD,bdca2736f0c0c24f,validation
2433962799.jpg,2,CGM,e991152312ed3bce,train
2434060194.jpg,1,CBSD,82f929867aded0aa,train
2434447915.jpg,3,CMD,8ab6251d7b736644,train
2434587882.jpg,3,CMD,d2bc31626cbd7129,train
2434985861.jpg,2,CGM,ccc1064e7ff82999,train
2435051665.jpg,1,CBSD,c42a251b49bd72ed,validation
2435211745.jpg,1,CBSD,d8666370a8e7e3c1,validation
2435254407.jpg,3,CMD,86867b44072fb373,train
2435302600.jpg,4,healthy,adbf558e29093994,test
2435784137.jpg,0,CBB,87483f3339946b2d,test
2435788623.jpg,2,CGM,91ab1fb14d983347,test
2435836434.jpg,3,CMD,bbc2292e01b4fbc3,test
2436022080.jpg,3,CMD,d4e17bde24955894,train
2436214521.jpg,0,CBB,88aa5aca86ad6ad7,train
2436369739.jpg,3,CMD,915a1b2e1b667363,train
243638403.jpg,4,healthy,c41e7835d16f56c8,train
2437048705.jpg,3,CMD,d8997c52089fd1ae,train
2437151204.jpg,3,CMD,dba75cf2e9180cc1,train
2437198013.jpg,1,CBSD,c7ac6aa5399f6086,train
2437201100.jpg,3,CMD,925a2cc4993a5fe5,train
2437213619.jpg,3,CMD,e58578ad38b39929,test
243732361.jpg,3,CMD,b6504fe52d33447a,test
2437547294.jpg,1,CBSD,9ff1601f62e0360f,train
2437615613.jpg,3,CMD,d2ad6ea75d92092c,train
2437698552.jpg,3,CMD,d7c243c90717a1fa,train
2437959536.jpg,3,CMD,c0eb6d369855338b,test
2438313768.jpg,2,CGM,d19f3572a665422d,train
2438476273.jpg,3,CMD,89ef41952d1a62de,train
2438948667.jpg,3,CMD,c0853e2c675bdb32,test
2439113989.jpg,3,CMD,c9ee58815751d792,train
2439357666.jpg,3,CMD,87d2396adcb2291d,train
2439590243.jpg,3,CMD,cde46c962ea3540f,test
2439645598.jpg,3,CMD,ec7e439b841e7612,train
2440096561.jpg,4,healthy,87f3229e3c98f870,train
2440261962.jpg,3,CMD,89d97495272f3b30,test
2440390856.jpg,3,CMD,92ca50e8e8e966f6,validation
2440615090.jpg,3,CMD,9ae836ad491e1d65,train
2440664696.jpg,3,CMD,82ea6a3a2a3e7a6a,train
2440838390.jpg,0,CBB,e15c82232ad765fa,train
244091101.jpg,3,CMD,86952f6b4d49696a,train
2441910207.jpg,2,CGM,9c9c87e92c6b6968,validation
2441927798.jpg,4,healthy,a5aea2ec3fe82268,validation
2442082481.jpg,3,CMD,c2cf680c2c3c9ed7,train
2442102115.jpg,3,CMD,93cf629a8c6b2a27,train
2442145038.jpg,3,CMD,e7178f47323aec20,train
2442485035.jpg,3,CMD,c2902ec0717b4f77,train
2442669965.jpg,3,CMD,97ea34c26a9c6b31,train
2442826642.jpg,3,CMD,d37e208663ed0c1f,train
2442913111.jpg,3,CMD,d0bf688dbf10c15c,train
2443423283.jpg,3,CMD,d6d239962f278e14,validation
2443428424.jpg,3,CMD,dacd53a40f6a32a3,train
2443564575.jpg,3,CMD,95ad4bb0335cc3b8,test
2443920111.jpg,1,CBSD,d00f3ef025f2f90c,train
244407780.jpg,0,CBB,d4627be59a722c34,train
2444106411.jpg,1,CBSD,eae2e3f2860e078e,train
2444345873.jpg,3,CMD,bdbc7c1e036914d2,test
2444460528.jpg,3,CMD,86b67c4b34b217e4,train
2444482015.jpg,4,healthy,d0a11fcb2236f1cb,test
2444813002.jpg,2,CGM,82973685758cac7b,train
2445092110.jpg,3,CMD,e90c07a4a9d91dfc,train
2445348448.jpg,3,CMD,ccca201d3d6b897b,test
244543629.jpg,3,CMD,add07aa709e35e30,train
2445684335.jpg,4,healthy,8ceceac8eec0cea8,test
2445871851.jpg,4,healthy,89d277b8c79d042b,test
2446013457.jpg,3,CMD,d999658838e0ee73,train
2446074301.jpg,1,CBSD,d5853aed344e523c,test
2446149894.jpg,1,CBSD,8cb265fd73081d8e,test
2446248969.jpg,4,healthy,b8186ec4f8af85a6,train
2446390105.jpg,3,CMD,d4531af50ca6790f,train
2446621407.jpg,1,CBSD,8ec96d63b59594c2,validation
2447025051.jpg,3,CMD,839c3ff046e156b8,validation
2447057702.jpg,3,CMD,81c85c6e62796bae,train
2447058144.jpg,3,CMD,c3146188cdfa2fd3,validation
2447086641.jpg,4,healthy,94d3c8164be87f0d,validation
2447704819.jpg,2,CGM,91c1c383c39996df,train
2448133636.jpg,1,CBSD,d3c422f1c66bf194,train
2448627674.jpg,3,CMD,846f78d20a1f6cdc,train
2448657590.jpg,3,CMD,f04b0c3e5c6353f2,validation
2448661412.jpg,3,CMD,81dc2bd6245f50e7,train
2448870532.jpg,1,CBSD,82a6776ae2c79c8c,test
2448969787.jpg,0,CBB,8d9c70654f9e50ab,train
2449084146.jpg,2,CGM,81576e092f69f436,train
2449161051.jpg,3,CMD,d06214ec19defd0d,test
2449191784.jpg,3,CMD,a790649c59a51bde,train
2449743252.jpg,3,CMD,db23a4f2b8c2e178,train
2450090020.jpg,3,CMD,81e31d0778fe7318,train
2450545291.jpg,3,CMD,cbc8b6204a5f267e,train
245076718.jpg,2,CGM,d388758c7a39871e,train
2450978537.jpg,3,CMD,d6f222c687373683,train
2451005866.jpg,4,healthy,87d4761a174acf25,train
2451596981.jpg,3,CMD,95a62a25a28abbde,test
2451601022.jpg,4,healthy,95a76ec090959f2d,train
2451619030.jpg,3,CMD,cdc5609a662e52f9,validation
2451870381.jpg,3,CMD,81f31b2aaf8961dc,train
2452042158.jpg,0,CBB,d9eb113f7c4045e8,train
24521071.jpg,3,CMD,80ff42dd61422b7e,train
2452364106.jpg,3,CMD,84de24f90f195e96,train
245276230.jpg,3,CMD,d3657ea44d1a8917,train
2453131075.jpg,3,CMD,91ef09c636c03dad,train
2453300950.jpg,1,CBSD,dc90269f17a71d23,train
2454143099.jpg,3,CMD,d7cf68cae9010778,test
2454175142.jpg,3,CMD,d9407bc23cf05f2a,validation
2454238262.jpg,2,CGM,918311c86756feba,train
2454252015.jpg,4,healthy,81ea86f8c3cbc9c3,test
2454437891.jpg,4,healthy,dc8908faf0036fec,train
2454473241.jpg,0,CBB,c8fb2690f6cea243,train
2454633080.jpg,4,healthy,9d982ef03ce36f10,train
2455047257.jpg,3,CMD,83301bb579776784,train
2455232179.jpg,4,healthy,87b51af5287610af,validation
2455356722.jpg,3,CMD,81cb4a8b171d7bc9,train
2455854003.jpg,0,CBB,919339f1618fb24b,test
2456510644.jpg,4,healthy,c54f74b6d54a3831,train
2456612393.jpg,3,CMD,b6ea53c47717482c,train
2456930353.jpg,3,CMD,d6270a4a72dc2f8b,train
2457010245.jpg,4,healthy,84d62af1b8399d8e,train
2457308464.jpg,1,CBSD,f709643d50a97639,validation
2457355421.jpg,4,healthy,adf554ebad98a880,train
2457404086.jpg,3,CMD,91d67270e1879cdc,test
2457479781.jpg,0,CBB,94fb68c46f4c6227,train
2457737762.jpg,3,CMD,9f33180c7b934da6,train
2457847681.jpg,3,CMD,c1e165e3995dae06,train
2457952630.jpg,1,CBSD,8fdc36fe2146454a,train
2458161037.jpg,3,CMD,efadc644e149989a,test
245825296.jpg,3,CMD,e4e4831d0b5e85ed,test
2458306798.jpg,3,CMD,c88b375530b3c3dc,train
2458325130.jpg,3,CMD,954e35ecbb942b22,test
2458353661.jpg,3,CMD,cd8237734eab03e4,train
2458410861.jpg,3,CMD,91fc27816c5ae91e,train
245845925.jpg,3,CMD,c5ea2c507ae8bb94,train
2458565094.jpg,4,healthy,c7d9f183944a09dd,train
2458846508.jpg,1,CBSD,c8e6230e17cf5ec1,train
2458889068.jpg,3,CMD,d6d8654fac77101c,validation
2459447782.jpg,3,CMD,dc0a281bc95f5be4,train
2459666631.jpg,4,healthy,b4bd659d0345513b,test
2459734492.jpg,3,CMD,9c833ee01a67d0ee,train
2459764997.jpg,3,CMD,871cf5a1b84a8f74,train
245998935.jpg,1,CBSD,b58473dbc072742e,train
2460157160.jpg,3,CMD,c0d770b932ba8c9d,test
2460344945.jpg,3,CMD,cca7117c9962e693,train
2460357175.jpg,4,healthy,cfa66256305be5c2,train
2460425270.jpg,3,CMD,bedb4ead82ba1089,train
2460761267.jpg,2,CGM,d0ad9bd73ec0b029,train
2460780852.jpg,3,CMD,865879a31cfa238f,train
2461604089.jpg,3,CMD,9c0cfda769511996,train
2461718953.jpg,0,CBB,d2b72dc8b6ada212,train
2461721472.jpg,3,CMD,93c32e2b32865be5,train
2462086186.jpg,3,CMD,9f746bd03d8417c8,test
2462190375.jpg,3,CMD,8897bbacc3c2cc72,test
2462241027.jpg,3,CMD,ebdd2c76b0508de0,train
2462319978.jpg,0,CBB,949c2b2d4d875cd9,test
2462343820.jpg,4,healthy,f16db0c3c4d249c7,train
2462431512.jpg,3,CMD,aa49bc2ade4e6a25,train
2462733564.jpg,3,CMD,81c578e61f6970cb,train
2462747672.jpg,3,CMD,c09f72da47361d19,validation
2462768827.jpg,3,CMD,d0f079df4032f8c6,train
2462876995.jpg,3,CMD,9c85529f378646b9,train
2463031363.jpg,3,CMD,d4a40c8ffb086de6,train
2463031919.jpg,3,CMD,94177cb851a6a74e,train
2463068733.jpg,2,CGM,dccd50f16c06393e,validation
24632378.jpg,3,CMD,c3f1699b0cf7d480,train
2463819050.jpg,4,healthy,c36d30961ec35bb4,train
2464064424.jpg,3,CMD,91d178a49f3d071b,train
2464377499.jpg,3,CMD,c29c70872836fedc,train
2464569796.jpg,3,CMD,98aeee6c69a39191,train
2464983758.jpg,0,CBB,d1af0cc3576429b9,train
2465100759.jpg,3,CMD,b9392c632846f3cd,train
2465281174.jpg,2,CGM,8ae179e23e91832f,validation
2465451317.jpg,3,CMD,93b66ae00d9d526b,train
2465664646.jpg,0,CBB,96d9e9d451d452ca,validation
2466033543.jpg,3,CMD,956e69c4721b99cc,validation
2466474683.jpg,4,healthy,ccc91b5325bccab8,test
2466501626.jpg,3,CMD,9dc366d29f442f48,train
2466541991.jpg,1,CBSD,8fbb2a6d4a9c9096,validation
2466680233.jpg,3,CMD,ceac2d0c1d2f3c33,train
2466684931.jpg,3,CMD,d5ba66e669a64381,train
2466811174.jpg,3,CMD,d8c01cd3b3074fad,train
2466877412.jpg,3,CMD,e1399ea47617187c,test
2466948945.jpg,3,CMD,d4daeed8ca89d2c0,train
2467248258.jpg,3,CMD,86b479c6956f4992,train
2467324210.jpg,3,CMD,90c84fda4ade347c,train
2467507498.jpg,3,CMD,8cfa5b33d02dc5a1,train
2467555278.jpg,3,CMD,8db2079462cf769c,train
2467650038.jpg,0,CBB,836e769c06cbe938,validation
2467729031.jpg,1,CBSD,c3872f3a70f45923,test
2467873111.jpg,3,CMD,c795545b3974922b,train
2467873182.jpg,1,CBSD,d6b23ea142c5979c,train
2467892554.jpg,0,CBB,9652746e0b4d5d59,train
2468020600.jpg,3,CMD,d0b20f435a5e69da,train
2468021699.jpg,4,healthy,c4b453e733c1be90,train
2468056909.jpg,3,CMD,c9d57e812694e27a,train
2468085000.jpg,3,CMD,e18052e3dd6bb564,train
2468469374.jpg,0,CBB,c2c23d3d3a22ebc3,train
2468551140.jpg,3,CMD,a0d62ba6f4fb021d,train
2468594411.jpg,2,CGM,9ea313f8a4935d4a,test
2468769812.jpg,3,CMD,c60d7c02ff8279d2,train
2468963984.jpg,3,CMD,928b73b40f6e4b4c,train
2469042069.jpg,3,CMD,80573ee86e691f34,validation
2469189425.jpg,3,CMD,d5c07bb56bb111e0,train
2469652661.jpg,3,CMD,d6e97e90105e48f6,train
2469928769.jpg,2,CGM,d9b099e3d96ab448,train
246993225.jpg,3,CMD,b4c6396a91f909a7,test
2470178164.jpg,1,CBSD,86394669ad6f73c0,train
2470191455.jpg,1,CBSD,8ccc0b7cb7657225,train
2470314763.jpg,3,CMD,d5f328b436a5cad0,test
2470440750.jpg,3,CMD,941366c2360dbbf9,validation
2470712150.jpg,3,CMD,ab0d1e2b52c57ca3,train
2470903656.jpg,3,CMD,d3ee2d833fc16c01,train
2470947751.jpg,3,CMD,bf45e851e817e10d,validation
2471372576.jpg,1,CBSD,e9c458a78ed18f49,validation
2471622772.jpg,2,CGM,ffa0c6de03f0420f,validation
2471978999.jpg,3,CMD,80ef0ff00e1ef721,test
2472243089.jpg,3,CMD,c09e38835fd183ed,train
2472587506.jpg,3,CMD,89a961ebcba26e4a,train
2473152942.jpg,3,CMD,84433f969b8ff062,train
2473268326.jpg,0,CBB,c1c858b836b33f17,train
2473286391.jpg,3,CMD,80857a4aba6d37b6,train
2473638974.jpg,2,CGM,91872dd3f846e0b9,validation
2474023641.jpg,3,CMD,d8ac2f33253c9c5a,train
2474050099.jpg,0,CBB,bbb2c0977e1e1494,validation
2474336811.jpg,1,CBSD,90e54c8d31473e7e,test
2474385687.jpg,2,CGM,9a7b856baa5128ab,test
2474746012.jpg,4,healthy,8cb22fc9a7035aae,train
2475211704.jpg,2,CGM,94cc261bd56a175e,train
2475226454.jpg,3,CMD,930c7c655bf0363c,validation
2475450560.jpg,3,CMD,8cb6f632f8d04bc1,train
2475812200.jpg,1,CBSD,d1902ab43afd0cf6,validation
2476023220.jpg,3,CMD,9d992d743335462e,validation
2476543961.jpg,3,CMD,ccd2e26776a42783,train
2476584583.jpg,2,CGM,82df2cf0710b6976,test
2477121392.jpg,4,healthy,d3831faa56978037,train
247720048.jpg,3,CMD,8bd86c7369673419,train
2477268412.jpg,1,CBSD,c4b924dc5b0f1ce3,train
2477748902.jpg,3,CMD,c5310e7d25b2583f,train
2477858047.jpg,3,CMD,d5b93593e4c5640d,train
247787663.jpg,1,CBSD,cdc232a51bb2ed49,train
2478018732.jpg,4,healthy,c7d649261bad3313,test
2478144118.jpg,0,CBB,c3e84385557da723,test
2478233162.jpg,3,CMD,b4d37522a9b82a37,train
2478368838.jpg,1,CBSD,cf8e7472938c4e43,train
2478598463.jpg,3,CMD,83a4179f78f0ba54,train
2478621909.jpg,3,CMD,cb84e1037f1c3b65,train
2478627956.jpg,3,CMD,9c906eca93d6c29d,train
2478837427.jpg,3,CMD,96b47c525abb380d,train
2478931930.jpg,2,CGM,80c56be0a4f6de1b,train
2479115666.jpg,2,CGM,978a378cce8a6f42,test
2479163539.jpg,2,CGM,84d34605b7ec394f,train
2479205385.jpg,4,healthy,d48c3bb609a3c34f,train
2479508913.jpg,3,CMD,d0da450f5a5c23eb,train
2479637031.jpg,3,CMD,f54a1fae01aac17a,train
2480147143.jpg,3,CMD,87da64cb67c53069,test
2480152514.jpg,3,CMD,97827d628f89c7c2,train
2480234576.jpg,1,CBSD,ddd61341ad761a26,train
2480590755.jpg,4,healthy,d9d66238a18823ff,validation
2480715944.jpg,0,CBB,9bbe230b0a616db6,train
2480935122.jpg,2,CGM,89c413b966ce907f,validation
2481096927.jpg,2,CGM,c973645fb32926d0,train
248109965.jpg,3,CMD,e7d75aca08aad0aa,train
2481691686.jpg,3,CMD,86f9014a791ff41d,train
2481954386.jpg,1,CBSD,ce98039b110fbebc,train
2481971712.jpg,3,CMD,d51bbc58e18c69e2,train
2482224831.jpg,3,CMD,c8be2fef43a21494,train
2482242374.jpg,4,healthy,c01e3d7832493fae,train
2482667092.jpg,1,CBSD,89a433a9bea6a6aa,train
2482838922.jpg,3,CMD,d49d239ec8216be9,validation
2482951138.jpg,3,CMD,c2e16390f966e9e1,train
2482984898.jpg,3,CMD,9cce3b83a06af13a,train
2483045169.jpg,0,CBB,8df877480e123cd7,train
2483192748.jpg,3,CMD,aab456d43dad548a,train
2483366059.jpg,3,CMD,c98d63f8703597c2,train
2484133186.jpg,3,CMD,c0a438ee5af71a4b,train
2484137183.jpg,2,CGM,c7b6103c35e33d32,train
2484271873.jpg,4,healthy,85cb2c6cb3d28ce3,test
2484373271.jpg,1,CBSD,9ad925cab0a7546e,test
2484471054.jpg,3,CMD,c6c66d9c78845ee4,validation
2484530081.jpg,4,healthy,90bca49addb499d2,train
2484602563.jpg,3,CMD,d1d43192527b6ea3,train
2485317187.jpg,3,CMD,84f848630fef163e,train
248534118.jpg,3,CMD,dd8f6988e72721a1,train
248540513.jpg,3,CMD,90635a2367197de6,train
2485868532.jpg,2,CGM,a0bd581f3d6269d8,train
2485888948.jpg,3,CMD,84683b53a7cd764a,train
2485910685.jpg,3,CMD,858669dd261957ce,validation
2486212637.jpg,3,CMD,96ab2e9ed10e940f,validation
2486583818.jpg,3,CMD,c2d7262979593da1,train
2486584885.jpg,2,CGM,87b860e2c9d778b1,test
2486633208.jpg,3,CMD,b1063b6f1916e6a3,validation
2486687383.jpg,3,CMD,ca8677790aeaba84,train
2486866948.jpg,3,CMD,d42c36a669e2db58,test
2487571840.jpg,3,CMD,fcce4ce4e4c4f4c0,train
2487617248.jpg,2,CGM,c4cce5c16372e2ea,validation
2487843883.jpg,3,CMD,d2f3d2f2fbd81008,train
248784600.jpg,3,CMD,cb14077f6706e526,train
2487952325.jpg,2,CGM,c4c5741bbe64c4e6,validation
248804719.jpg,4,healthy,e1de69303bac7446,test
2488453627.jpg,2,CGM,e49f382c2c09373f,train
2488494933.jpg,3,CMD,d7f3a2182d2d0d69,train
248855703.jpg,2,CGM,91e51e2763e19e34,train
248891023.jpg,3,CMD,f19a4b6638e09b96,train
2488940657.jpg,1,CBSD,c5ed3b1a1e27a470,test
2488945331.jpg,2,CGM,8f020ff16dec0a3b,train
2488982493.jpg,3,CMD,cd991c8e7a966871,train
2489013604.jpg,1,CBSD,96966539c863c7cc,train
2489350383.jpg,4,healthy,9fc875b4a427262d,validation
2489474149.jpg,3,CMD,8d831ab0ce3d73ca,train
2489511782.jpg,3,CMD,89c05fb1231e7c97,train
2489601909.jpg,3,CMD,deb5689337485266,validation
248967809.jpg,3,CMD,8fbf04634f597444,train
2489749892.jpg,3,CMD,8e992f146394f437,train
2489922453.jpg,4,healthy,ef50a87b02f909ec,validation
2489987245.jpg,3,CMD,c41869b1f8dc8ef8,train
2490112634.jpg,0,CBB,c0e03bc4ec3d29fc,train
2490398752.jpg,3,CMD,9d32267ee7895292,train
2490423956.jpg,4,healthy,dc0e6aa30b2d3acb,train
2490478654.jpg,3,CMD,943f31ebc65e0931,test
2490500450.jpg,3,CMD,84f20ffc483f9076,validation
2490802199.jpg,1,CBSD,e2eb3560bc0341f7,train
2491061027.jpg,4,healthy,c2f661edc4129e9a,train
2491179665.jpg,3,CMD,b3b1f6f06089cd89,test
2491752039.jpg,2,CGM,973c66a52a739543,train
2492261561.jpg,3,CMD,dc9eff800391b0bc,train
2492326424.jpg,3,CMD,c8b7593a3559e09a,test
2492339911.jpg,3,CMD,c1dc728f78b4f0c1,train
2492550594.jpg,2,CGM,c9966d83e1e1423f,train
249317058.jpg,1,CBSD,c4e16b6a71071e79,test
2493815329.jpg,3,CMD,c0d9a6e50c5e5e1b,train
2493854488.jpg,3,CMD,d0ff2c954a6834ae,train
2494192748.jpg,4,healthy,cd736381936f78c0,test
2494405997.jpg,1,CBSD,90c66bbdd01b4756,train
2494580860.jpg,3,CMD,c5c8c8e70f475e0e,train
2494730151.jpg,3,CMD,c2963d9a23c6cd69,train
249475993.jpg,3,CMD,c4ad38f2d85ba564,train
2494764703.jpg,2,CGM,c0ae73097517f487,train
2494865945.jpg,2,CGM,c5cc7db271ac044f,train
2495248330.jpg,4,healthy,8af265c946dbd194,validation
2495314990.jpg,3,CMD,80df0b7df603310f,test
2495474828.jpg,3,CMD,d148058c6eff7703,train
2495608764.jpg,3,CMD,c3f9359a5560bc1a,train
249561882.jpg,3,CMD,858732166b3bb768,train
2495696935.jpg,4,healthy,c4e1789d49d91b36,train
249583013.jpg,3,CMD,c8654a5d998e7e2c,train
2495838121.jpg,3,CMD,a53936c76a76322a,train
2495865690.jpg,3,CMD,967828909bcf59e9,train
249609077.jpg,0,CBB,d1d0b9c96424b5b7,train
2496275543.jpg,1,CBSD,a1c965511f4c3e3e,train
2496639150.jpg,3,CMD,c8c113731c3d2cdf,test
2496707539.jpg,3,CMD,88db799b7a304e2c,train
2496727022.jpg,3,CMD,acb65d9ac4699338,train
2496742167.jpg,1,CBSD,d7817ae16a42daa6,train
2496761158.jpg,2,CGM,833760b468f8d8af,validation
2496805382.jpg,2,CGM,a11725b739ad1565,train
249686764.jpg,4,healthy,f59fcb381a860c2d,train
2497079238.jpg,3,CMD,84d1189c774b7eb4,train
249712703.jpg,1,CBSD,85b040e3cfe7986d,validation
2497160011.jpg,0,CBB,c30e68f9e4859a76,train
2497412230.jpg,3,CMD,d5e540e8b0e13d76,train
2497722314.jpg,3,CMD,858315d16ef643ab,test
249774919.jpg,3,CMD,b38e59a1423c3cdd,test
2497853532.jpg,3,CMD,918a677c1ba7924e,test
2498112851.jpg,3,CMD,d48731364929e5fa,train
2498122689.jpg,2,CGM,e39d725819945da9,train
2498170494.jpg,3,CMD,c69a1c73f1684be4,train
2498179196.jpg,3,CMD,95832c5679a57a1d,test
2498215741.jpg,3,CMD,d9484999fd9248ed,train
2498224587.jpg,4,healthy,9b892d8dad859595,train
2498347324.jpg,3,CMD,d9b5265a49a4969b,validation
2498500935.jpg,3,CMD,e1a62bce1bdc6291,train
2498535927.jpg,3,CMD,e1e9f99d94909352,train
249927375.jpg,1,CBSD,d9c47cb10d496697,train
2499466480.jpg,4,healthy,87c837c47c2dbc94,train
2499562554.jpg,1,CBSD,81ababb8b296d193,train
2499718406.jpg,3,CMD,b6ee26b679591902,test
2499785298.jpg,3,CMD,e4bc0d5b31b1c786,validation
2499859350.jpg,0,CBB,8bdd38a870a6e457,train
2500415802.jpg,3,CMD,848c5d3a2df65db0,train
2500939738.jpg,1,CBSD,a5e3776b04e42a69,test
2500976609.jpg,0,CBB,d9ee1280649b66db,test
2501019340.jpg,3,CMD,8f196bd929421b76,train
2501317997.jpg,3,CMD,8aac7bba03159da3,test
2501436016.jpg,3,CMD,94a1296ec24fd1fa,validation
2501555844.jpg,3,CMD,d13e6926b4b074f2,train
2501557988.jpg,3,CMD,cda158da3cdb6134,train
2501671666.jpg,3,CMD,83e432f9d6ba1706,train
250183789.jpg,3,CMD,8284eaaafe899a8f,test
2502117114.jpg,1,CBSD,90c6235647ab5dab,test
2502612018.jpg,1,CBSD,cdf3660503ea52d6,train
2502748604.jpg,3,CMD,d5f6514638f86c26,validation
2503003890.jpg,0,CBB,94d2636d95915af8,train
2503151412.jpg,3,CMD,84fb4c3c498d3ccb,train
2503268859.jpg,3,CMD,c2b82d5d5156cace,train
2503555715.jpg,3,CMD,80fa07bef98013b7,train
250369715.jpg,3,CMD,ccf50417c5ce730e,train
2504048153.jpg,3,CMD,c195482d56c16efd,train
2504222536.jpg,0,CBB,93c6e64a7d156472,train
2504223461.jpg,3,CMD,b9d164514a3aecb5,train
2504350669.jpg,3,CMD,dd4b1ab40ee8b516,train
2504430507.jpg,4,healthy,de12762671686d6c,train
2504431565.jpg,3,CMD,c5cb4e26cd8e5b84,train
2504498022.jpg,3,CMD,94f64fd0ec5810f9,train
250451090.jpg,3,CMD,84b23d884f9633f5,test
2504965655.jpg,3,CMD,8a9d729564ab9a2d,test
2504984350.jpg,3,CMD,931868971d8aed5d,train
2504999167.jpg,2,CGM,c1c2262f32f16ade,validation
2505046113.jpg,0,CBB,cde2308f6d54c26d,train
2505105042.jpg,3,CMD,8e07636083d72fce,validation
2505377282.jpg,3,CMD,c3dc724263e2f2c3,train
2505719500.jpg,4,healthy,c1027eb50bbc3b8e,train
2505935293.jpg,4,healthy,c1212bea5b8770cf,validation
2505962456.jpg,3,CMD,d2763c352373364c,train
2506070849.jpg,2,CGM,e1b012fa53c9a7c5,test
2506195941.jpg,4,healthy,d7c06cf03da21b8d,validation
2506348944.jpg,4,healthy,9981171f5ec41bba,test
2506949350.jpg,2,CGM,c5d068c2c957569f,validation
2508113831.jpg,1,CBSD,f5b039a5a6ee00ba,train
2508160695.jpg,3,CMD,c3df48f200bd3f0a,validation
2508483326.jpg,3,CMD,c042672132aeeff5,train
250881112.jpg,3,CMD,d183246f6da92cda,train
2509010515.jpg,3,CMD,e6ca43b583eba01e,train
250907427.jpg,1,CBSD,dd802ee7184d31de,train
250913083.jpg,3,CMD,c9b22e1fa5e872c4,train
2509293643.jpg,3,CMD,a896bdc37096c353,train
2509423780.jpg,3,CMD,d6cc15115f4e66d1,train
2509491848.jpg,4,healthy,847827e2cbb6c4ad,test
2509495518.jpg,3,CMD,968e3aeb19a6d017,test
2509756796.jpg,3,CMD,92a67149ded63b0c,train
2509771823.jpg,3,CMD,85d83be4f6a324b2,train
2509784000.jpg,3,CMD,874d66f233123d8e,train
2509869422.jpg,3,CMD,b3c53f508f7d2304,train
2510072136.jpg,4,healthy,b7cc631805f339e4,validation
2510221236.jpg,1,CBSD,90c9dc1d1672273f,test
2510425004.jpg,3,CMD,9ee0671c435c785b,train
2510426840.jpg,2,CGM,dbb96be479886222,train
2510432312.jpg,1,CBSD,d28432a7f4d87b0b,train
2510442333.jpg,2,CGM,c4c62ce4445d7ef2,train
2510540586.jpg,3,CMD,bdc36aa116752c6a,train
2511157697.jpg,3,CMD,e18d2deb08e3a2d9,train
2511355520.jpg,3,CMD,918e280ffe377851,train
2511579801.jpg,4,healthy,c996365a6b2c8be1,train
25116516.jpg,3,CMD,c3c978c6162c3ade,train
2512000919.jpg,3,CMD,96996b34cd60af8a,test
2512237524.jpg,1,CBSD,c0233e84c3dceaeb,train
2512241884.jpg,3,CMD,b2c45ecdcb28e81b,train
2512244783.jpg,3,CMD,d1f00bec3743ed12,train
2512300453.jpg,3,CMD,c6d0656ff450272e,train
2512483831.jpg,3,CMD,deb36996c80e92c9,test
2512652724.jpg,3,CMD,c0f52e2de6dc488b,train
2512949736.jpg,3,CMD,cdc1433c6697532b,test
2512953996.jpg,3,CMD,9378658d1bb6246b,train
25132460.jpg,1,CBSD,96fc4d001dfcf01e,train
2513489893.jpg,4,healthy,c0f331bc3e6b28e4,train
2513639394.jpg,4,healthy,9a9c15486bc56c3f,train
2514027748.jpg,3,CMD,832e6a71c2df6551,validation
2514350663.jpg,3,CMD,ab4c31c7bcc35cc8,train
2514394316.jpg,3,CMD,d38469f40eb8563b,train
2514999111.jpg,0,CBB,85a96a9a39b17353,train
251531091.jpg,3,CMD,d6e201e3688edb8b,train
2515485322.jpg,3,CMD,95b33d1b0cf03db0,validation
2515648929.jpg,3,CMD,d6b8347e6516017e,train
2515947948.jpg,4,healthy,c4cf3760c84b23cf,train
2516076631.jpg,2,CGM,c7e87f42298c5e34,test
2516082759.jpg,3,CMD,9db628cb679452e1,train
2516099863.jpg,4,healthy,cfb823fea00bbf00,train
2516136783.jpg,3,CMD,93e26b9c9c9865e2,train
251635361.jpg,3,CMD,83236d85b7e8685d,validation
2516383896.jpg,3,CMD,d0b17fd20f0619c7,train
2516584960.jpg,3,CMD,918900b877d9f9d9,train
2516805400.jpg,3,CMD,d605378cba6f5849,train
2516864757.jpg,3,CMD,88d94f345e6dd0c3,validation
25169920.jpg,3,CMD,802d8d7c43ee3bd4,train
251711364.jpg,0,CBB,c3ce3c3973242ccb,train
2517495253.jpg,0,CBB,94d32e6e594b6266,validation
2517886077.jpg,3,CMD,92fc6fcc17d028c6,train
2517952963.jpg,3,CMD,929d1e96abf124b2,train
2518036553.jpg,4,healthy,97a76870438beba4,validation
2518383781.jpg,3,CMD,81a61fe97cc34d4c,train
2518535006.jpg,2,CGM,dc9439696ca7660b,train
2518671335.jpg,4,healthy,991554f13314ebe9,validation
2519147193.jpg,2,CGM,f6695ae4a1963649,train
2519456872.jpg,0,CBB,d21d673cb17c6906,train
2519536403.jpg,0,CBB,9e9031fe5256663c,train
2519700384.jpg,1,CBSD,9fc120786b0b5f1e,train
2520465654.jpg,3,CMD,c7662bd16ea443e8,train
2520536047.jpg,3,CMD,ce1fa4b485995653,test
2520567878.jpg,3,CMD,d9b27833ae90c4b9,validation
2520575801.jpg,3,CMD,c0cc3b8630ff6167,train
2520781924.jpg,3,CMD,f970710953bb41e9,train
2520798009.jpg,1,CBSD,c8ac679b22ad355c,train
2520828282.jpg,3,CMD,cd5731ac60b9b1e2,test
2520831403.jpg,3,CMD,902b7f788fb5405c,train
2521365018.jpg,4,healthy,96d60e0fdc981b78,validation
2521418198.jpg,3,CMD,dcc138b2663e1b78,validation
2521511899.jpg,4,healthy,f4032c875c798e75,train
252166924.jpg,3,CMD,94ac32be97d0587a,validation
2521900114.jpg,1,CBSD,83a879e0f1c35c75,train
2521993035.jpg,3,CMD,cbeb20362df930e1,train
2522103312.jpg,3,CMD,c438673d5e8626a7,train
2522202499.jpg,1,CBSD,d6a63ef63ac25848,train
2522350885.jpg,0,CBB,920d7ca36d2baf12,test
2522608813.jpg,0,CBB,811b5f42eb2116fe,train
2523038081.jpg,3,CMD,923d2f5a6ba18e1a,train
2523040233.jpg,3,CMD,96271fd4098737e2,train
2523259932.jpg,3,CMD,f09e72b030906cff,validation
2523473053.jpg,2,CGM,9cbb3d420a89afb1,train
2523524026.jpg,0,CBB,c4c162e3f331b8dc,train
2523649190.jpg,3,CMD,87f8fd31468a3954,train
2523850258.jpg,0,CBB,dde536992c87498a,validation
252419229.jpg,3,CMD,d56569256c355751,train
2524417076.jpg,2,CGM,90b46b113659e7ad,test
2524433786.jpg,0,CBB,93e737c6891259e1,validation
2524440517.jpg,1,CBSD,c2c2d2d2dcd2eaca,train
2524454898.jpg,3,CMD,a2e20eb4479ba99b,train
2524662957.jpg,4,healthy,c9a45acbbc974ce0,validation
2524786194.jpg,3,CMD,d7ff43c46b48a40a,train
2524827545.jpg,3,CMD,e3795bc852292a6d,train
2524986603.jpg,1,CBSD,d934743a3b547847,test
2525296181.jpg,3,CMD,8625370778fc336c,train
2525317901.jpg,3,CMD,82dd628ec57a5369,train
2525439340.jpg,3,CMD,9cea25f1767a811a,train
2525695098.jpg,1,CBSD,84e315927b85daad,train
2526126082.jpg,3,CMD,b5831d703f6a12f1,validation
2526462874.jpg,2,CGM,c3c1bb76276628c3,test
2526623317.jpg,3,CMD,b10b77e27ef02249,validation
2526800384.jpg,3,CMD,c1f10ec27c436f3c,train
2527296327.jpg,4,healthy,9c926ecd5622a79a,train
2527520202.jpg,4,healthy,96c603071e9d9c3f,validation
2527554377.jpg,3,CMD,d06f630d5b873c49,train
2527588542.jpg,3,CMD,b799495a0b87f4e0,test
2527606306.jpg,1,CBSD,90f46c5d2fa81f2c,train
2527840845.jpg,3,CMD,97969585b98583ab,train
2527862887.jpg,3,CMD,a5ec015f68bc3738,test
2528148363.jpg,3,CMD,84803fe654736a5f,train
2528699318.jpg,2,CGM,d1c9689aa9761b8e,train
252899909.jpg,3,CMD,8b831e7165e1d0e7,validation
2529150821.jpg,0,CBB,86c675569e29359a,train
2529358101.jpg,3,CMD,c8b4722e6a2bb94d,train
2529607609.jpg,4,healthy,8fa7465c7a2525ca,train
2529805366.jpg,3,CMD,9a9781267e9ad2c6,train
2530012971.jpg,3,CMD,ccafd0f17a307618,train
2530320825.jpg,0,CBB,d5c762c9919a632d,validation
2530409014.jpg,3,CMD,88b71cb2378d719c,train
2530435874.jpg,3,CMD,aaab62b0215b1fba,train
2530542360.jpg,3,CMD,cfd2354cbb32a948,train
2530575673.jpg,3,CMD,d23a13bc1f8a13f2,train
2530669679.jpg,3,CMD,cea6392c4d03798f,test
2530732959.jpg,3,CMD,808774496b5a5daf,train
2530912584.jpg,3,CMD,9764391ea4f52e15,train
253094406.jpg,3,CMD,c3d92b1657324ee4,validation
2531011684.jpg,3,CMD,c89c5e53b3c0a367,test
2531023045.jpg,4,healthy,d9b25ae43e05353a,validation
2531124051.jpg,3,CMD,c5d1786c23935ba9,train
2531128375.jpg,4,healthy,9cb8e39c80be09fc,validation
2531400697.jpg,4,healthy,c4176de67aa53642,validation
253146039.jpg,0,CBB,c5a01e58bc9cf1f4,train
2531474935.jpg,3,CMD,80be718b71d7825b,validation
2531594937.jpg,2,CGM,f6aa2e41a98de2f0,train
2531944838.jpg,4,healthy,d5b12f8ab22d21f1,validation
253218787.jpg,1,CBSD,beddbec950206916,train
2532355205.jpg,3,CMD,80b3f4092b765fcc,test
2532378110.jpg,3,CMD,c5782e074b953ae9,test
2532502018.jpg,3,CMD,b6fd4d4cc445d494,train
2532608819.jpg,3,CMD,da2c6e16b5b04b78,validation
2532813742.jpg,2,CGM,c2625f574a2a25bd,train
2532945082.jpg,3,CMD,9109733c9d2c67b5,test
253306705.jpg,2,CGM,c2a12bce9ead14f2,validation
253312886.jpg,3,CMD,c0b65f114da5b27a,train
253313711.jpg,3,CMD,d1b121a89d6d0ecf,train
2533412019.jpg,1,CBSD,c4b268d6f9d03f84,train
2533703139.jpg,3,CMD,c4eed4cd89b03acc,train
253418223.jpg,0,CBB,d0e13c96c77242bb,train
2534262771.jpg,2,CGM,f1b1b0e68097cdca,train
2534462886.jpg,3,CMD,f2996db1d017c0f2,train
2534559127.jpg,3,CMD,8a91437a778e6c59,train
2534666222.jpg,1,CBSD,d52572c8436e5967,train
2534822734.jpg,3,CMD,c4dee2e57a713148,train
2534943188.jpg,3,CMD,decd2cd43569829c,train
2535154640.jpg,3,CMD,caf233c9b80f60b9,test
2535169951.jpg,3,CMD,9dc223774b9162cb,test
2535406918.jpg,2,CGM,aad25097609f652f,test
253584137.jpg,3,CMD,c19d1a413c263fdb,train
2535943246.jpg,3,CMD,b2c9d08f5cb14ce9,test
2536030910.jpg,0,CBB,d89873e505eb043f,train
2536424998.jpg,1,CBSD,b6d32b8a19e5c43a,test
2536523120.jpg,2,CGM,9f9d2963252299ba,train
2536601960.jpg,2,CGM,90d161666fb873b1,train
2536863270.jpg,2,CGM,911e063fb6016ded,train
2536929613.jpg,3,CMD,d2564a1e7b0b3c4e,train
2537069783.jpg,3,CMD,8dc36b18345aadad,train
253716779.jpg,3,CMD,d3b94c0aa13533db,train
2537487749.jpg,3,CMD,f748624d644c71f3,train
2537564827.jpg,3,CMD,8a872679c71b27c5,train
2537898508.jpg,1,CBSD,c4833287faf1f530,train
2537957417.jpg,2,CGM,9d74659b8a4e3496,test
2538012199.jpg,0,CBB,98fe73660c6c53d0,test
2538316411.jpg,2,CGM,97911dbf91949991,train
2538746193.jpg,2,CGM,f16e13d448bb7258,test
2538811435.jpg,4,healthy,919670352fe03e75,test
2538957278.jpg,3,CMD,86d25916b3d72cb1,validation
2539042666.jpg,4,healthy,b994f6e4cac660a9,train
2539159693.jpg,4,healthy,dd5b0a91edca81a3,train
2539296828.jpg,2,CGM,d29966fb661680ec,train
2539303970.jpg,3,CMD,95b79fbb9b110901,train
2539540333.jpg,3,CMD,fe686457e6c29123,train
2539791726.jpg,4,healthy,9b865c0fa4d59723,train
2540204490.jpg,2,CGM,cfdc099c02f0eed8,train
2540784633.jpg,3,CMD,c8ed73a973a441c5,train
2540924084.jpg,3,CMD,d8ec16bd4233cdd0,train
2541215311.jpg,2,CGM,f7e821077b2961b2,train
2541245392.jpg,3,CMD,c1ec2fc1bed1831a,train
2541513178.jpg,3,CMD,95c9613c07f15667,train
2541897274.jpg,2,CGM,845a51a1dea73b5c,train
2542075685.jpg,2,CGM,d185119fc4a2f7d4,test
2542096748.jpg,3,CMD,9db878c4279971b4,train
2542175264.jpg,3,CMD,90df58122deb3f28,train
2542417453.jpg,2,CGM,843b239ef1c12ef8,validation
2542629579.jpg,1,CBSD,8cd67689a9a86aba,train
254280460.jpg,3,CMD,c699136f7a70a40f,train
2542872391.jpg,3,CMD,85e837663a5e6532,test
2543065297.jpg,3,CMD,fcb7013af0d5e308,train
2543156984.jpg,3,CMD,f2f232e4fa31d902,train
2543346018.jpg,3,CMD,e2b8434525be5b1b,train
2543437779.jpg,4,healthy,94ec5d13b1c65c99,train
254357332.jpg,3,CMD,d68f3c75716368c0,train
2543606429.jpg,3,CMD,d2b1249b3d1c33e3,validation
2543681056.jpg,3,CMD,c68805f77011ff99,train
2543879211.jpg,2,CGM,85b719d80e7b6417,train
2543934330.jpg,3,CMD,93823bdc3d4e50e3,validation
2544185952.jpg,1,CBSD,9bf0e1e58406d65e,train
2544507899.jpg,3,CMD,c9e0268bb5bcc395,validation
2544512868.jpg,3,CMD,9de82f0de34275a2,train
254452799.jpg,2,CGM,82a3758bb12a3dad,train
2544947286.jpg,3,CMD,80b97f9124cdd31d,test
2545001925.jpg,1,CBSD,c2db2a9503be53ac,train
2545092425.jpg,3,CMD,c48f39d6da9824e6,train
2545481828.jpg,2,CGM,c9e624296b797076,validation
2545498983.jpg,1,CBSD,c6b6e2c98f13256c,train
2545654854.jpg,3,CMD,918e6774704f5a78,train
2545699635.jpg,3,CMD,d7bd4a0140f95c9b,test
2545893399.jpg,2,CGM,c1e27ef1385263ac,test
2546067833.jpg,3,CMD,e0906593af72c9cd,train
2546103694.jpg,3,CMD,de716e9876cc2906,train
2546131574.jpg,3,CMD,e1268d121e5ba9d7,train
2546354749.jpg,4,healthy,b4e199144d914f7d,validation
2546594617.jpg,3,CMD,c64bcb68017e24f7,validation
2546730144.jpg,3,CMD,99b37a3276cc1516,test
2546839136.jpg,3,CMD,c7b31d26e1cc33d0,validation
254709143.jpg,4,healthy,96a479baae0fd450,test
2547206016.jpg,1,CBSD,fcd33de403af1405,train
2547522222.jpg,1,CBSD,c6ab6b94d1c63a68,validation
2547653381.jpg,3,CMD,d2857905447a4bfe,train
254793786.jpg,3,CMD,da94428f3c58e5cb,train
2548136673.jpg,4,healthy,bbbc9c9c101c5e4b,validation
2548210945.jpg,4,healthy,c1b3982c5d2763bc,train
2548262231.jpg,4,healthy,dcdb7cc0cefc6010,validation
2548461545.jpg,1,CBSD,d06b6fb41e930b23,test
2548552862.jpg,4,healthy,8ad92d07343f3267,test
254865851.jpg,3,CMD,80fa0e8df8bfc154,train
2548685396.jpg,3,CMD,95dc33daca0c2f64,train
2548839038.jpg,1,CBSD,919e22aef967461c,train
2548964090.jpg,4,healthy,df9d083f161274f0,train
2549195631.jpg,3,CMD,8e183cdee636c3c1,train
2549275590.jpg,3,CMD,93f2b3b3e1c12525,train
2549375363.jpg,2,CGM,a15dc4f26fdf0045,test
254949924.jpg,3,CMD,95c1793c3e3a4b0b,train
2549684718.jpg,3,CMD,83ac7b2d46499e9c,validation
2549758546.jpg,3,CMD,c5f0006c72ab7d3d,train
2549924548.jpg,3,CMD,95da0c9af10c73b9,validation
2550003581.jpg,3,CMD,d3a677762220da53,test
2550376211.jpg,3,CMD,c6b72f075cb15489,train
2550504430.jpg,3,CMD,abb478563ca34ed0,validation
255058477.jpg,4,healthy,943c630acdd69ce6,train
2550859820.jpg,1,CBSD,c9c120bc87a3756f,train
255110661.jpg,0,CBB,8a7d0e54cd1f16ca,train
2551135473.jpg,3,CMD,dd086411e4daf6d6,test
2551245450.jpg,4,healthy,dae06ee4a5268b3a,validation
2551400467.jpg,4,healthy,95810641369b6dff,train
2551622966.jpg,3,CMD,8778c52bd563382e,test
2551641854.jpg,3,CMD,daafa4a23fe14544,validation
2551779065.jpg,3,CMD,97c960f64c086dbd,train
25519336.jpg,0,CBB,d5303a26cb6a34bd,validation
2552409953.jpg,3,CMD,adc4fa1353ec125a,train
2552436757.jpg,3,CMD,bbf6ab64a425504b,train
2552592093.jpg,0,CBB,81957e292556cbdc,train
255319476.jpg,3,CMD,c19700135f2caf77,test
255325120.jpg,3,CMD,f3b10a990cd63e71,train
2553552705.jpg,4,healthy,d22c381f35c71e96,validation
2553757426.jpg,0,CBB,8be77dcc4f01608d,train
2554046191.jpg,3,CMD,84c529c33cd5baa7,train
2554138947.jpg,3,CMD,aeeb16920f699b28,test
2554206252.jpg,3,CMD,81f74f10326eb6b1,train
2554260896.jpg,3,CMD,8c8b4bdadad6a298,train
2554451331.jpg,3,CMD,84ff3881f98675a1,train
2554798887.jpg,3,CMD,9774422b663a96ab,train
2555433348.jpg,0,CBB,dc9565635243cae6,train
2555529125.jpg,3,CMD,969d3f4c413f8871,test
2555847338.jpg,1,CBSD,d4d32b1c68307e6b,train
2556134164.jpg,3,CMD,92131e5d58ec38fc,train
2556137627.jpg,3,CMD,c0bdcf18559461f3,train
2556155582.jpg,3,CMD,d5cd2b983be51252,train
2556503478.jpg,4,healthy,94672923735d7233,train
2556547165.jpg,3,CMD,db2c7e8f0c0362e3,train
2556565075.jpg,4,healthy,85d63ea7e4d16131,train
2556598810.jpg,3,CMD,917871de97132ab1,validation
2556924880.jpg,1,CBSD,97d827c0b57a138b,validation
2556955265.jpg,4,healthy,dbc34c9f2cf12541,train
255701322.jpg,3,CMD,d3fd1b08a38f9524,test
255719939.jpg,0,CBB,c7fc34e36cc2421e,train
2557274516.jpg,3,CMD,c75e7a9958e17007,test
255732785.jpg,3,CMD,ac7da2669aa3d868,validation
2557400310.jpg,3,CMD,b0ed58fd09d3e00e,train
2557422012.jpg,3,CMD,9c8039ef1de659a4,train
2557430640.jpg,3,CMD,d6fd48d0590ae9ca,validation
255761886.jpg,3,CMD,d58a6ae4c4ca9c7c,train
2557753636.jpg,2,CGM,d2a4a12f3ad8cf32,train
2557871369.jpg,1,CBSD,8a8c7ed069bf34b0,train
2557965026.jpg,1,CBSD,a4892fb09cc3f49e,validation
2558099144.jpg,3,CMD,d5d8deb709c63418,train
255823836.jpg,1,CBSD,9a9378d1f4d83a8c,test
2558359987.jpg,3,CMD,dd792831bc390f0b,validation
2558491910.jpg,4,healthy,c93e4f1c1c1a2be5,train
2558709233.jpg,4,healthy,839073c2b99b1d6b,train
2558813114.jpg,3,CMD,c7d0d84b205d4efa,train
2558884155.jpg,3,CMD,97400dfc1c4f6de4,validation
2559116486.jpg,3,CMD,c7b867fae0d1d0a0,train
2559119042.jpg,4,healthy,c2d05279c57e436b,train
255912083.jpg,3,CMD,b68db7cd840351e3,test
255945376.jpg,3,CMD,f08005457bce9f73,validation
2559464808.jpg,2,CGM,8f72628db6d2898d,train
2559634940.jpg,2,CGM,863927dcc9a5fc60,train
2559666155.jpg,0,CBB,91d207a7ae3caf90,train
2559696276.jpg,0,CBB,c03d691ec4c56af6,train
2559872231.jpg,3,CMD,d2e6258da452a6af,train
2560138372.jpg,1,CBSD,8d6e32e72a2e651c,validation
2560468045.jpg,3,CMD,d29666d31a6d254b,train
2560940001.jpg,3,CMD,cde486454aeb383b,test
2560941741.jpg,3,CMD,b874e1f24f0fa381,train
2560958155.jpg,2,CGM,849673bac46333e5,train
2560984671.jpg,3,CMD,dba74ea54418a33d,validation
2561007653.jpg,1,CBSD,829b33c9444abfe3,validation
2561018646.jpg,3,CMD,d0d20f8ebd33e28c,train
2561181055.jpg,3,CMD,85c45caf70793e34,train
256135204.jpg,3,CMD,c01b3de1df30936a,train
2561461282.jpg,3,CMD,9c5866e31d6a6d4a,train
2562254232.jpg,2,CGM,c9cb14b732833ed4,train
2562280265.jpg,3,CMD,acd106e5c4590def,train
2562362099.jpg,2,CGM,9596db2267137670,test
2562484924.jpg,0,CBB,80f0f0e4dc9e1e5d,train
2562556347.jpg,3,CMD,cec46261e9296bda,test
2563137866.jpg,3,CMD,8c3b7b0c2fc3c58c,train
2563233163.jpg,3,CMD,8ec077d4223998df,train
256352498.jpg,2,CGM,91d628de7d213578,train
2563710464.jpg,3,CMD,c6a0e9e940f3da47,train
2563788715.jpg,3,CMD,c6d367431dd14959,validation
256421932.jpg,3,CMD,df4c227e6b819552,train
2564359652.jpg,3,CMD,cba320c39e6b24e7,train
2564891184.jpg,1,CBSD,c3f374229cd8e10f,train
2565456267.jpg,3,CMD,c0a10c7a7b9d765a,train
256556025.jpg,0,CBB,86fc3e9cb5250927,train
2565638908.jpg,2,CGM,89967a85740b3dd6,train
25658571.jpg,0,CBB,9e597aa16afa4309,test
2566043775.jpg,3,CMD,956c71ba45d298dc,test
2566047522.jpg,3,CMD,b1c91d8a85b47367,train
2566097086.jpg,3,CMD,935817594355c7bc,test
2566236030.jpg,3,CMD,de3e70804db1876d,train
2566578423.jpg,3,CMD,959232e55cec4b8b,train
2566633493.jpg,3,CMD,8cd433d8bc950e6b,test
256687729.jpg,3,CMD,9f8a3709e1694c5b,train
2566980957.jpg,3,CMD,c28f56836fd101eb,train
2567112394.jpg,3,CMD,c9e83861d250f7bc,train
25671501.jpg,3,CMD,95ab0a56a73189e7,validation
2567448095.jpg,1,CBSD,c5cd0ea57847e394,validation
2567573946.jpg,3,CMD,c6f903783aa23f23,train
2567910282.jpg,1,CBSD,91eb7bc3229d3590,validation
256795262.jpg,4,healthy,c493183f3d143aaf,train
2567979142.jpg,1,CBSD,c7b838d17dcf011c,train
2568279561.jpg,3,CMD,b883382b339cc7cd,train
256879152.jpg,4,healthy,c3966433630f3c6d,train
2568890447.jpg,4,healthy,c7f111873a1d5f06,validation
2568949688.jpg,3,CMD,88d13fdd38cc620f,train
2569014064.jpg,1,CBSD,86a8a8e92d8766b7,train
2569050922.jpg,3,CMD,dbec04575f584269,validation
2569083558.jpg,2,CGM,dcb925064368f8f6,train
2569150875.jpg,3,CMD,948e2d7e34e607d2,train
2569151619.jpg,3,CMD,8d063d8db2a66d27,train
2569174121.jpg,3,CMD,8dcd713d189c5e29,validation
2569367644.jpg,3,CMD,86f822d569bd47a2,train
2569445436.jpg,4,healthy,dbf82c0d90ba9ea4,test
2569914912.jpg,3,CMD,c8b55ae449b463b5,train
2570128244.jpg,3,CMD,8eb6329129849fdb,test
257033092.jpg,3,CMD,863966d91d6a255e,test
2570433582.jpg,3,CMD,92bc1ad36c1277e8,train
2570672557.jpg,1,CBSD,c6fa1ac4575a2867,train
2570786789.jpg,1,CBSD,e288ade731a9c5b8,validation
257093847.jpg,2,CGM,998c726a791669d9,train
2570954443.jpg,3,CMD,c7bebde09e810d06,test
2570980846.jpg,3,CMD,9e2337b2397109d9,train
2571058084.jpg,3,CMD,963571861d362ea7,validation
2571102489.jpg,3,CMD,c5e5fa9a1a2889cd,train
2571196275.jpg,3,CMD,d42f3bc1454e5b51,train
2571283746.jpg,3,CMD,d0c43eb043ed70bb,validation
2571585254.jpg,0,CBB,d9261ee924b0b3dc,train
2571654176.jpg,4,healthy,d65d73898793ac0a,train
257165521.jpg,0,CBB,c2ea63426ca4b7f8,train
2571739382.jpg,3,CMD,f3e6e6a006eb06aa,train
2571818236.jpg,3,CMD,90173d39421fd8e7,validation
2571922041.jpg,2,CGM,de0b2b6a6b2eac88,train
2572237753.jpg,1,CBSD,cec070d25eca3ea3,validation
2572379995.jpg,3,CMD,d2a5471eb22d0b6e,test
2572494899.jpg,3,CMD,98f22eb13b786c0e,train
2572836458.jpg,3,CMD,d6d8608e944e3bad,test
2572848189.jpg,2,CGM,95dd4d63e3c164c4,train
2572884374.jpg,3,CMD,b689c1aaa5252eaf,validation
2572982969.jpg,2,CGM,d19c7b643b7045b8,test
2573412810.jpg,1,CBSD,95b63254e0eca94f,train
2573554085.jpg,3,CMD,85b45091edddb16a,train
2573573471.jpg,2,CGM,d0976f9d34580df0,train
2573889485.jpg,3,CMD,c4bd1aa7722639a5,validation
2573993718.jpg,3,CMD,d1991f9992999cf0,train
2574008677.jpg,2,CGM,95e025de5c589397,test
2574290066.jpg,3,CMD,c7c77cf862261d12,train
2574523896.jpg,1,CBSD,9190b4bf2af6624e,test
2574540171.jpg,3,CMD,996c42c0f6a1b5db,validation
2574815310.jpg,3,CMD,d48b2ad95bba2c85,train
2574872277.jpg,3,CMD,b2c625ce3939471d,train
2575015649.jpg,3,CMD,c1d246d73f4162e9,validation
2575222166.jpg,1,CBSD,85296c3c385e8eeb,train
2575313111.jpg,3,CMD,9d5c0b6626e42bd5,train
2575542788.jpg,3,CMD,d44b6b4b701c1ab7,train
2575899944.jpg,2,CGM,8a2d56a59659ac97,test
2576198771.jpg,3,CMD,aeaf3d65c7a4280a,validation
2576339039.jpg,3,CMD,957571d31f41407b,train
2576504437.jpg,3,CMD,c55a28be9e83da0d,train
2576527162.jpg,3,CMD,9d12232c6bef507a,train
2576651916.jpg,3,CMD,c39c719e74c5944b,train
2576738004.jpg,3,CMD,c5e162c10e3ef647,train
2576829060.jpg,3,CMD,8b944bb18d9e4c1f,validation
2576834545.jpg,3,CMD,c2f3f0a161b70cb3,train
257692730.jpg,3,CMD,81183eda30f5af35,validation
2577042809.jpg,3,CMD,c487035d7ce6e3d0,train
2577068353.jpg,3,CMD,80ca34b7ebcb0567,train
2577074887.jpg,3,CMD,85df238f19947929,test
2577359275.jpg,4,healthy,de8fe16c12e4b02d,validation
2577595009.jpg,3,CMD,b47105f84b724aed,train
2577741887.jpg,2,CGM,8bea60245be73c39,train
2577910904.jpg,3,CMD,c8d6396502bb998f,train
2578332462.jpg,4,healthy,d7a2231c4dcc1d97,test
2578384098.jpg,3,CMD,93c94824579b7c7c,train
2578576273.jpg,3,CMD,9aa669874acd1bd4,validation
2578622897.jpg,3,CMD,ccf3701b98612db6,train
2578644350.jpg,4,healthy,d6c036bd683e03f1,validation
2578752042.jpg,3,CMD,c5353f308f4cf6a0,train
2578969213.jpg,3,CMD,c29702fc37bb0c4e,validation
2579509764.jpg,3,CMD,cbf639a48ec398a4,train
2579584589.jpg,2,CGM,d6362df108ed461e,train
2579661446.jpg,3,CMD,93d451ba6fc94685,test
2579865055.jpg,3,CMD,94fc6ba8ab9e4423,test
2580251037.jpg,1,CBSD,99d46164cdc5f239,test
2580494027.jpg,3,CMD,98d06fcf2102fae9,validation
2580526345.jpg,3,CMD,e459648e3e9a7266,train
2580905248.jpg,3,CMD,95ed239ce84a24b7,validation
2581286927.jpg,3,CMD,c59c720fd48e99c6,train
2581730862.jpg,3,CMD,80ceeaa2d8d1e6ad,validation
2582401533.jpg,3,CMD,99c36b1c752d156c,train
2582422304.jpg,0,CBB,bad26f6999029617,test
2582501865.jpg,3,CMD,97e7638f243da015,test
258253519.jpg,3,CMD,8cbe3b918ed485c6,train
2582612348.jpg,1,CBSD,c4fd5536283e4e0d,train
2582937466.jpg,1,CBSD,9f95a838624baba9,train
258351073.jpg,3,CMD,9df1065a236c0edb,validation
2583614987.jpg,3,CMD,d5ae3b0140f46bb5,validation
2583781568.jpg,3,CMD,9a1175bba46876cc,train
2583789810.jpg,2,CGM,8383a3878787cfc5,train
2583894106.jpg,0,CBB,c98d25cdc73075a9,validation
2584374846.jpg,3,CMD,88bf0bbe5542259e,train
2584392391.jpg,3,CMD,83c67c2471ba6e4d,train
2584501637.jpg,3,CMD,8ddb3d56525a5151,train
2585045883.jpg,3,CMD,815c3f9760e55738,validation
2585168553.jpg,3,CMD,dae202d2b6b73253,test
2585611090.jpg,3,CMD,c0d66e59f45d5644,train
2585623036.jpg,3,CMD,dffa639a931a1811,test
2585698828.jpg,3,CMD,d6c0656b7a530ba9,validation
2586069156.jpg,1,CBSD,9cc83eb4778c49f0,test
2586512285.jpg,2,CGM,b7cb35cee5840c62,train
2586811772.jpg,3,CMD,d6e934f982da6a84,train
2587185641.jpg,4,healthy,cc9872f0173f70e2,train
2587404685.jpg,1,CBSD,9156395e0c62e7b5,train
2587436758.jpg,3,CMD,94f80edd0c97f40b,test
2587457959.jpg,3,CMD,869834af790f57c2,train
2587490772.jpg,3,CMD,d0bd6d036713d515,train
2587638393.jpg,2,CGM,d48f39866b5433d1,test
2588147420.jpg,4,healthy,ccfc644d74399293,train
2588186121.jpg,1,CBSD,aa0a64b44ed46fb5,train
2588469356.jpg,4,healthy,94f6ebeb2c949484,train
2588644224.jpg,2,CGM,dbac51dd489629a3,train
2588715738.jpg,3,CMD,c08e365b7df46443,train
2588775979.jpg,3,CMD,c4275f4613d916ba,train
2588915537.jpg,3,CMD,c2e30b0e3b7eb0d1,train
2589213351.jpg,3,CMD,c192f2bce04f1c79,train
2589571181.jpg,3,CMD,e39c1f8770780f25,train
2589663236.jpg,3,CMD,93da07c17caf061d,train
2589664557.jpg,1,CBSD,87ad2fd0b49a51a5,train
2589772817.jpg,3,CMD,96f06e6e4b963059,validation
2590010123.jpg,3,CMD,c0fa78f077070756,train
2590392693.jpg,3,CMD,dc8f9129e362b5d0,validation
2590675849.jpg,3,CMD,b11c4f589e15fce0,train
2590893503.jpg,4,healthy,916c62b5de0965f2,train
2591028452.jpg,0,CBB,cce0200fce7c8dee,train
2591061061.jpg,0,CBB,f9805ef2f940b6a2,train
2591214173.jpg,3,CMD,98a79cbf124c2793,train
2591512488.jpg,1,CBSD,c7ee2d878638017e,train
2591720324.jpg,3,CMD,dc0ef883946706e7,train
2591792455.jpg,3,CMD,99a23b95cab1c29b,train
2591969481.jpg,0,CBB,8e9d1f1c38466373,train
259197447.jpg,0,CBB,dacc6503d29b7334,train
2592058487.jpg,4,healthy,a6da5359a9668d16,test
2592515359.jpg,3,CMD,c15f313eef000bec,train
2592556501.jpg,3,CMD,d5b7682325307d8e,train
2592676258.jpg,2,CGM,c18234bab9ba7b29,train
2592803346.jpg,3,CMD,803b2f84fea8674d,train
2592820175.jpg,3,CMD,d55f4e61238735c2,test
2593129838.jpg,3,CMD,85ad782a2d272bb3,test
2593364251.jpg,3,CMD,d6b82fa4110937dd,train
2593681769.jpg,3,CMD,d67c63702adba1a1,train
2593737127.jpg,3,CMD,c25b75cb9d854b50,train
2593776626.jpg,0,CBB,96ddadc63ed401a8,test
2593895227.jpg,3,CMD,87de2f0454789ab6,train
2593976226.jpg,1,CBSD,c1bd2d7842308ffc,train
2594282701.jpg,2,CGM,9fb02fe9041e59e1,validation
2594433845.jpg,3,CMD,87ef39315b0e9e01,train
2594655853.jpg,3,CMD,94b27b131d89c6ad,train
2595003761.jpg,1,CBSD,96f24d2c258c397d,train
2595067395.jpg,3,CMD,dd1736684af282ae,train
259514647.jpg,3,CMD,e67ae0d0e9f088e5,validation
2595356168.jpg,3,CMD,c50b21f34dfb4662,train
2595712013.jpg,1,CBSD,d1342be4ed491bc3,train
2596091150.jpg,3,CMD,c1f29da29366f170,train
25961020.jpg,3,CMD,83f01bbf30c75c43,train
259632264.jpg,3,CMD,9b3c2c99c33d708d,train
2596536399.jpg,2,CGM,c4a76987365c23b9,train
2596539007.jpg,3,CMD,c54856cf5c91ad66,validation
2596761882.jpg,3,CMD,c2bb2ded61088fe2,train
259681627.jpg,3,CMD,c3097bf3708b1e34,train
2596858727.jpg,0,CBB,9aba63039ea309bd,train
2596954655.jpg,3,CMD,d4b31ecd751925a1,train
2597005911.jpg,2,CGM,8f8f9e98404969af,train
2597280377.jpg,4,healthy,84f66986c353a7a9,train
2597318244.jpg,4,healthy,cfa33db5c4183233,train
2597470760.jpg,3,CMD,dbd93bd4dc482426,train
2597522280.jpg,3,CMD,dea18e9264bfb0c1,train
2597787460.jpg,3,CMD,c1fe1c812bd25cad,train
2598282784.jpg,3,CMD,cb98336453626a7d,train
2598383245.jpg,3,CMD,c1b106b9bceca1ec,train
2598399396.jpg,2,CGM,c2a90efa171de139,validation
2598422574.jpg,1,CBSD,96896b363aab385a,validation
2598549913.jpg,3,CMD,e8adcad37a5a1063,train
2598800564.jpg,2,CGM,d4fe72dc649622a4,train
2598960593.jpg,3,CMD,b2e12730f7362c1e,test
259935954.jpg,3,CMD,dac711552708739f,train
2599515864.jpg,0,CBB,ce9032cf1de69079,train
2599658053.jpg,0,CBB,9be661d3c6232cd4,validation
2599716622.jpg,4,healthy,c2e15e953da8a5b2,train
259995232.jpg,2,CGM,c2730dae9d9353a8,train
2599969213.jpg,4,healthy,a15852ebad45a55b,train
2600336593.jpg,3,CMD,d6c92f8cc1d658e1,train
2600500593.jpg,3,CMD,d7ad58a32d1ec286,train
2600531939.jpg,3,CMD,83e90c117df721bc,train
2600654886.jpg,3,CMD,84bf31e6da710a2e,train
2600950317.jpg,3,CMD,9f01af3d804bb987,train
2601029045.jpg,3,CMD,e7415b444d693778,validation
2601426667.jpg,3,CMD,d5b06be81ad9642d,train
2601453932.jpg,2,CGM,cdc91a9694a52e4f,validation
2601511075.jpg,3,CMD,c8ae29516dfe4d41,validation
2601538502.jpg,2,CGM,d0f335b46aa1c74a,train
2601582697.jpg,3,CMD,9cf384b5daf0690c,train
2601706130.jpg,1,CBSD,89e678a3e619718e,train
2601706592.jpg,3,CMD,86c62709637869bf,train
2601988255.jpg,3,CMD,81c51e31313f7a7a,train
2602035083.jpg,4,healthy,89b649a2459f4cb7,train
260241921.jpg,1,CBSD,c9596e868760a93f,train
2602456265.jpg,3,CMD,928d60d3fc73af08,validation
2602649407.jpg,3,CMD,a30fd92495d2927b,train
2602722844.jpg,2,CGM,c2b398143e792cbb,train
2602727826.jpg,2,CGM,c1166963bb141b3f,train
2603033140.jpg,3,CMD,a5cb6cdc344a35aa,train
2603324706.jpg,4,healthy,a3cc4db3f4c868c3,train
2603692394.jpg,2,CGM,90e033ce6f195cad,train
260372337.jpg,3,CMD,8d8a6accc13dd63c,train
2603843630.jpg,1,CBSD,b4c74eb00f35da4c,train
2603915045.jpg,3,CMD,c4997b7641a1739a,validation
2603919192.jpg,3,CMD,9ee0311b4d462fae,validation
2603943138.jpg,3,CMD,91e07e1c10c5bf3e,test
2604034775.jpg,4,healthy,c5c86ca7de3c9618,test
2604713994.jpg,1,CBSD,839638d2cc3cf393,train
2604759921.jpg,1,CBSD,92bf6d6597331608,train
2604770310.jpg,4,healthy,d6f930f48225f24b,train
2604866493.jpg,2,CGM,9ada7c82df8c6291,train
2604878350.jpg,4,healthy,966276906c4eadd3,train
2605464541.jpg,1,CBSD,84784a464ac9dbfb,train
2605637730.jpg,3,CMD,954f66117e3d01ea,train
2605638438.jpg,3,CMD,d85a604741f73f49,train
2605912286.jpg,4,healthy,9ad6b79848315c7a,train
2605967129.jpg,3,CMD,d19e31c51ab1c35e,train
2606026216.jpg,3,CMD,daef12c0076755b1,train
2606136202.jpg,3,CMD,cba62453c63d678c,train
2606217713.jpg,2,CGM,c5fe09cff0141f81,train
2606245398.jpg,3,CMD,88d43f5878bac3a9,train
2606312417.jpg,3,CMD,dcda347116cba9a4,train
2606569889.jpg,3,CMD,a51660bee558f718,train
2606643559.jpg,3,CMD,912ef9cb2e91690b,validation
2606703417.jpg,3,CMD,efe3327a1a1c42a6,train
2606913774.jpg,0,CBB,c1062d70618f9ebf,train
2607049365.jpg,3,CMD,c2a531d72ea30aee,validation
2607295923.jpg,3,CMD,cb2649c860c8eaff,train
2607316834.jpg,3,CMD,dade04e87f91601b,train
2607452195.jpg,3,CMD,91832df3f70c91e4,train
2607724475.jpg,3,CMD,e3820bc96f1eb0a7,validation
2607761744.jpg,4,healthy,85811c3e6c997b76,train
2608196195.jpg,3,CMD,dca238c87e91c0fb,test
2608202173.jpg,3,CMD,970745b65be924e1,train
2608276561.jpg,3,CMD,d5c42f9193a0aeb3,test
2608690004.jpg,1,CBSD,d0c02fdf732938a5,test
2608727158.jpg,3,CMD,83d66ae1d0541f76,train
2609118194.jpg,3,CMD,c94f532c137233b5,train
2609143290.jpg,2,CGM,c1ea561ead737290,train
2609452359.jpg,3,CMD,d77a6d5051527368,train
2609479763.jpg,1,CBSD,93bc36f0a095d4f2,train
2609756462.jpg,4,healthy,d33d531c673e4a03,train
2609946229.jpg,3,CMD,c1e110c1ec39bedd,train
2610204498.jpg,3,CMD,c6986fcc1f300cbb,train
26102442.jpg,3,CMD,ce48750378ff0fc0,validation
2610411314.jpg,3,CMD,b18261c343edd774,train
2611064559.jpg,3,CMD,d3c864372fa551b2,train
261130695.jpg,3,CMD,c2c42f08fb66057f,train
2611538307.jpg,3,CMD,969929676c650f93,train
261186049.jpg,3,CMD,81c71f2fd3cd203a,train
2612067247.jpg,3,CMD,b0924ba8aacf39c7,train
2612403122.jpg,3,CMD,db78f4b8c7518258,test
2612434073.jpg,3,CMD,d9412212b2eeefa5,test
2612731695.jpg,3,CMD,94cc38afcf5b4690,train
2612857188.jpg,0,CBB,97ea6d84c3bfc011,train
2612899548.jpg,3,CMD,c1f32746d427615b,train
2613035787.jpg,3,CMD,d38e6c681ed3b80d,validation
2613045307.jpg,2,CGM,af931d23c0a5ab74,train
2613849666.jpg,3,CMD,95d662188b7cf835,train
261391289.jpg,2,CGM,898e774243dd98ad,train
261407694.jpg,3,CMD,90ca4db627d1732e,train
2614224221.jpg,3,CMD,fafffa514c800329,train
2614256143.jpg,1,CBSD,9f2e68300eb13fd4,test
2614282441.jpg,3,CMD,b1ec3a96798d4895,train
2614438244.jpg,1,CBSD,d1b8788791e4b9e2,train
2615150558.jpg,3,CMD,c1ae16d8f2cbd0b1,train
2615227158.jpg,4,healthy,94603fc33a42f8af,train
2615483301.jpg,3,CMD,c3e54ef7248ab21a,train
2615629258.jpg,3,CMD,82b665a17c9a6d3a,train
2616119185.jpg,3,CMD,92ee6a8c613c3d93,train
2616267546.jpg,3,CMD,9cd5f6dc3186e414,train
2616538732.jpg,1,CBSD,d6a73f3dc243020f,train
2616752972.jpg,3,CMD,a1cf33d36eb11d80,validation
2616771269.jpg,4,healthy,c5bcf34e58434cc9,test
2616999145.jpg,3,CMD,c09f6f6116d089ed,train
2617026948.jpg,3,CMD,8efe13170fcf3021,train
2617211623.jpg,4,healthy,ccd962f124874b9e,train
2617328550.jpg,1,CBSD,d8583d9bd011cb37,validation
2617343706.jpg,3,CMD,d5d129987f1365a8,validation
261751539.jpg,3,CMD,d4e984395ca55ba5,validation
261768285.jpg,0,CBB,d1e46e8bfc912338,train
2617765379.jpg,0,CBB,9c8624f097e9c1fc,train
2617871332.jpg,3,CMD,d7b4629f0c0b4fa1,train
261790326.jpg,4,healthy,ccac2e6bd338067a,train
2617937740.jpg,3,CMD,98c66f302ff45827,train
2617970250.jpg,3,CMD,8cd74b3ce461a3d4,train
2618036565.jpg,3,CMD,eb3729264d327d09,train
2618046687.jpg,3,CMD,c68539b70f07c6d2,train
2618280590.jpg,4,healthy,dba056b885ce7871,train
2618313082.jpg,1,CBSD,8bc74d6dccb81271,train
2618441199.jpg,4,healthy,cec31e1813d6a736,validation
2618467326.jpg,2,CGM,d4c4af890f2a2af6,train
2618549388.jpg,2,CGM,ef8131464ef01f47,validation
2618580722.jpg,3,CMD,d0ed33d0689e49d6,train
2618673566.jpg,3,CMD,c4192f52cba6535d,test
2618706060.jpg,3,CMD,877c69e1c48b70b3,train
261894998.jpg,3,CMD,964a3a6d19b742b6,train
2619668499.jpg,4,healthy,8ce05eeb75307899,train
2619839931.jpg,4,healthy,d34b731cc54708e7,test
2620141958.jpg,3,CMD,c6cc676a4e656253,train
2620149411.jpg,1,CBSD,d2697586a1da74a9,train
2620251115.jpg,3,CMD,dbe02728945c8ff2,train
2620708986.jpg,3,CMD,c59c7548b42bd8b5,train
2620830475.jpg,1,CBSD,c09f65e7e6a18ca4,train
2621080584.jpg,4,healthy,cf3209b4134db63b,train
2621100310.jpg,3,CMD,d8c727b0fc00c3cf,train
2621308755.jpg,3,CMD,c9ed69cb621a1a74,train
2621446667.jpg,4,healthy,8d385c073063ffe1,train
2621947862.jpg,1,CBSD,947869e1b6ac5993,train
2621976990.jpg,3,CMD,c5663ab30d8a5ba3,validation
2622093497.jpg,3,CMD,858379cc07c75bac,train
2622342823.jpg,2,CGM,90912b38236ff177,train
2622431262.jpg,3,CMD,dcab2cd85180bd1f,validation
2622575097.jpg,3,CMD,87f00e23a7ee318d,train
2623148776.jpg,1,CBSD,c1ca3c97495e139e,test
2623245968.jpg,4,healthy,84f3b9ccbba14748,validation
2623306990.jpg,3,CMD,f19f21f00aa55747,train
2623698419.jpg,3,CMD,cd720eb9661d3938,train
2623778604.jpg,3,CMD,e99a9d3823552b4d,validation
2623830395.jpg,3,CMD,a0bda4fa2752750d,test
2623834949.jpg,2,CGM,a4aa215d9b969b33,train
2623882329.jpg,3,CMD,8ff01cd3f4b044c7,train
2624736649.jpg,3,CMD,81cb2dad2b295e6c,train
2624991206.jpg,1,CBSD,91f93d6d6c2d1544,test
2625055972.jpg,3,CMD,d0b20f0f0e737a72,test
26253906.jpg,2,CGM,8cb9369cc6da1ac6,train
262606974.jpg,1,CBSD,9cd96b0254aa0ffc,train
2626104728.jpg,3,CMD,c381346c393e7aad,train
2626502975.jpg,3,CMD,853d651714f13b72,train
2626785894.jpg,0,CBB,cc5421d3cfce3ea0,train
2627091527.jpg,3,CMD,8b97367e782d04b4,train
2627264011.jpg,3,CMD,d0ff27586c863352,train
2627328998.jpg,3,CMD,941d635976eda813,train
2627358594.jpg,3,CMD,887c6386cf0bd3c5,train
262744528.jpg,3,CMD,909339ede0a89f3a,train
2627477973.jpg,3,CMD,82f17ed1566ac266,train
2627491487.jpg,1,CBSD,8687d79383c5d153,train
2627504664.jpg,1,CBSD,d2b923566bb54c07,train
262767997.jpg,3,CMD,8e4c3686b87b4e9c,train
2627681219.jpg,1,CBSD,93cc76c343605767,train
2628143794.jpg,1,CBSD,d6ae3d5a448f0996,train
2628555515.jpg,3,CMD,929543320febe4d9,validation
262902341.jpg,1,CBSD,d16638b9279be603,test
2629155801.jpg,2,CGM,d3c8692d0d62ce5d,train
2629234674.jpg,2,CGM,82de53b64e326d1a,validation
2629437828.jpg,3,CMD,b6b80f86a5e1e931,train
2629547729.jpg,3,CMD,ce0a503ded73a172,train
2629586169.jpg,3,CMD,96e873f9e48ba043,train
2629773376.jpg,1,CBSD,93e8db3314c5857a,train
2630621965.jpg,3,CMD,f4d4d25306986eae,validation
263155450.jpg,3,CMD,c76061963ca7667a,test
2631607520.jpg,0,CBB,80a4668ed5fba89b,test
2631650746.jpg,3,CMD,d6997a36395854c9,train
2631757503.jpg,3,CMD,87f9304b971ca8cb,train
2631828957.jpg,3,CMD,9976638146b8535f,train
2632382068.jpg,1,CBSD,d01f262d6f065e4b,test
2632442628.jpg,3,CMD,e8e061ab02f7f1e8,train
2632579053.jpg,4,healthy,97d8f99cc8c2e541,train
2633056892.jpg,4,healthy,96c861969db3c78c,train
2633432586.jpg,3,CMD,87fa74654f0f480e,train
2633910453.jpg,3,CMD,d8a4375e25f1344d,train
2633999116.jpg,3,CMD,c8c871383cb4aafb,train
2634104651.jpg,4,healthy,b457181666be2fb0,train
263461197.jpg,3,CMD,993643a7c74d6d24,train
2634977381.jpg,3,CMD,97b552dd510a8d9a,train
263499266.jpg,3,CMD,9d63159265a85f27,validation
2635255297.jpg,1,CBSD,a9d755ad54c89195,test
2635402791.jpg,3,CMD,888934c7e72675d3,train
263555340.jpg,3,CMD,9477d0ce621fe02e,train
2635668715.jpg,3,CMD,d9e441b4273acec3,test
2635687747.jpg,3,CMD,a7590e775655a924,train
2635765924.jpg,3,CMD,82b5641b974fe1f0,train
2636092978.jpg,3,CMD,a387628c42de95f9,train
2636455936.jpg,3,CMD,dba54b842fcf9031,train
2636545595.jpg,2,CGM,93a0472ce8f6f5b0,train
263656708.jpg,3,CMD,8591673dc08b674f,train
2636602591.jpg,3,CMD,eae640787d4c8cd5,train
2636836103.jpg,3,CMD,d60e698d948dd669,train
263687103.jpg,3,CMD,8dd653ee4c9b3284,test
263737164.jpg,1,CBSD,d995687c287d6166,train
2637371791.jpg,3,CMD,ccbac44c313fe09b,test
2638158691.jpg,3,CMD,915f6dc924695695,test
2638836659.jpg,1,CBSD,998a8695f0f47476,train
2639026926.jpg,2,CGM,97c034460e6f4df6,train
263932822.jpg,3,CMD,ca9dd518da0bf80b,train
2639442548.jpg,2,CGM,883049ce61673f6f,train
2639460445.jpg,2,CGM,d5853c5376201f73,test
2639598542.jpg,3,CMD,b980b7b2c9d9c358,test
2639663293.jpg,3,CMD,97c361d3da31503d,train
2640224764.jpg,3,CMD,93f47621343e3cf0,train
2640230641.jpg,3,CMD,86651bd85e326eb1,validation
2640239935.jpg,3,CMD,91367ac01edb2733,test
2640638520.jpg,4,healthy,96c5c845c7ae266e,test
2640895898.jpg,1,CBSD,9d849da3a3d9624b,train
2640903011.jpg,3,CMD,81b63d89c4d36b93,train
2641322486.jpg,3,CMD,e13752521c9bf8c3,train
2641912037.jpg,0,CBB,914f5b527be824a5,train
264213180.jpg,3,CMD,87a611c86d2dd667,train
2642193940.jpg,3,CMD,c1bc119f0df17c07,train
2642216511.jpg,1,CBSD,ccb132cec9308edb,train
2642218624.jpg,0,CBB,87dc832443bdc13f,train
2642232374.jpg,3,CMD,8e49323b497c1ff0,train
2642327131.jpg,3,CMD,878fd3c8040e7af9,train
2642374600.jpg,1,CBSD,e59ddc9249d9321c,validation
2642446422.jpg,4,healthy,f88f155e7930e981,train
2642869227.jpg,0,CBB,b1861795d751f0e8,train
2642931823.jpg,3,CMD,8c6c2b7383da3339,train
2642951848.jpg,3,CMD,d0fd24064675793b,train
2642987699.jpg,3,CMD,c6944f21af622cfc,validation
2643209244.jpg,4,healthy,d7c82fb61a174c0b,validation
2643210568.jpg,3,CMD,d6f92542703eae85,train
2643505151.jpg,1,CBSD,97f6509821368dd7,train
2643606706.jpg,3,CMD,c5b644fbf6482b03,validation
2643647832.jpg,1,CBSD,915c2cbc4e4ee70b,validation
2644006691.jpg,3,CMD,c71a31166e9476ad,train
2644010748.jpg,3,CMD,adc10ffbc4631a83,train
2644492010.jpg,2,CGM,82f7695a1c9b3427,train
2644582117.jpg,3,CMD,894d36bc5371593a,train
2644649435.jpg,3,CMD,93ae6bd336cc4868,train
2644868790.jpg,3,CMD,b4d8638395ba3a5c,train
2645376544.jpg,2,CGM,81e0c1839ffb8b8e,train
2645405377.jpg,3,CMD,c6d955c29d99af08,train
2645604766.jpg,4,healthy,b6d818e7cba74612,train
2645676271.jpg,3,CMD,a78e6ab4554a455d,validation
2645759543.jpg,3,CMD,821a4da5c3377d4d,train
2646034653.jpg,4,healthy,c78f01ce64944bb7,test
2646122110.jpg,3,CMD,93c47b1f04dbb621,train
2646206273.jpg,3,CMD,82c71dbe7921b19a,validation
2646451765.jpg,3,CMD,d1642cd939075dd3,train
2646565423.jpg,3,CMD,88f56cf12ad521da,train
2646704086.jpg,3,CMD,9be479646959438e,train
2646769080.jpg,1,CBSD,865a6f6e34a33543,train
2646803591.jpg,3,CMD,cea321e677143c1b,train
2647003045.jpg,3,CMD,8fdc0df903f081f8,train
2647070246.jpg,2,CGM,c3e469ea86cbc9b0,train
2647145433.jpg,3,CMD,da11c2fb06f29c33,train
2647150813.jpg,3,CMD,8ecd7a1cd373884c,validation
2647322567.jpg,0,CBB,81e56a9225fdf0e4,train
2647337220.jpg,3,CMD,c997411f36190d7d,test
2647522800.jpg,3,CMD,f56a618182fa79e8,train
2647544506.jpg,3,CMD,d94a2ae905bcf0e3,train
2647563091.jpg,2,CGM,82a4676cd1de19e3,test
2647587429.jpg,3,CMD,8a4d3f79e0d74b04,test
2647765436.jpg,3,CMD,a7a7afda42825e28,test
264791507.jpg,2,CGM,9fad4aaa6c3281b6,train
2647952754.jpg,3,CMD,e2c99f20ef4813c7,train
2648357013.jpg,2,CGM,da6d29c8e3a11c3b,validation
2648634606.jpg,3,CMD,8fac23f683875e21,validation
2648775030.jpg,3,CMD,90e31e9f06ba1d39,train
2648790946.jpg,4,healthy,8d230c0d6f19cf4f,train
2648984163.jpg,1,CBSD,9fd229f1285b9692,train
2648991795.jpg,3,CMD,8b9de514616f21d9,train
2649484487.jpg,3,CMD,cc797465865c6599,validation
2649504439.jpg,3,CMD,c9d7765c0b07c487,train
2649681680.jpg,3,CMD,87a342fc613b819f,train
2650131569.jpg,1,CBSD,93ee7009d8f8e316,train
265078969.jpg,3,CMD,f9bd01c0d0ee6b83,validation
2650949618.jpg,3,CMD,81fe33e16bb20c4e,train
2651038691.jpg,4,healthy,d0e56fd8c8072f07,train
2651363651.jpg,3,CMD,96b7784890ec277a,train
2651771212.jpg,3,CMD,99e0383ae6f1329b,test
265181391.jpg,3,CMD,d4d3d0d2b2b234b6,train
2651900879.jpg,3,CMD,80e44ef865f68e3a,train
2652140476.jpg,0,CBB,ce8c792324a537f8,train
2652514070.jpg,3,CMD,90ef10871d42ff59,train
2652646757.jpg,4,healthy,c59272a153b14fec,test
2652907097.jpg,3,CMD,cf423e857943b26c,train
2652914186.jpg,3,CMD,81c9752c36f89d71,train
2653092878.jpg,1,CBSD,81e639a75e4a07da,validation
2653161665.jpg,3,CMD,82f56c83b5de2a51,validation
2653303226.jpg,3,CMD,d2ca38915eed04ee,train
2653588387.jpg,0,CBB,888e922c9ba9d6dd,train
2653650348.jpg,3,CMD,86db4e335373a072,train
2653660748.jpg,3,CMD,8c0f3d4c537c09cf,validation
2653683211.jpg,3,CMD,94a63bd662ad5668,test
2653828415.jpg,0,CBB,c4f948d4192af39b,validation
2653833670.jpg,2,CGM,94f166905ba5dd43,train
2654037367.jpg,4,healthy,9d9d68c8686e6e89,train
2654097903.jpg,0,CBB,99e419b2ac996ab5,validation
2654121238.jpg,3,CMD,89ae56aeb5e04396,validation
2654269519.jpg,4,healthy,e8b38f84cb8992f4,train
2654335355.jpg,1,CBSD,83d959bef449c851,test
2654538230.jpg,3,CMD,9f4f2f5044d33c89,test
2654948784.jpg,3,CMD,c03d87d962695f58,train
2655340809.jpg,0,CBB,863923dcf28547e9,train
2655421163.jpg,3,CMD,c68934f48ea7f107,train
2655457470.jpg,3,CMD,cca4ece171c9339a,train
265552623.jpg,4,healthy,9fc3239a426377a4,validation
2655556290.jpg,4,healthy,b7ca4e2cda9c2c64,train
2655654600.jpg,3,CMD,989b6f3d7215b604,train
2655690235.jpg,4,healthy,adda1d8c983b30e3,test
2656071193.jpg,3,CMD,d6a62bc950bcb44b,test
2656330377.jpg,0,CBB,a9da127e2c0ddd25,validation
2656351084.jpg,3,CMD,d69936e962e86165,train
2656378111.jpg,3,CMD,89ff74a16513d292,train
2656781269.jpg,3,CMD,d21229b437c8dae7,train
2656964450.jpg,3,CMD,99e67194dbc86247,validation
265704323.jpg,2,CGM,f83662aa492b5eb2,test
2657104946.jpg,2,CGM,99b6680167a347e7,test
2657169592.jpg,1,CBSD,97282fe7c48a153d,test
2657200439.jpg,3,CMD,ba092ccb2979d167,train
2657641682.jpg,3,CMD,d0c83ef221f8f2e1,validation
2657664587.jpg,3,CMD,cde26e899d4b6486,train
2657750233.jpg,3,CMD,8ca61f9c13d3919b,train
2657757602.jpg,2,CGM,dd822cf0527f30e3,train
2657864406.jpg,3,CMD,926c674589bff218,test
2658253908.jpg,3,CMD,84f732c16a5fb740,test
2658482776.jpg,4,healthy,df3c190b1f999053,train
2658658551.jpg,3,CMD,88ed528f46e1af70,train
2658700009.jpg,3,CMD,d8e942fc4b074aab,train
2658720625.jpg,3,CMD,868576217c72aece,train
2658779358.jpg,4,healthy,95f262cc3d3c381e,train
2659141611.jpg,3,CMD,85a109a9bfb3c857,validation
26592350.jpg,1,CBSD,96853dfb62a8434b,validation
2659265993.jpg,3,CMD,924daf45358bc5ca,test
2659552008.jpg,4,healthy,d7f0524b98493ce5,validation
2659874728.jpg,2,CGM,d3f92e0e0e6d7904,train
2659998553.jpg,3,CMD,86f9277309998679,train
2660643626.jpg,3,CMD,81fc76821cc7ed0b,train
266070647.jpg,3,CMD,c18a69ca9c3c1daf,train
2660718512.jpg,1,CBSD,d1ad0fe138134fc9,train
2661420264.jpg,3,CMD,ce183938cddb3643,test
2661455807.jpg,3,CMD,eb9535e84a32d3d0,train
266192963.jpg,3,CMD,84f36f89140e7dd4,train
2662418280.jpg,1,CBSD,98eff2cc86929784,train
2662609508.jpg,3,CMD,d9986eb25e68dd40,train
266293196.jpg,3,CMD,99d63b7402fd00b7,train
26630247.jpg,3,CMD,99e5b9e836876e08,train
2663345474.jpg,3,CMD,92e259cd5b2a7625,train
2663554074.jpg,3,CMD,c0977cc16ecd233a,train
2663655952.jpg,3,CMD,c36c3187f8893bcc,train
2663666657.jpg,3,CMD,cbad171c39745439,test
2663709463.jpg,3,CMD,95eb47f96093170c,validation
2663749229.jpg,3,CMD,95b8660584b9e7ea,train
2664081544.jpg,3,CMD,8cfc41eec6253f81,train
2664471376.jpg,3,CMD,d1b417802e566daf,validation
2664968316.jpg,4,healthy,d093a190b2cd6ff8,train
266508251.jpg,3,CMD,81305e3fcd38ccd3,train
2665303813.jpg,2,CGM,ded2450bf4c13ca5,train
2665396670.jpg,3,CMD,c3422f816b37f83c,test
2665470851.jpg,1,CBSD,d1ce2ef05b0928b7,train
266548434.jpg,1,CBSD,80a52ae7afc3c3e2,train
2665505446.jpg,3,CMD,d4aa37a07192bd9c,train
2665787416.jpg,0,CBB,d7d034634c6aa5d9,validation
2666077956.jpg,3,CMD,c0963d3e3ebf0544,train
2666113012.jpg,3,CMD,f4954b2b4d26cd8a,train
2666280615.jpg,3,CMD,d5c95e0c1b3b8636,train
266634064.jpg,3,CMD,959c6ece0378c52b,test
2666373738.jpg,3,CMD,dae4580b0d3b366d,test
2666462236.jpg,1,CBSD,d929249ea66331dd,train
2667091366.jpg,3,CMD,96e83f3dc90122fa,train
2667674667.jpg,3,CMD,d46d3a9d62a8b15a,train
2667979322.jpg,3,CMD,cdb25ca6d94292ec,train
2668114223.jpg,2,CGM,c5d6ccd4d0c61b33,validation
2668129635.jpg,3,CMD,809f35b27edc154a,train
2668130631.jpg,3,CMD,9bdb49c5a4610f78,train
2668242529.jpg,0,CBB,80de7a91413dbf70,train
2668524110.jpg,1,CBSD,80b05f816293f7de,train
2669158036.jpg,1,CBSD,813e7ac456c32dbc,train
2669311524.jpg,2,CGM,b9c6434c6fa124be,train
2669409913.jpg,3,CMD,c9da26ed503f344a,train
2669476426.jpg,3,CMD,d0ee7ecba59642c0,train
2670707464.jpg,1,CBSD,84f0336da4b64b9d,test
2670711790.jpg,4,healthy,d9dc2d21a0d3e38e,test
2670866885.jpg,4,healthy,c2b770c7526a6c4d,train
2670985369.jpg,3,CMD,96ca393a66e819b3,train
2671295882.jpg,2,CGM,91d072f869ac66b9,train
2671639707.jpg,3,CMD,d4cb3b36424d39e4,train
2671737105.jpg,4,healthy,96e56a58a47a19e5,train
2671853400.jpg,3,CMD,d2eb76e0d2cc950c,train
2672088951.jpg,3,CMD,d7fe3398032334e2,train
2672090644.jpg,4,healthy,cdc4347dd08ebd90,train
267223075.jpg,3,CMD,e1974872ec0f43bc,validation
2672327544.jpg,3,CMD,9ec1086607fb1cdd,train
2672394448.jpg,4,healthy,d46c989d70915be9,train
2672675899.jpg,3,CMD,83dc7a279699918d,validation
2672830636.jpg,4,healthy,f91308c3ef5fac40,train
2673087220.jpg,1,CBSD,b1a8da84af0eb52e,train
2673180218.jpg,3,CMD,949671dc23665cda,test
2673270536.jpg,3,CMD,80a0a1f8ecf7b61e,test
2673271037.jpg,1,CBSD,c5805d07171979fb,train
2673511442.jpg,3,CMD,86ba3159f5b78704,test
2673586424.jpg,1,CBSD,d1723b905bcbe492,train
2673614730.jpg,3,CMD,85e1670e6cb1c7c6,test
2673819394.jpg,3,CMD,c69418ea3d0f165f,train
2673946061.jpg,3,CMD,8aeb260539d77694,train
2674172422.jpg,2,CGM,f9067d2b54b219a3,train
2674468156.jpg,3,CMD,c28b56b9237d168d,test
2674690912.jpg,3,CMD,c8c33bdbc7723025,train
2674932619.jpg,3,CMD,9a88be22bcb4357c,train
2675072125.jpg,3,CMD,d9beb2ecbc0f08a0,train
2675081726.jpg,3,CMD,d43505b87c14eb8f,train
2675535837.jpg,3,CMD,842934977b3d5a56,train
2675944599.jpg,1,CBSD,94abe792cd74c207,train
2676091424.jpg,3,CMD,dfb1264c7b486147,train
2676338923.jpg,3,CMD,81277a972b1a74f2,train
2676739947.jpg,3,CMD,d0e31c8623997be6,validation
2676740076.jpg,3,CMD,c17be53c95711e0a,validation
2676885505.jpg,3,CMD,8ac16b901ef4d3b6,train
2677264345.jpg,3,CMD,84e8b2e2e9f364d8,train
2677475578.jpg,4,healthy,b280f4da9505ed9e,train
2677500017.jpg,3,CMD,8982277cf4a9a3ce,train
267769333.jpg,3,CMD,82280d7feec8ded0,train
2677719734.jpg,3,CMD,9ca915670f5a1b39,train
2678192869.jpg,2,CGM,d7b0649a71b26175,test
2678664625.jpg,1,CBSD,c639269df2830ef8,validation
2678713087.jpg,3,CMD,da8539692d19e746,train
2678764657.jpg,0,CBB,9fb34b7b4854f012,train
2678970011.jpg,3,CMD,d4bf6213b4ac1d29,test
267904568.jpg,4,healthy,d4d5045752c5aabb,train
2679083763.jpg,3,CMD,ca9313e525f831a7,train
2679180771.jpg,3,CMD,d9b5d242cd44ecd4,train
2679360984.jpg,3,CMD,cfe93499c561b0d1,train
2679366834.jpg,3,CMD,84868ee9bd6b28d5,train
2679696862.jpg,3,CMD,d287331ee61965c6,train
2679988285.jpg,4,healthy,90aa6b5a58c94f9d,test
2680198267.jpg,0,CBB,9495a536766a7954,train
2680320967.jpg,4,healthy,ab2d55053691fd98,train
26805266.jpg,3,CMD,86cc49cbad946aae,train
2680534189.jpg,3,CMD,9ec21cf301ae711f,train
2680668340.jpg,3,CMD,82e376195ce6b0ba,test
2680851523.jpg,3,CMD,8535cdcce38f6868,test
2681075727.jpg,3,CMD,d588fffc0821c1cd,train
2681077258.jpg,3,CMD,c88e61341fef113e,train
2681215408.jpg,1,CBSD,d29d66b92b787106,train
2681268297.jpg,3,CMD,8b98703a2a2d3de7,train
2681562878.jpg,4,healthy,f0d26160f77259c3,train
2681592697.jpg,3,CMD,9c9e9f8f8d903138,validation
2682408847.jpg,1,CBSD,848e3d36a6d927d8,test
2682444173.jpg,2,CGM,83be73cc2b9866c2,train
2682555583.jpg,3,CMD,d699058368a3fb27,train
2682587481.jpg,4,healthy,c1272ee344dbc267,train
2682627088.jpg,3,CMD,85d9738b3107ade4,train
2682687426.jpg,3,CMD,9fbb70166529e270,train
2682988710.jpg,2,CGM,cdcd3c66f1f00b30,test
2683256831.jpg,3,CMD,c0b85eef06c1adb2,train
2683464620.jpg,2,CGM,9e247e7f2502275c,train
268370627.jpg,3,CMD,834926f713c9c5c7,train
268372107.jpg,2,CGM,8fe07379009f9c93,validation
2683970067.jpg,0,CBB,93e4591c6c9bd8a5,train
2684339934.jpg,4,healthy,947c3f4268ca6b2d,validation
2684352665.jpg,1,CBSD,eee1292c3f303b15,validation
2684430050.jpg,2,CGM,c0cd2db3628762eb,train
2684560144.jpg,3,CMD,fe8ca9d16658c0cb,validation
2684757873.jpg,2,CGM,940f6a7c697263d2,test
2685065176.jpg,3,CMD,8c9460ed5c7a4f36,train
2685117981.jpg,3,CMD,841b32ccd9c93df4,test
2685143751.jpg,3,CMD,c49217e0ad577b68,train
2685227014.jpg,3,CMD,92f0257162ed7867,validation
2685234505.jpg,3,CMD,d9c05debea501764,train
2685278721.jpg,3,CMD,96b12c534e3fe864,train
2685552473.jpg,3,CMD,9e096ff30925d694,train
2686030439.jpg,3,CMD,93c16d5d93c16666,train
2686776292.jpg,3,CMD,9ee7240b0e13374f,train
2687210823.jpg,4,healthy,9292359538b9fe1c,train
2687625618.jpg,3,CMD,85ef18643fa89563,validation
2687703797.jpg,3,CMD,81ce47e96b7648cc,train
2687752863.jpg,3,CMD,d5a070fc24bbdc31,train
2688061953.jpg,3,CMD,95423bc4669bb157,train
2688191754.jpg,3,CMD,c88d37737920f06b,train
2688778202.jpg,4,healthy,c09466f05fa22f6e,train
2688880174.jpg,3,CMD,81ae6cc21cbbab4d,train
2689481411.jpg,2,CGM,9dc22015365f2fe9,train
2689546990.jpg,2,CGM,8c9c123e7b4179f1,test
2689567922.jpg,3,CMD,d6b6461c567d2781,train
2689732222.jpg,3,CMD,8a9d09e52639a5d7,train
2689743812.jpg,3,CMD,d8b432388f366d93,train
2689770530.jpg,3,CMD,d1ee29e1a4ca37a4,test
2689857476.jpg,3,CMD,90af29184fe3713e,test
2689977524.jpg,3,CMD,c09678d0df71984f,validation
2690017878.jpg,3,CMD,86b13bccb3780ecc,train
2690070088.jpg,1,CBSD,f51b39c648e59c43,train
2690070450.jpg,3,CMD,aa603ac514a99faf,train
2690224472.jpg,4,healthy,d1be60b46df813c1,test
2690225028.jpg,3,CMD,ddd9cccdacb81c02,validation
2690440092.jpg,3,CMD,85e10e9827f4bfb0,train
2690493912.jpg,1,CBSD,8b907c3592ee718d,train
2690529206.jpg,3,CMD,f897a8c20fc85da5,train
2690891696.jpg,3,CMD,9de6440bcb0d72dc,validation
269106077.jpg,3,CMD,cd9c3b84757e2807,train
2691519879.jpg,3,CMD,c3b00c5feca65b2c,train
2691672185.jpg,3,CMD,cbebafe0a0f1c0e0,test
2692229898.jpg,2,CGM,8193702d63cf3cf8,train
2692319102.jpg,2,CGM,cad40e63332fa5c9,train
2692453687.jpg,3,CMD,9c6f0fb368021b79,test
2692570142.jpg,3,CMD,94c5f8683ddb5912,train
2693189055.jpg,3,CMD,959a6895c3e76b48,train
2693766321.jpg,0,CBB,ada1bb88487d2c3d,test
2694111993.jpg,3,CMD,8d1a443e9ce28fe3,train
2694162898.jpg,1,CBSD,97c6786443a3665d,train
26942115.jpg,3,CMD,c144e01e3e1ff7c2,validation
2694336156.jpg,1,CBSD,d5e222afc4769499,train
2694533949.jpg,3,CMD,c0c368d73b2d56aa,train
2694534101.jpg,2,CGM,d5ac312d26863fe1,train
2694971765.jpg,3,CMD,87876688b0cd4f6b,train
269505590.jpg,3,CMD,be0842fdac8d68ba,validation
2695178633.jpg,3,CMD,809f76584c236afe,train
269549632.jpg,3,CMD,97b109f91dc44fc2,train
2696226006.jpg,0,CBB,d64d0a3cf5706cb1,train
2696334976.jpg,1,CBSD,cfd24b58cf8b6460,train
2696688759.jpg,3,CMD,846b07d42f3c78d3,train
2696879425.jpg,3,CMD,c6eb229732ad3456,validation
269713568.jpg,1,CBSD,b3be1eae8e1a8283,train
269761139.jpg,3,CMD,d0998cb91b3f2574,train
2697751572.jpg,2,CGM,adde58111ad171f1,train
2698125226.jpg,3,CMD,c593109675e86f87,train
2698127956.jpg,0,CBB,d02f370c9f797508,train
2698271190.jpg,0,CBB,9871669639ce38e6,train
2698282165.jpg,1,CBSD,8d72752d896613cb,validation
2698452187.jpg,3,CMD,98d390fcd688eca6,validation
2698505801.jpg,3,CMD,e14f1af78db4054a,train
2698706438.jpg,2,CGM,8d95346a2fa0dbb8,train
2698895843.jpg,3,CMD,d8972fc24744345f,test
2698929449.jpg,4,healthy,e1b5d7935a232361,validation
2699152924.jpg,3,CMD,d9c84bcec3f0e0e1,validation
2699226365.jpg,3,CMD,c3b323022acc8fdf,train
2699275892.jpg,4,healthy,a5d33e250eac5da1,test
269932465.jpg,3,CMD,9bc448c55a2e2d7b,train
2699398200.jpg,3,CMD,813e66997e710fb0,train
269949452.jpg,3,CMD,9c8769b843b632ad,train
2699540101.jpg,2,CGM,8ef51c5a0a9f6c62,test
2700366371.jpg,2,CGM,d5eb2bcbaa325484,validation
2700385487.jpg,0,CBB,81836d61b1e7ddb0,validation
2700996654.jpg,3,CMD,95dd52a76ae0686a,train
2701073228.jpg,3,CMD,83f54b6b528ae439,train
2701194152.jpg,3,CMD,c0e76a95478b3d52,train
2701234682.jpg,1,CBSD,d6b13261b1fc089f,train
2702260211.jpg,3,CMD,f4b85ca39c26729c,train
2702330830.jpg,3,CMD,d3fc33928bb0926a,train
270273705.jpg,3,CMD,d0a079c696297797,validation
2703114057.jpg,3,CMD,8b8035547f6c519f,train
2703318790.jpg,3,CMD,d0977a3e218ac78d,train
2703432678.jpg,3,CMD,d2916fec111f6247,train
2703459386.jpg,2,CGM,d0bb6a90fd8d60e4,test
2703475066.jpg,0,CBB,cea535e03dd91513,train
2703773318.jpg,3,CMD,c64c197d76a316b8,train
270386050.jpg,1,CBSD,c9af5c4f26a02db8,test
2703905057.jpg,1,CBSD,d2843fe11eb101fe,train
2704051333.jpg,4,healthy,f84e2766d306d165,test
2704051934.jpg,4,healthy,81ba3abaaba1e16a,train
270413076.jpg,3,CMD,871c5dda6cd1a352,train
2704191528.jpg,4,healthy,e8bb7aed5c183122,train
2704366062.jpg,3,CMD,d6a1225876fa64e3,test
2704528948.jpg,2,CGM,817d073ee8b1b463,train
2704684004.jpg,1,CBSD,d3e425c7821fd8e1,train
27047804.jpg,4,healthy,c5985c9c0ecc51f7,train
2704843914.jpg,3,CMD,84c33f1c60d753ad,train
2704844325.jpg,4,healthy,d790e282c0e4bbed,train
2704908000.jpg,1,CBSD,c1c57842297f36f8,train
2704927529.jpg,3,CMD,c5bb13455aa2bcd1,train
2705031352.jpg,3,CMD,ecd46d2611394dce,test
2705189411.jpg,1,CBSD,91f92f9218ee5d0a,train
2705333879.jpg,3,CMD,9a9e65a52069f9e1,train
270577825.jpg,3,CMD,d0ab0bd6ad6f0545,train
2705839002.jpg,3,CMD,90600b2b7e0f72f7,validation
2705886783.jpg,3,CMD,d1be13c42f8c427e,validation
2705932652.jpg,3,CMD,84c56fa379590dca,train
270643654.jpg,2,CGM,d59925ec1a0e5cf4,validation
2706707526.jpg,3,CMD,d6be19b6e9a46980,train
2706759956.jpg,2,CGM,c1c3e3c0ecb9b8a9,train
2707207245.jpg,4,healthy,b8e969a8a4c3bdc8,validation
2707336069.jpg,3,CMD,9cd454ca0b6a673e,train
2707343918.jpg,4,healthy,c3837da66d95d051,test
270776584.jpg,4,healthy,c2697b90d88bc1f3,train
2707769947.jpg,2,CGM,d4f40eaa73cc2b26,train
2707943069.jpg,3,CMD,d5a823d8be56c9b0,test
2708009129.jpg,3,CMD,90c327685535ed2f,test
2708069628.jpg,3,CMD,c8ed3e8570de6512,train
2708373940.jpg,4,healthy,80c7fab42f86e0cd,validation
2708567457.jpg,3,CMD,84a7066355d8cd3f,train
2708637326.jpg,0,CBB,83dc183f7f3020af,validation
2708697487.jpg,3,CMD,c6794e3c00f61fe1,test
2708734648.jpg,4,healthy,806b33975acece31,train
270924529.jpg,1,CBSD,f4c10eeca47cb8a6,validation
2709298961.jpg,3,CMD,9c027d9f3ac54d8c,test
27094452.jpg,0,CBB,99d0859fab116b78,train
2709484044.jpg,3,CMD,b289f5c2f2933568,train
2709513520.jpg,3,CMD,95f10b96661c4eea,train
2709529150.jpg,3,CMD,82cf923b615b7594,validation
2709553419.jpg,3,CMD,8ce628e85636fe32,train
2710259735.jpg,3,CMD,c6b0380c5d3f437d,train
2710366217.jpg,3,CMD,971971c2c7813f99,test
2710440557.jpg,3,CMD,90293ccf6c5fad50,train
2710475925.jpg,0,CBB,9968bf453a955638,train
2710600920.jpg,3,CMD,d39c6ce82f6d6070,validation
2710911914.jpg,2,CGM,cc8737f168307ec8,train
2710925690.jpg,4,healthy,d4ae62b3c8d2751c,validation
2710931982.jpg,3,CMD,aa94547c4d562ee9,train
2711035011.jpg,1,CBSD,d2e1472f029a17db,test
2711272191.jpg,4,healthy,cca948ebd819338f,train
2711532702.jpg,3,CMD,8de1380f77b83463,test
2711827024.jpg,3,CMD,980ff136fc394949,validation
271205318.jpg,1,CBSD,8ea9acbb8c869ec4,train
2712427045.jpg,3,CMD,f8c028bb0ff0f02f,train
2712562473.jpg,3,CMD,ddc220df8be4f01c,validation
2712703893.jpg,3,CMD,95da077047b6e1b2,train
271289942.jpg,3,CMD,d1f223af5717e480,test
2713091649.jpg,1,CBSD,a6c66d879e8e44c6,validation
2713182562.jpg,3,CMD,ddd9fdf8e8002514,train
2713307369.jpg,4,healthy,c3e53a3c3c9cc692,train
2713739675.jpg,0,CBB,dede34f12186e462,train
2713947934.jpg,3,CMD,939d60da96163a97,validation
2714131195.jpg,3,CMD,cab03aad37b3d0a2,train
2714336846.jpg,3,CMD,ccb8231d378df0c6,train
2714659610.jpg,2,CGM,868f72dc78ae6446,train
271476436.jpg,2,CGM,83ac24cb1cd55b75,train
2715218500.jpg,2,CGM,e454c1f1e5fc601e,train
2715221153.jpg,4,healthy,83b9343d55786cb8,train
2715574572.jpg,3,CMD,8b996bf42e173234,train
2715815110.jpg,3,CMD,dc7937c3216a4f82,train
2715921557.jpg,3,CMD,d2a641c191d3edb3,train
2716413618.jpg,2,CGM,95d67ae4570d0467,train
2716489131.jpg,3,CMD,c60f55f5c2250fc9,train
2716766472.jpg,3,CMD,d38372b0cbac5b52,train
2717129685.jpg,3,CMD,88f1641df995a62e,train
2717138442.jpg,0,CBB,9fcc30433d3cc633,train
2717168959.jpg,3,CMD,c4f3036e5e3ce4c4,train
271724485.jpg,3,CMD,92d52a0ebdf2cda0,train
2717285878.jpg,3,CMD,8ed93071dbbb5441,validation
2717899279.jpg,3,CMD,91566866ea90d39f,train
2717912597.jpg,4,healthy,84861f6c7a6d7b14,train
2717987423.jpg,3,CMD,cd816f9926ad52b8,train
2718170987.jpg,2,CGM,889ba093e64bd3ab,train
2718502523.jpg,3,CMD,9e8771f89063432f,train
2718506002.jpg,3,CMD,819d4cab13e65756,train
2718731433.jpg,3,CMD,d4a837e51bc9a1f0,validation
2719114674.jpg,1,CBSD,c9494ddd54565353,train
2719138337.jpg,4,healthy,c4c3fd9265b608b5,train
2719189650.jpg,1,CBSD,d2e1b5bfb71488a0,test
2719402606.jpg,3,CMD,81ed67d92aa5e889,train
2719462467.jpg,3,CMD,82c95bcbb23e3471,train
271969032.jpg,3,CMD,94a0769e2b761d8d,test
2720050371.jpg,0,CBB,cc7072cae1e4d38b,train
2720327144.jpg,4,healthy,aac363adca9aa352,test
2720713385.jpg,3,CMD,99d62479672d66e0,train
2721303722.jpg,1,CBSD,d46e379e74d6009a,validation
2721367829.jpg,0,CBB,dcd3275d54405b6a,test
272170079.jpg,0,CBB,e3e71a862099f2e3,train
2721767282.jpg,2,CGM,c3a45e25995e16d3,train
2722061896.jpg,3,CMD,9db14856d5bd260e,train
2722083312.jpg,4,healthy,8bc679e0cb2d4879,train
2722137937.jpg,3,CMD,d1a247e61c33e86b,train
27221590.jpg,3,CMD,c5de02b8338b7c39,test
2722184937.jpg,1,CBSD,85387b4b7293a4b6,test
2722340963.jpg,0,CBB,dcc686b5f109079b,train
2722575699.jpg,3,CMD,87f5720dcfde3020,train
2722584545.jpg,3,CMD,ecdcb6b20ae82c6c,train
2722816712.jpg,3,CMD,f0c3137039fc3c96,train
2722971247.jpg,3,CMD,82c67570311afbcb,test
2722977827.jpg,3,CMD,c1c141823f3f37ad,train
272311882.jpg,3,CMD,90d33c6a737e68c8,test
2723143870.jpg,3,CMD,a01b3ce994b978cd,train
2723167628.jpg,3,CMD,c7d87dcb9c1142ac,train
2723503130.jpg,3,CMD,91e3deda20e054eb,train
2724038983.jpg,3,CMD,b6acb491c0532f6d,train
2724161068.jpg,1,CBSD,92dd79a2a59d424e,train
2724554893.jpg,3,CMD,b5d5410996be6c96,test
2724563090.jpg,3,CMD,9bf443c32cc2be2c,train
2724931381.jpg,1,CBSD,99db756135259a26,train
2725135519.jpg,3,CMD,91873e6c3136e5c3,validation
2725229326.jpg,1,CBSD,d2d6072a543db0f5,train
2725353705.jpg,2,CGM,93c3592b2d4db21b,train
2725369010.jpg,3,CMD,95f82081ef3758ec,train
272565243.jpg,0,CBB,8e9e329475f87521,train
2726255928.jpg,2,CGM,adcd31d64333c613,train
2727099306.jpg,3,CMD,855b65b307b4c07e,train
2727439884.jpg,3,CMD,f5260a20dcb3678f,train
2727616189.jpg,3,CMD,d5c5a1f46644fd48,train
2727816974.jpg,3,CMD,c69c07cd56993d64,validation
272796178.jpg,3,CMD,8a11c678a7d9a337,test
2728936550.jpg,3,CMD,c4f47993fb510744,validation
2729122308.jpg,3,CMD,f1d9e4d30f25324a,train
2729497796.jpg,3,CMD,c99d3382c739d471,validation
2729556493.jpg,3,CMD,8af56a52251b3a67,train
2729880246.jpg,3,CMD,857a11605bbfc791,train
2730226007.jpg,4,healthy,f5351661e3d49ad0,train
2730357599.jpg,3,CMD,dca1658515f57361,validation
2730840788.jpg,3,CMD,857f427a6587099e,test
2730857377.jpg,3,CMD,c6a474802ecc7fab,test
2730912818.jpg,3,CMD,d2c824d6daa192ef,train
2731225987.jpg,3,CMD,96ce623d7329416d,test
2731257282.jpg,0,CBB,83fd7ac4512f2c32,train
2731309139.jpg,3,CMD,8e3737f1115033ce,train
2731341921.jpg,3,CMD,b609a557d21d786a,validation
2731342546.jpg,3,CMD,86e63cad65a9e059,test
273150716.jpg,3,CMD,8cda348d4b86bd99,train
2731535027.jpg,4,healthy,84a24b5ab3a7cd5a,train
2731572507.jpg,3,CMD,96cf62369c5b640d,train
2731692092.jpg,1,CBSD,8ad13c89a2fbc933,train
2731822095.jpg,3,CMD,f195629f59279461,validation
2732047545.jpg,3,CMD,9dc842cb0b87a73e,train
2732131955.jpg,1,CBSD,d9e30e34e1135af4,train
2732425394.jpg,3,CMD,c62d6ad399a6a21d,train
2732623786.jpg,3,CMD,92e11783d2e5279d,train
2732746360.jpg,3,CMD,ece305a61d136397,train
2732771084.jpg,3,CMD,8d8a6e752677910d,validation
2732794141.jpg,3,CMD,d9f9e78406222f69,test
2732825636.jpg,1,CBSD,fdcd683e9111632c,train
273321548.jpg,4,healthy,84933fc24b793647,train
2733426429.jpg,3,CMD,948a323539c72fad,validation
2733686258.jpg,3,CMD,e7811e63be62990e,validation
2733788792.jpg,3,CMD,d6cd74d269a42e58,train
2733802395.jpg,3,CMD,f88107e2e6fad584,test
2733805167.jpg,3,CMD,d5ac692b2298f571,train
2733982836.jpg,2,CGM,b4c916354bf665a2,test
2734186624.jpg,1,CBSD,a5835abb0db5474c,train
2734599898.jpg,1,CBSD,d26122af70dba978,train
2734892772.jpg,3,CMD,8d162e9de36888cf,train
2735085014.jpg,4,healthy,80b82d9078767eaf,train
2735556764.jpg,2,CGM,c88f6117e82d772c,test
2735810641.jpg,3,CMD,812f78e3c7f4a115,train
2735914869.jpg,1,CBSD,999d6c430e3233f5,train
2736151353.jpg,3,CMD,d07366c817863d1f,train
2736444451.jpg,3,CMD,99831e358a4fd2d9,test
2736497961.jpg,4,healthy,90854f2d3873373e,validation
2736688100.jpg,1,CBSD,dc437d87e8fc008d,train
2737285145.jpg,4,healthy,9b86729b61d3e1a4,train
2737290136.jpg,3,CMD,d4af150f5a062f53,train
27376313.jpg,3,CMD,9dea067029979dd1,validation
2737692918.jpg,0,CBB,90c866b64e9e8f2d,train
2738117175.jpg,3,CMD,95ac03afe1957da0,train
2738825218.jpg,4,healthy,ecc1c46111a46fef,train
2738985524.jpg,3,CMD,f0976a6a453db291,test
2739275233.jpg,1,CBSD,96bd63c439330fc8,train
2739645903.jpg,3,CMD,c1db3ae766e40e11,train
2740053023.jpg,3,CMD,803f239c33e55793,train
2740084860.jpg,0,CBB,8ab3a6acbcb05752,train
2740240477.jpg,4,healthy,a6b6f0c8c2e879d1,train
2740410159.jpg,1,CBSD,f7f911ac18d4dc42,train
2740620801.jpg,2,CGM,91df68358559af88,train
2740797987.jpg,4,healthy,c3d53ec294f34529,train
2740857418.jpg,4,healthy,92c949acb5b342f9,train
2741057702.jpg,1,CBSD,95a935b249d54aad,validation
2741098659.jpg,3,CMD,cfc572672501365e,test
2741103314.jpg,3,CMD,cac0a78c0afe52bd,train
2741136173.jpg,0,CBB,82ab7477306bb2d1,train
2741234622.jpg,3,CMD,98d8599803d9f99e,train
2741519418.jpg,3,CMD,c05b21f60199f377,validation
2741950720.jpg,3,CMD,a4ff1058437c7c27,train
2742114843.jpg,3,CMD,cc137ce7191eee04,train
2742350070.jpg,3,CMD,85965c7d620f91e9,train
27426972.jpg,1,CBSD,dee825e36a2c48d9,train
2742838328.jpg,3,CMD,c8db67e180efc306,train
2742945698.jpg,4,healthy,c9c62ed772612e98,test
274319857.jpg,3,CMD,c0183b67e14ecd6b,train
274385992.jpg,4,healthy,8dd175ebcc31524c,validation
2744104425.jpg,3,CMD,c29bd72ec438167a,train
2744213928.jpg,3,CMD,c1e72ec546297378,train
2744352830.jpg,4,healthy,d13e6f0f181c1f07,train
2744554143.jpg,4,healthy,84b2712c7c788f1f,train
2744558687.jpg,3,CMD,95507459ae5a33d3,test
2745137137.jpg,3,CMD,8d8d4bd0a14bb5e9,train
2745229372.jpg,3,CMD,d1b92381b69b25c7,train
2745407686.jpg,4,healthy,c4da235af4ca94a7,train
2745537862.jpg,1,CBSD,cecece4a0113b3b3,validation
2745720901.jpg,2,CGM,d2821967ded04df4,train
2745895551.jpg,3,CMD,81e7019e2f517fc8,train
2746509855.jpg,3,CMD,84e527743d4ccb99,test
2746592170.jpg,0,CBB,a9585a2abd555ba4,train
2746977018.jpg,0,CBB,87b0165555aae557,validation
2747068344.jpg,2,CGM,d8fd7cbc99f09080,test
2747090144.jpg,3,CMD,c7e64687077e7c10,test
2747174004.jpg,3,CMD,d4132ae0cf1ba937,test
274723853.jpg,3,CMD,9ad6350a4aa5fc5a,train
274726002.jpg,1,CBSD,959d2ae3784a8e27,train
2747268092.jpg,3,CMD,dbcc2e1932f9a452,train
2747276655.jpg,3,CMD,a0cc681f4e9275ed,train
2747822505.jpg,3,CMD,93eb7be05d190a07,train
274790043.jpg,1,CBSD,c3806eb75bc9e48a,train
2748333407.jpg,3,CMD,cb3e60dc0ce367c4,train
2748659636.jpg,3,CMD,c4ce6de4853a44db,train
274875938.jpg,3,CMD,c0e17f321c1de6a9,train
2748770173.jpg,4,healthy,a48bb7ee0a23ac8d,train
2749319574.jpg,3,CMD,9db8408dbb61c8fc,train
2749588807.jpg,2,CGM,ccde1a645e4ab934,test
2749764674.jpg,3,CMD,a305788a9d76755a,train
2750125893.jpg,3,CMD,b1f37e0f0e8142b5,train
2750295170.jpg,3,CMD,d6b83ae220cff1d0,train
2750332182.jpg,3,CMD,b8e71ec15e486974,validation
2751319836.jpg,1,CBSD,c0c63fd1de19522e,train
2751510981.jpg,3,CMD,c5ef31a45ac25ea1,test
2751521123.jpg,3,CMD,95d2380f03dae755,train
2751784473.jpg,3,CMD,839c49d2362d4bd7,train
2751851648.jpg,4,healthy,fbd1a1d0103af2a7,train
2752015224.jpg,3,CMD,d1910c77b1355bd8,train
2752024284.jpg,2,CGM,d6497486be430f39,train
2752466458.jpg,3,CMD,d8d8f1abcab26603,train
2753076252.jpg,0,CBB,d4d54d14a08e1f5f,train
275310206.jpg,3,CMD,c45e3b2c536cb18e,train
2753146306.jpg,3,CMD,8e1f636e3a9218ec,validation
2753152635.jpg,2,CGM,dfaf00ba91a04cde,train
2753309511.jpg,1,CBSD,cbf01cb5e8586699,train
2753540167.jpg,3,CMD,c1f0c5a1e0d19f9e,train
2753653261.jpg,0,CBB,c6b36b9878c93b84,train
2753696681.jpg,3,CMD,94e435657d8d6a52,validation
2753750335.jpg,3,CMD,99ed07c56a7e8624,train
2754223528.jpg,3,CMD,b44999207f394f3c,train
2754262349.jpg,3,CMD,fae931b51912e874,train
2754438166.jpg,3,CMD,d66e71918c0e724f,train
2754482477.jpg,3,CMD,c1ce27f1ce491176,train
2754537497.jpg,2,CGM,c58a773579662455,train
2754612395.jpg,3,CMD,97e243707e9a02db,validation
2754635742.jpg,3,CMD,e0e0f8fcd5331623,test
275483010.jpg,2,CGM,81f34d415d3373e1,train
2754939037.jpg,4,healthy,819e6925363279f9,train
2755160950.jpg,3,CMD,9f988dbb604a74d4,train
2755812259.jpg,3,CMD,d6201ff7741b7a02,train
2756042874.jpg,3,CMD,c1ac69232c786ff4,train
2756294703.jpg,3,CMD,d98d6fa880e566a6,train
2756399551.jpg,3,CMD,9bc40287a78dacbd,train
2756642189.jpg,2,CGM,c4e630c5131b7b7c,train
2756944342.jpg,3,CMD,c2bf49c62f19d2b0,train
2757300199.jpg,4,healthy,dbfd418131903afc,train
2757539730.jpg,3,CMD,cda463b1f51a1a96,train
2757717680.jpg,3,CMD,c0ff070537b303a7,train
2757749488.jpg,4,healthy,93af57113efa4814,train
2758510429.jpg,3,CMD,c381317334ae37f2,train
2758929090.jpg,2,CGM,df863c520da5c09f,train
2759146229.jpg,1,CBSD,88e959d9712e5d0d,validation
2759256201.jpg,1,CBSD,c391f8c2a57d43e1,test
2759452874.jpg,3,CMD,88db686587e9f4e0,test
2759500008.jpg,3,CMD,83c238e6ea057bad,train
2759737963.jpg,1,CBSD,835a6aab36c94ec5,validation
2759740799.jpg,3,CMD,95ca355a2d9cccc6,train
2760272941.jpg,1,CBSD,e0e864c0e56b8fc7,test
2760326130.jpg,3,CMD,d46960d1e767324e,train
2760525879.jpg,3,CMD,b29fb1d615f88a88,train
2760869322.jpg,1,CBSD,d663a33aba26a2a5,test
2760970275.jpg,3,CMD,9dcc8ad9fe68824c,train
2761025850.jpg,3,CMD,fe817c4413dcd730,train
2761071019.jpg,3,CMD,9fc73cd40c162de1,train
2761115186.jpg,1,CBSD,951a33e789db450d,test
2761141056.jpg,3,CMD,a4dd454cb5b718e2,validation
2761327617.jpg,4,healthy,d089558cfce1e2dc,train
2761443259.jpg,3,CMD,d1fa81ee2e1858d6,test
2761497059.jpg,3,CMD,c5b070ae62b9d96a,train
2761769890.jpg,0,CBB,b6995b6c6003ecec,train
2761911674.jpg,3,CMD,87d167081ef351ec,validation
276208116.jpg,3,CMD,fa55702e9be0017d,train
2762202767.jpg,3,CMD,d56c2f0532f0cd4b,train
27622239.jpg,3,CMD,94846a7a71ea87a7,train
2762258439.jpg,4,healthy,9b41248e79e862bf,train
2762698333.jpg,3,CMD,d5f823a4732c885f,validation
2763229713.jpg,3,CMD,cff409a324e231bb,train
2763304605.jpg,1,CBSD,95db7c4a67563029,train
2763380810.jpg,3,CMD,daa47bcb18427837,train
2763501516.jpg,4,healthy,fcb509c65b679c08,train
2763682607.jpg,3,CMD,96a739a6a9a9063b,test
2763974750.jpg,2,CGM,81d764d193214f77,train
2763991113.jpg,3,CMD,8c8c6e4757cd848f,train
2763999438.jpg,3,CMD,94b66cf9c1cd8b48,train
2764125609.jpg,2,CGM,87f43f0407e07c5b,train
2764505542.jpg,1,CBSD,91bf3fc9368491b0,test
276467432.jpg,4,healthy,9578634d93873da1,train
2764717089.jpg,1,CBSD,d1a37c90ce1b658e,train
2764763708.jpg,3,CMD,d1912e7c2fc0ee25,train
2764801503.jpg,3,CMD,d1992d944a3ba567,validation
2764996971.jpg,2,CGM,94dd3d15caa196e4,train
2765109909.jpg,4,healthy,8cb139ccd3fc809e,train
2765430336.jpg,3,CMD,f0c1cbf2b1fb8980,train
2765454148.jpg,3,CMD,debe1670cce8811e,test
2765544033.jpg,3,CMD,e6077a293e1f2c61,train
2765854405.jpg,0,CBB,f8ac0b1d5106a8ff,train
2765983833.jpg,3,CMD,b7116e1954f3b701,train
2766035533.jpg,3,CMD,b1a23f844ac1e5bd,validation
2766616797.jpg,3,CMD,83cf4e47632e2726,train
2766668976.jpg,3,CMD,8c62511b3ddf19a6,train
2766856656.jpg,3,CMD,d5d094b0b1954f7a,train
2766931963.jpg,0,CBB,92c069bdfa9087ce,test
2766953538.jpg,3,CMD,d1b9067d39c0c75c,train
2767496991.jpg,3,CMD,96e31e602ed7546c,train
2767669424.jpg,3,CMD,c3202d66b0b2bf73,test
276774458.jpg,3,CMD,81ff83892cb0397b,train
2767835895.jpg,3,CMD,919b19909d9f2d9c,train
2767841280.jpg,3,CMD,9f3937f801fe4881,train
276788964.jpg,3,CMD,82f5753d4fd20a29,validation
2768330452.jpg,3,CMD,8e8666c41171bbbb,validation
2768412098.jpg,4,healthy,dc8290d62fc5323f,train
2768458456.jpg,3,CMD,c2c974ad78ab1c5a,train
2768487225.jpg,3,CMD,c19e68670b2b7317,train
2768506629.jpg,2,CGM,c6f0483bd544cbf8,train
2768884840.jpg,2,CGM,92cd6bc231077e35,test
2768992642.jpg,3,CMD,d531672a6ba9a45a,test
276909860.jpg,1,CBSD,87877c00120f3ffe,validation
2769260352.jpg,3,CMD,9892728571fb7c58,train
2769467220.jpg,3,CMD,c9d45ab451e87336,train
2769497886.jpg,3,CMD,8c236c588f6dc3e6,test
2770727020.jpg,2,CGM,91922cac9dfd686c,test
2771179588.jpg,3,CMD,c798c3f82e4758ca,train
2771194672.jpg,3,CMD,c4b639909f96e817,train
2771374452.jpg,4,healthy,8cf2b381b6839ea6,train
2771434768.jpg,2,CGM,c45b32718917f4ea,train
2771630964.jpg,4,healthy,c2b46ccc274af396,train
2771967726.jpg,3,CMD,8df24f7055925ea1,train
2771999001.jpg,1,CBSD,e76ae1d3a8785815,train
2772001949.jpg,3,CMD,8cd072cf293673ca,train
2772180787.jpg,3,CMD,b52e3a34352d532b,train
2772545038.jpg,0,CBB,89bd3b298f04896f,train
2772805296.jpg,3,CMD,f88e82690f29fab4,train
2772903524.jpg,3,CMD,ca2e62a31e8da07f,train
2773015311.jpg,4,healthy,92ed604252f707d7,train
2773097788.jpg,4,healthy,99c9263d6ce0f236,train
2773412465.jpg,3,CMD,903a7f4829b2f60f,train
277345208.jpg,3,CMD,cf8abe8a92de80e1,train
2773454167.jpg,3,CMD,84f309ea18eb568f,train
2773629343.jpg,3,CMD,d6b222b5bd2d00bb,validation
277374156.jpg,3,CMD,81243bc777e151ba,train
2773760127.jpg,3,CMD,cdf4466d5c872d24,train
2774649873.jpg,3,CMD,88aa88a96967737d,train
2774694201.jpg,1,CBSD,95fc7a030e357983,train
2775246580.jpg,3,CMD,c0a23f18c6d93b3b,train
277532565.jpg,3,CMD,844f37dc39c32ccc,train
2775424863.jpg,3,CMD,f4c068f77c1a4d98,train
2775859680.jpg,4,healthy,cda26ee5b5424cb1,train
2775876940.jpg,3,CMD,909e7e4307516f74,train
2775889321.jpg,3,CMD,847cd61b67a1de22,train
2776053424.jpg,3,CMD,9cae2a2383dbcdc4,validation
2776235541.jpg,0,CBB,c6cc3bc2a5be68e0,test
2776340594.jpg,2,CGM,c23a2ef119f196cc,test
2776491890.jpg,3,CMD,d52821b6de29e1e5,train
2776534686.jpg,3,CMD,cef949916bc2709a,train
2776639568.jpg,3,CMD,c49e5ed7390561e2,test
2776641820.jpg,1,CBSD,84f831b71e35bc49,train
2776668542.jpg,3,CMD,d5964f1f70c6122b,test
2776899438.jpg,3,CMD,89e2585a35da695d,train
2777405402.jpg,1,CBSD,e1b50f679a4ac474,train
2777420116.jpg,4,healthy,87ee3809c69c3967,test
2777544814.jpg,4,healthy,9c702b8312f4e6ed,validation
2778033959.jpg,3,CMD,9c9f4e83d5602d1e,train
277811844.jpg,3,CMD,d2c92aa41db7287e,train
2778357931.jpg,0,CBB,c79c6245a72dc1d6,test
2779441922.jpg,2,CGM,e7262dad6b5312a8,train
2779467880.jpg,2,CGM,c6fb3cd08903b359,train
2779488398.jpg,4,healthy,d58976e803c215bf,train
2779521123.jpg,1,CBSD,914d6cd3ccea44d9,train
2779585259.jpg,3,CMD,c7704a763d0f34d2,test
2779684221.jpg,3,CMD,8856277a325576ae,train
2779779756.jpg,3,CMD,98c371ba481fc567,train
2780229634.jpg,3,CMD,a6a72d9f355c904a,train
2780239203.jpg,3,CMD,814241dc77e75f07,validation
278030958.jpg,3,CMD,c6c13faf31d80ae4,train
2780503460.jpg,3,CMD,94f179a52e1a5de0,test
2780906480.jpg,3,CMD,e9d2a11cca29d25f,train
2780925336.jpg,4,healthy,90cc3b7912bb655c,train
2780944471.jpg,3,CMD,958c63c4cb3bb15a,train
2781049004.jpg,3,CMD,c38e31b0d46c6d75,train
2781120997.jpg,3,CMD,d4892fad3a466696,train
2781299345.jpg,3,CMD,90f05e8fd94d42f4,train
2781593135.jpg,4,healthy,84d73db180af762a,test
2781629169.jpg,3,CMD,811b7f631e371c16,train
2781831798.jpg,4,healthy,c1612974d27ccdd6,train
278194940.jpg,3,CMD,9dc36ab7071a15c5,validation
27819829.jpg,3,CMD,939e0889ecd0feaa,test
2782132992.jpg,3,CMD,d4e44aaeb3c88f26,train
2782285438.jpg,3,CMD,94f2324aa6ed84b7,train
2782292505.jpg,3,CMD,85eed4b9acd86268,train
2782668721.jpg,4,healthy,d5e34532275b6a83,validation
2782942352.jpg,4,healthy,d1f56a02a0fc3e3a,train
2783143835.jpg,4,healthy,d5c5d991d5d494c1,train
278340134.jpg,3,CMD,85e16fa1d78e4163,train
278365274.jpg,3,CMD,84e6fe48c0627ab7,test
2784153881.jpg,3,CMD,8b386bf4432558f9,train
2784494814.jpg,2,CGM,f98be19c308c3f98,train
278460610.jpg,3,CMD,c6eb300ffed00eb0,train
2784994584.jpg,2,CGM,9693bf8489dc9272,train
2785108032.jpg,3,CMD,817d3d8997d8d116,train
2785296630.jpg,3,CMD,cdb41d332eca9c64,test
2785330572.jpg,3,CMD,93bb3cb62c414379,train
2785784013.jpg,4,healthy,c6b20e3e208fb6d9,train
2786559298.jpg,1,CBSD,c0707bc32fae3c49,train
2786560780.jpg,3,CMD,93d9231f9db0067c,validation
2787000269.jpg,3,CMD,c56362e712fb0d1c,test
2787235942.jpg,3,CMD,90c82dc7292d17df,train
2787491273.jpg,1,CBSD,c9bd31740ec3593a,train
2787596075.jpg,4,healthy,d13663ff58a90d05,train
2787710566.jpg,2,CGM,c1b77ee4651a3074,train
2788573560.jpg,3,CMD,94904eea9f7d3426,train
2788636318.jpg,3,CMD,cbf233c314af44a6,validation
2788672976.jpg,1,CBSD,94f97d732985065c,train
278898129.jpg,3,CMD,d2ae6ccd1053de85,train
2789524005.jpg,3,CMD,c3cd3fb020a6197e,train
278959446.jpg,3,CMD,82ca25258a3bfcde,train
2789670576.jpg,3,CMD,ba9535aaaea5950a,train
2789747939.jpg,3,CMD,989a73d6c64e2de0,train
2790112645.jpg,2,CGM,d49470d6d056d4f5,test
2791248037.jpg,3,CMD,90173e772b514b6a,train
2791609705.jpg,3,CMD,c02b2ccef1ff5284,train
2791918976.jpg,4,healthy,b1b330066e793d87,train
2791972986.jpg,1,CBSD,d7c07967d69086cc,train
2791977721.jpg,4,healthy,80ce63b11f617673,validation
2792077212.jpg,3,CMD,c7db59e1243ed980,train
2792323624.jpg,4,healthy,c2b30f8d0547b59e,test
279235285.jpg,3,CMD,daa6c68a63d4c31b,train
2792441656.jpg,4,healthy,84d227dd6815fa35,train
2792568356.jpg,3,CMD,888d7fc03cda8da5,test
2792655126.jpg,2,CGM,9d0576eb43b5246a,train
2792806251.jpg,3,CMD,d1e05f9f218d2e0b,train
2793573567.jpg,4,healthy,fdfd58d050e87860,train
2794478176.jpg,3,CMD,c30c79f3466b30d3,validation
2794860382.jpg,3,CMD,eb9553b915a209b6,test
2794995428.jpg,1,CBSD,d083408309df2fff,train
2795015114.jpg,0,CBB,899f66c0de24d94d,train
2795132787.jpg,4,healthy,d1b268be17f1461a,train
2795176492.jpg,4,healthy,9d1475f88f4e3291,train
2795551857.jpg,3,CMD,c1b860f8a1f8a4f7,train
2796358784.jpg,3,CMD,c2a5162a76de8c9d,test
2796388722.jpg,3,CMD,c9803ca3e467677c,train
2796457188.jpg,3,CMD,c5da2116e554ef43,train
2796618652.jpg,3,CMD,aeba34d0b0ce9c4d,train
2796815697.jpg,3,CMD,a4f42e270e686b6b,train
2796826886.jpg,1,CBSD,95b162de70fa2931,train
2796965333.jpg,2,CGM,ee9417595b222bc6,train
2797119560.jpg,1,CBSD,c9e965f209e538a6,train
279714753.jpg,3,CMD,d3b906a378e227d8,train
2797222950.jpg,4,healthy,df832c1c297e921b,train
2797474024.jpg,2,CGM,9b85b6f1310af744,test
2797611751.jpg,2,CGM,82867c8628ee37f6,test
2797850059.jpg,2,CGM,878572f74aa4d14b,train
2798133191.jpg,3,CMD,ccd9766f366a0452,validation
279831330.jpg,3,CMD,f1812aa7e1d2cf85,train
27989539.jpg,1,CBSD,c1bf50e52239e7a4,train
2799109400.jpg,3,CMD,ccb271099ef65199,test
2799223634.jpg,3,CMD,9df22c8f103ac5f4,train
2799405097.jpg,3,CMD,d66830372fd89e4a,train
2799462871.jpg,3,CMD,c4b00fd9b38eb89a,test
2799677142.jpg,2,CGM,93e976b96086192f,train
2799816660.jpg,3,CMD,d596421b5b587bc2,train
2799966834.jpg,3,CMD,889533ae89bba4ba,train
2799970336.jpg,3,CMD,93c96293de7e2618,train
2800062911.jpg,4,healthy,f32e10e3941b1e1f,train
2800121117.jpg,3,CMD,989969cf4858f21f,train
2800300240.jpg,3,CMD,c8be31d276c12d2d,train
2800374869.jpg,3,CMD,e9c475a3c52148f7,train
2800642069.jpg,3,CMD,84c77af71e103dc2,validation
2800762373.jpg,3,CMD,88b87a9cf9c32d4a,train
2800812687.jpg,1,CBSD,c7d232943cbd6d24,train
2800998571.jpg,3,CMD,9ca77e30e18d8c9c,train
280102344.jpg,2,CGM,c388155e590f3ee3,train
280102380.jpg,3,CMD,8be866969682e1ed,train
2801039291.jpg,3,CMD,c7eaf2064e9c035b,train
280115595.jpg,3,CMD,c7b0e00b17139a7f,train
2801308538.jpg,3,CMD,c187739c595b6c58,validation
2801545272.jpg,1,CBSD,cee938c7471e47c0,train
2801552324.jpg,3,CMD,a4ce3cb6db908396,train
2801703487.jpg,3,CMD,f4957ccc2e510b27,train
2801727274.jpg,2,CGM,cd235b45272167cb,train
2801940685.jpg,3,CMD,b1d917730cb2616b,train
2802072434.jpg,3,CMD,9dc62a9961770aae,train
280244969.jpg,3,CMD,83c5da8b9c9c8c9b,test
2802828070.jpg,4,healthy,899e307f8ff04683,test
2803131903.jpg,3,CMD,94cb06e4b1ccf917,train
2803200919.jpg,2,CGM,c5a325c8234e5bd7,train
2803562413.jpg,3,CMD,d2b0cb8c70d3627d,train
2803736374.jpg,2,CGM,8d9c05381faf13ec,test
2803759142.jpg,4,healthy,9aad3b34293403ef,train
2803815396.jpg,3,CMD,c33d51fe270708b6,train
2804421215.jpg,3,CMD,94196b5c4f2f2ea1,train
2804918430.jpg,3,CMD,d08379d17ec4369a,train
2805684148.jpg,4,healthy,9dc810fa3db7c143,train
2805717623.jpg,1,CBSD,d3b6798974a105f2,train
2805999974.jpg,3,CMD,96fa2b110a6c65de,validation
2806021040.jpg,4,healthy,da9f78e80876d446,train
2806638310.jpg,0,CBB,93f82ccd5327ca92,train
2806775485.jpg,2,CGM,9de51cc0c6afda0c,train
2806814131.jpg,3,CMD,cdc779be08d2c8c8,test
2806854290.jpg,4,healthy,c6a5873569714e74,train
2807050588.jpg,3,CMD,8c9e34900dc76e7b,train
2807173695.jpg,1,CBSD,b2e4598cb5961acb,train
2807251321.jpg,0,CBB,cbcc64e3b2c30bc9,train
2807412480.jpg,1,CBSD,8aab2a87a5a683cf,train
280743468.jpg,3,CMD,c1db7ad6060ef506,train
2807443000.jpg,3,CMD,d9ae1939308d7b51,train
2807560080.jpg,3,CMD,9d966cc09edc41e5,train
2807875042.jpg,3,CMD,83197fc2374a2cf4,train
2807877356.jpg,3,CMD,c6923469f69e192d,train
2808090934.jpg,3,CMD,89337df04686cce5,train
2808447158.jpg,1,CBSD,d0e5ae3be50e6a84,train
2808537553.jpg,3,CMD,c5a4335b6663ce94,train
2808806378.jpg,3,CMD,97d2199be6c91c43,test
2808848942.jpg,3,CMD,87ae16e60ebd6215,train
2809017753.jpg,2,CGM,d1c71085136bb7ba,train
2809101504.jpg,0,CBB,d274340dc5f2f934,test
2809660015.jpg,2,CGM,953a63ed2184f8b6,test
2809677329.jpg,4,healthy,984968b562d62eb7,train
2809697426.jpg,2,CGM,90e43ee15db8323e,train
2809743739.jpg,1,CBSD,95693cc368d4539d,validation
2810190903.jpg,4,healthy,a1906fc41e7ef0c9,test
2810410846.jpg,4,healthy,87ff05009bf641cb,train
2810787386.jpg,2,CGM,c1dc3c69c5c95a4d,validation
2811111039.jpg,1,CBSD,94f07b0e87a9e272,train
281140409.jpg,3,CMD,846d39d9126cf725,train
2811688556.jpg,3,CMD,9b2b676a42dc9694,validation
281173602.jpg,2,CGM,b52d51dc669a660e,validation
2811772992.jpg,3,CMD,99ef41531ad37548,train
2812234258.jpg,3,CMD,b0a219770773717a,train
2812721296.jpg,3,CMD,81ee06ae37e11eb8,test
2813202691.jpg,3,CMD,dbe072159f41f40e,train
2813455055.jpg,3,CMD,d4ec63791a92b82e,validation
2813469800.jpg,3,CMD,86719aad39ca6786,train
2813586418.jpg,1,CBSD,81b8f9a9b492d29b,test
2813723824.jpg,0,CBB,ddc6237cb62ed005,train
2813858062.jpg,2,CGM,85c92faa3633361d,test
2813897976.jpg,0,CBB,cab631e7c508b35a,train
2813938477.jpg,0,CBB,915a6ee1d1c64bd8,train
281397141.jpg,3,CMD,c8362dbce1ab5b50,test
2814110905.jpg,1,CBSD,ccd8387d053363cb,train
2814433150.jpg,3,CMD,88f429ba67309dad,test
2814644879.jpg,3,CMD,aa861ff2791311ab,test
2814667133.jpg,4,healthy,83e329d43cd8195f,validation
281473459.jpg,1,CBSD,d4ea1bf56a844c9c,test
2815195453.jpg,4,healthy,e4bbe4709bfc1c20,validation
2815272486.jpg,2,CGM,99387bf4a0266ae5,train
2815296701.jpg,4,healthy,86a833e42dd1f3e4,validation
2815339197.jpg,3,CMD,81896b8df5270bf1,test
2815381590.jpg,3,CMD,d3a406b967ba8e31,train
2815915727.jpg,3,CMD,86314fceb0df4319,train
2816014823.jpg,2,CGM,9132329aee6525b7,test
2816088621.jpg,3,CMD,878b09d6291aeb8f,train
2816450071.jpg,3,CMD,b1927c162a5ea4bb,train
2816524205.jpg,4,healthy,c4995c765648a95f,train
2817010639.jpg,3,CMD,c1fd71f022da5958,test
2817027058.jpg,3,CMD,86c635b51557a4ad,validation
2817619344.jpg,4,healthy,9bd3624e11e153c7,validation
2818034584.jpg,3,CMD,c9892f84fbd4513c,train
2818118354.jpg,3,CMD,c7963f88dbe0e0e0,test
2818289247.jpg,3,CMD,ef9825331df844e4,validation
2818307223.jpg,3,CMD,dbdbd1d836340686,validation
2818805641.jpg,3,CMD,d1096b31354b4ecf,train
2818838950.jpg,4,healthy,d28879d464cadae9,validation
2819461837.jpg,3,CMD,a5d2c8a35c63366d,test
2819500762.jpg,3,CMD,9d924e7d8f054e49,test
2819641698.jpg,3,CMD,dfe0025d61a4177e,test
2819659045.jpg,3,CMD,896779ac9a65ec81,train
2819697442.jpg,3,CMD,deb9840a99f20d9b,validation
2819885255.jpg,0,CBB,c7d8703339986cec,test
2819900270.jpg,2,CGM,c5fb5b806516b626,train
2819917494.jpg,2,CGM,e0f1026753f84fb4,train
281999383.jpg,4,healthy,899564efd2f62aa0,train
2820203229.jpg,3,CMD,956b38db233478e1,train
2820292707.jpg,3,CMD,8f90770b34ba47cc,validation
2820350.jpg,4,healthy,91de2193788376e9,train
2820517088.jpg,3,CMD,cb15719e2356a38b,validation
2820553957.jpg,3,CMD,c3456a494e3fe436,train
2820596794.jpg,1,CBSD,c1d63f29342e5792,train
282061991.jpg,3,CMD,92a03fc04d56f787,test
2821260437.jpg,3,CMD,dc6e33c8929925d3,validation
282134948.jpg,3,CMD,99a62dbc496f9226,test
2821478840.jpg,3,CMD,d0b736d469e3056a,train
2821785096.jpg,3,CMD,8d5a3ea463499f46,train
2821817333.jpg,2,CGM,c6c75b6c4c4f3249,train
2822052779.jpg,1,CBSD,949738476bb4536c,train
2822226984.jpg,3,CMD,9cc43b3d24034dfe,train
2822454255.jpg,3,CMD,81b26dceac6317d8,train
2822765524.jpg,3,CMD,cdb2328fb2a65c70,test
2822909369.jpg,3,CMD,d7ad63b0e5d41621,train
2823249481.jpg,3,CMD,b0b30739943d1d4f,validation
2823403076.jpg,1,CBSD,d5a56297133232ed,train
2823421970.jpg,3,CMD,809e01fc175f31de,train
2823557191.jpg,1,CBSD,e08f08b567395fc8,train
2823744326.jpg,3,CMD,e114336e23f93366,train
28237822.jpg,3,CMD,cc1934524fa539eb,train
2823798822.jpg,2,CGM,87878287a791e9cd,train
2823878718.jpg,3,CMD,85db6ba1871e4a1d,train
2823911306.jpg,3,CMD,8cbb3bcc688417d3,train
2823935203.jpg,4,healthy,968f22d9326cb569,train
282395895.jpg,3,CMD,d3ed70b32935506a,validation
2824543301.jpg,3,CMD,c7852df3d416d292,validation
2824560733.jpg,3,CMD,94213a7e2736dda8,train
2824583085.jpg,1,CBSD,86cd27e9a38754d2,train
2824600789.jpg,3,CMD,c0233cdd8ec8b6cb,validation
2824711941.jpg,3,CMD,c08262e59f90f2f7,train
2824854059.jpg,1,CBSD,9ca97ca6a27b2985,validation
2824899604.jpg,3,CMD,b5c660a9dbeb2618,train
2825142093.jpg,3,CMD,d48569e907416fd9,train
282573788.jpg,2,CGM,83c770fc2c3d2762,train
2825938398.jpg,3,CMD,999d153f1b541707,validation
2826018346.jpg,4,healthy,83d9975730363c35,train
2826122413.jpg,4,healthy,b8a5874e1fe04fc2,train
2826533790.jpg,3,CMD,8dc17aa387a503f3,train
2826900039.jpg,4,healthy,95b82e3c62d74ad2,validation
2827166552.jpg,4,healthy,d18eebd8d1d13815,train
28277357.jpg,3,CMD,83047662371bbaf5,validation
2827746992.jpg,3,CMD,9527751f601e1bb1,validation
2827812381.jpg,4,healthy,d13c71846a679b1b,train
2828087857.jpg,3,CMD,c59e63a72a6b4b50,train
2828144235.jpg,3,CMD,c3a230dc7cee2d19,test
2828195136.jpg,0,CBB,95b4bf989a585949,train
2828211930.jpg,3,CMD,83a34fc53dcc06f1,train
2828422738.jpg,1,CBSD,a3cc94476ec44fe2,train
2828575652.jpg,3,CMD,90c6373971fd6c28,train
2828604531.jpg,3,CMD,d3c938b35f0262f2,train
2828723686.jpg,2,CGM,c5ed2b3b3c1540ec,train
2828802203.jpg,1,CBSD,94b94aca2bad0ced,train
282889032.jpg,4,healthy,da51a15cf278d90e,train
2829084377.jpg,3,CMD,942a3f8b381b6657,train
2829293396.jpg,2,CGM,9ff04fd00e94a4b5,train
2829455498.jpg,3,CMD,d60a60dafeec3234,test
2830023895.jpg,4,healthy,96122c6ed4beee44,test
2830047859.jpg,3,CMD,cf18647a4493d6ec,train
2830245641.jpg,2,CGM,87c62de5267341ad,train
2830260577.jpg,3,CMD,c42c3b864e8ddb33,train
2830372241.jpg,3,CMD,8cd1255293fb356c,train
2830691445.jpg,3,CMD,c10b0d1cdfadaa9a,test
2831467808.jpg,3,CMD,a91b26cc4886df5e,train
2831815684.jpg,3,CMD,96fb7146da0f025a,train
2832373366.jpg,3,CMD,87b178070b66f55c,train
2832444358.jpg,3,CMD,c1c625ead975912e,validation
2832723542.jpg,4,healthy,c8bd03f206913fcb,test
2832882740.jpg,3,CMD,e38465750de6338d,validation
2832912190.jpg,4,healthy,d08d7f5c07990573,validation
2832943680.jpg,3,CMD,944b663987e833b6,train
2832996503.jpg,0,CBB,89b626273e3c25e6,validation
2833208070.jpg,3,CMD,c06f5a6738b15663,train
2833552886.jpg,3,CMD,d176691e7a98158e,test
2833573615.jpg,3,CMD,e19c473067c0ce77,train
283386719.jpg,1,CBSD,91cd68789e17639c,test
2833869009.jpg,3,CMD,d0d363f0f283e1e8,train
2834029646.jpg,3,CMD,96eedad0a09f5c03,train
2834151142.jpg,3,CMD,aa3e1a148de550fd,test
2834465859.jpg,3,CMD,c3bf26a45344179b,train
2834607422.jpg,4,healthy,d35a765f16223117,validation
2834820650.jpg,2,CGM,89b46474609b76d7,train
2835247353.jpg,3,CMD,8c0365c9cf1bdad1,train
2836107083.jpg,3,CMD,cfcc71aa9b9510a3,validation
2836237528.jpg,1,CBSD,db246de5342e2746,train
283668600.jpg,1,CBSD,95d56929232ebe91,test
2837017211.jpg,3,CMD,cb1eddc18c717303,train
283709866.jpg,3,CMD,839d6ea40b73aca9,train
2837141717.jpg,3,CMD,d7946e4e33215879,train
2837350283.jpg,3,CMD,ccb93b61166a3497,train
2837653257.jpg,3,CMD,ba932ac6878c647e,validation
2837753620.jpg,2,CGM,810b1c1e3eadf65a,validation
2837844758.jpg,3,CMD,d3df14d4f26262d0,train
2838088405.jpg,2,CGM,8f8a0a3c2c76676d,train
2838277856.jpg,3,CMD,b7d90a137ec10ee8,train
2838507101.jpg,4,healthy,a296fcd4d286abe0,train
2838691215.jpg,3,CMD,c6977a4aac28698f,train
2838697086.jpg,1,CBSD,827275ea663d70c6,test
2838867614.jpg,3,CMD,c7663f9d0d82d11a,train
283889532.jpg,3,CMD,875a5a4c53a6667c,train
2839068946.jpg,4,healthy,b4923da65ed9832c,train
2839218699.jpg,1,CBSD,869078bc355d17cb,test
2839228150.jpg,4,healthy,81d82ce3fd787807,train
2839368896.jpg,2,CGM,908e1deb8e037774,train
2839431875.jpg,3,CMD,92adc67d5e8314d2,train
2839492411.jpg,2,CGM,95e0352a66dd3b32,train
2839558739.jpg,4,healthy,99b946786f466531,train
2839592089.jpg,3,CMD,c0a713b5367936d2,validation
2839650857.jpg,2,CGM,84db4f8664352ee5,train
2839716673.jpg,3,CMD,c50b7a5936d44ea5,train
2839789012.jpg,2,CGM,a4a1b6fa7e1c1d84,train
2839939276.jpg,4,healthy,c2e23d2ced33938c,validation
2840067071.jpg,4,healthy,d1d152bb56682af4,train
2840218181.jpg,3,CMD,c98f27f012e3b951,test
2840412026.jpg,1,CBSD,d3ba27c525a91a4e,train
2840615429.jpg,1,CBSD,d1c65a792491b7d4,test
284062479.jpg,3,CMD,963a1f914e217f68,train
2840731467.jpg,3,CMD,e0e0e1e4a3b78fa4,train
2840845699.jpg,2,CGM,c2a6645b7eb212dc,train
2840988158.jpg,3,CMD,d69972361e9a7e80,train
284130814.jpg,4,healthy,c2dad2c65bf48570,train
2841497456.jpg,2,CGM,d9b282b53c8f6362,train
2842020217.jpg,2,CGM,d0e5c0a3e3b2e5e2,train
2842496003.jpg,3,CMD,f0e1a5072dd0f0f3,train
2842557158.jpg,0,CBB,87c70beb50b2f055,train
2842680107.jpg,3,CMD,fc992cc9e2a6f824,train
284270936.jpg,4,healthy,c79352d6c3d7d0c0,train
284272770.jpg,3,CMD,8a99128c6d356d6f,train
284280039.jpg,1,CBSD,d7b27dcb929a1a08,train
2843047377.jpg,3,CMD,8f313c576156e2c6,train
2843098728.jpg,4,healthy,c1d505ba4718d7b9,train
2843368967.jpg,3,CMD,c0d32de952e4619f,train
2843402791.jpg,4,healthy,891765ca7709dca6,test
2844800744.jpg,3,CMD,822636f1d897d1f4,train
28448308.jpg,3,CMD,982d37b5653a2d86,train
2845047042.jpg,3,CMD,b7cb70097b720339,validation
2845701741.jpg,3,CMD,85ed235b49cd0d2d,train
2846083569.jpg,3,CMD,946d0cdd7f3c4113,train
2846104272.jpg,2,CGM,89be6ac9e52c59a8,train
2846218827.jpg,3,CMD,b0dc70ee49326f98,train
2846400209.jpg,1,CBSD,913e6b8f58a116f8,validation
2846421039.jpg,4,healthy,cfe14872d7b9206c,train
2846698529.jpg,3,CMD,811c4eed3f1b842f,train
284703051.jpg,3,CMD,95ec1ac5379ae12c,validation
2847134038.jpg,3,CMD,a1af70ea1efa1491,train
2847223266.jpg,3,CMD,cb7c7890426d6cb3,train
2847345267.jpg,1,CBSD,81ec43136afcdc93,validation
2847484620.jpg,3,CMD,81ef435f6d21341e,train
2847604591.jpg,1,CBSD,948a277d3e63d1d0,train
2847670157.jpg,3,CMD,8f8a26b68b3cdc45,train
2848007232.jpg,3,CMD,f3833a5ad00fe076,validation
2848105095.jpg,3,CMD,c1cb39323c8e27e6,train
2848134469.jpg,3,CMD,8a3c817dc4fb09ea,train
2848167687.jpg,3,CMD,96c8bf94b33e4289,train
2848438957.jpg,3,CMD,cc9664b82bb2255f,validation
2848833347.jpg,1,CBSD,d99a766442cb2d69,train
284886635.jpg,3,CMD,da27e42576a4917c,validation
2848893902.jpg,2,CGM,cbc115a612cff03b,train
2848956847.jpg,2,CGM,c5180675376c792f,train
2849149876.jpg,3,CMD,d1a1d2d9a6c96e86,train
2849214868.jpg,2,CGM,c0e735492eb4476b,train
2849258788.jpg,1,CBSD,98926bced7022f2d,train
2849259424.jpg,3,CMD,dece70a350a17cf0,validation
2849544305.jpg,3,CMD,d0a06e32e35a9ef1,train
2849738435.jpg,3,CMD,8c9a7cd0ec3eb113,validation
2849797533.jpg,1,CBSD,d8e123671e1c79c6,validation
2850586087.jpg,3,CMD,96f1090c7f8378ec,train
2850864042.jpg,3,CMD,caf934c88e75478c,train
2850943526.jpg,3,CMD,85f122574c3e74a7,train
2850987869.jpg,3,CMD,c3b223a0850f7cfb,train
2851044732.jpg,1,CBSD,92cd7f4a68612d72,train
2851112716.jpg,1,CBSD,9dd16d9653307a26,train
2851173680.jpg,3,CMD,c5d23198c5356bf4,validation
2851303164.jpg,3,CMD,a7ef338c5b884a94,train
2851517936.jpg,3,CMD,d2b91a352fec3903,train
2851597071.jpg,1,CBSD,d57f22d4480f1f68,train
285161140.jpg,3,CMD,d9dc2fb815421bb4,train
2852147190.jpg,4,healthy,b455d263cb566d0a,test
2852400341.jpg,3,CMD,83936db91af1c34c,train
2852554311.jpg,1,CBSD,89a129b9efa8a1ad,train
285256014.jpg,4,healthy,cdb16edb4661814e,test
2853035567.jpg,3,CMD,87a6377d76055858,validation
2853169538.jpg,3,CMD,c0133cff263ec730,train
2853279464.jpg,3,CMD,9b6344dba744334e,train
2853436606.jpg,3,CMD,e58657a93874674a,train
2853469251.jpg,2,CGM,8cbc69acadad64a1,validation
2853557444.jpg,1,CBSD,96b327d01a16fce4,train
2854111497.jpg,1,CBSD,908528bd77eba654,train
2854297423.jpg,3,CMD,9120679ccdd2f16e,train
2854397889.jpg,3,CMD,90c83af51f1f8d4a,train
2854519294.jpg,1,CBSD,9996267c744e82af,train
2854930410.jpg,3,CMD,96d219db499a3c99,train
285510600.jpg,4,healthy,cee63785ba03315a,train
2855318421.jpg,3,CMD,c19e60f18eb986f2,validation
2855378475.jpg,3,CMD,93a763ccb4371b42,train
2855622883.jpg,3,CMD,c4865fd6c70f2543,train
2856023827.jpg,4,healthy,b9477039847a35e9,validation
285610834.jpg,3,CMD,85aa12bb25946bf3,train
2856136124.jpg,3,CMD,822a3a9a71c3bbf1,train
2856324401.jpg,3,CMD,ceed92482d432c3f,train
2856404486.jpg,2,CGM,edfe7dea50d02204,train
2856433123.jpg,2,CGM,83a519fdb01738f8,train
2856542971.jpg,4,healthy,943a4cccd9535f15,train
2856556640.jpg,1,CBSD,9ec31a99649b64da,train
2856660154.jpg,1,CBSD,90db2f9778241675,train
285685903.jpg,4,healthy,86587b8678c18fd9,train
285688813.jpg,3,CMD,dda30e1568621f79,train
2857145632.jpg,2,CGM,aad20f722ba28fb4,train
2857325941.jpg,2,CGM,89a97c7064cfb362,train
2857397632.jpg,2,CGM,c3cff8d8b18e8e10,train
2857712937.jpg,0,CBB,c4b377582aa4b5a6,train
2857776257.jpg,4,healthy,d0fd3691e1326d16,train
2857852888.jpg,4,healthy,e8217ddc1e48726d,train
2857955845.jpg,2,CGM,f8e972021d80efe3,train
2858265000.jpg,3,CMD,d0cd2f72b419f390,train
2858303403.jpg,3,CMD,d41e7e724d83e889,validation
2858396640.jpg,0,CBB,dc97710cf9a08e63,train
2858611026.jpg,3,CMD,92ea0574cf1f189d,train
2858707596.jpg,3,CMD,c0b26ee2e7d7a0a1,train
2858810881.jpg,3,CMD,d0ff2ec0736641c9,train
2858877358.jpg,1,CBSD,8d4f6c35a21318bf,train
2859329046.jpg,3,CMD,95b04fb070de8ee2,test
2859411048.jpg,1,CBSD,d5e83a6ee4e882a6,train
2859464940.jpg,3,CMD,9c6129deab65849b,train
2859716069.jpg,3,CMD,80c0718bebdb9de2,train
2859854202.jpg,3,CMD,aef126f94507254e,validation
2860246624.jpg,3,CMD,cf7a559d96403b48,train
2860256595.jpg,2,CGM,95d4134b564bb8ce,train
2860693015.jpg,2,CGM,94e165cea0cc7739,train
2861369711.jpg,2,CGM,d5f20afd525c6a28,train
2861516839.jpg,3,CMD,e88f453db8b05c47,train
2861545981.jpg,2,CGM,c89a36b068cbfd07,test
2861691926.jpg,3,CMD,c1b872bc830e36fc,train
2862156750.jpg,4,healthy,c0e90a813f3b5977,train
2862573284.jpg,4,healthy,cafc7cf969c142a0,validation
2862651902.jpg,2,CGM,8c941c9edcfa3272,test
2862680976.jpg,3,CMD,c4550cec1ed632f9,train
2862696659.jpg,3,CMD,b0f70ab8818dee87,validation
2862778126.jpg,3,CMD,85d87c2363949bba,train
2862973358.jpg,3,CMD,d9c74a393d707348,train
2863474549.jpg,3,CMD,a9a23a96aaae58d9,validation
2863889323.jpg,3,CMD,d7bc08e3fe10605d,train
2864298311.jpg,3,CMD,a8c33d636c817cb3,test
2864427141.jpg,3,CMD,89d866bc58ada959,train
2864463942.jpg,3,CMD,84d27e6c61e569aa,train
2864532885.jpg,3,CMD,d5303c1f8d2b71f0,train
2864662204.jpg,3,CMD,91cb5a1c926475de,train
2864870143.jpg,3,CMD,d4a74956584f27e4,train
2865082132.jpg,3,CMD,84bf293cb7ed040b,test
286514821.jpg,4,healthy,d3a47385659e28d6,train
286515278.jpg,3,CMD,cc8f765d1921199d,train
2865232571.jpg,3,CMD,eab7455a933523c2,train
2865479509.jpg,4,healthy,c9de3f3d39212063,train
2865650772.jpg,3,CMD,96bc3d921a59a4a7,train
2866106633.jpg,3,CMD,cc9e53c21ec94e63,test
2866140358.jpg,3,CMD,c18431fa2834dfb7,train
2866368474.jpg,2,CGM,95c0a2b0e19ebb2f,train
28666432.jpg,4,healthy,9a6c796a5892cccd,validation
2867619022.jpg,3,CMD,95d9321cbe43b26a,train
2867956908.jpg,2,CGM,d5e03fecf1245e01,train
2867985976.jpg,3,CMD,987a0dc65fd4384b,validation
2868197011.jpg,3,CMD,97946d61b4bc0dc3,train
2868204767.jpg,4,healthy,98cd67738890796d,train
2868211687.jpg,4,healthy,f5d86b34050b8bb6,test
2869029395.jpg,1,CBSD,89a80cccf1cf8f95,train
286905870.jpg,3,CMD,d1d9633742e723a1,train
2869128816.jpg,1,CBSD,c1ec60ebec52592e,train
2869232623.jpg,2,CGM,da43213b1ea46f0f,train
2869286599.jpg,3,CMD,d6e10df16d03356c,test
2869465595.jpg,3,CMD,852c36f734d27cc4,train
2869590198.jpg,3,CMD,c2e07dc1e14643bf,train
2869773815.jpg,2,CGM,92817d335ef8151e,train
2869976219.jpg,3,CMD,937566c0699bad91,train
2870123784.jpg,2,CGM,cda41fd049293e67,validation
2870340497.jpg,1,CBSD,89a2805a7e67fe31,train
2870426573.jpg,3,CMD,93afb583acb8a838,train
2870742473.jpg,3,CMD,dd9d32ce8dbb0c02,test
2870914313.jpg,3,CMD,c3ae33a9e492196d,train
2870996618.jpg,3,CMD,95334c605df63e43,train
2871112358.jpg,3,CMD,dcf8732d0199c197,test
2871262149.jpg,3,CMD,deed5ee9ad941080,train
2871435111.jpg,2,CGM,84db60b71af63358,validation
2871575859.jpg,1,CBSD,99396c84fbac624b,validation
2871659353.jpg,2,CGM,87e87a6a658433b6,train
2872140019.jpg,3,CMD,97b1afb0e1e160d2,train
2872388134.jpg,2,CGM,8c1b551bcb662fa1,test
287239456.jpg,3,CMD,dde312a942bab4c9,test
2872555375.jpg,3,CMD,cc1b6768b3981d6a,train
2872589934.jpg,3,CMD,d3e3742886d87517,test
287262008.jpg,3,CMD,85fc9e0373ecc489,train
2872638305.jpg,3,CMD,84e767996b3a1a07,train
287277313.jpg,3,CMD,bce2028c72c96ff2,train
2872872513.jpg,3,CMD,95f1674a2cf116a9,train
2872930552.jpg,2,CGM,d39e2c7154c6688f,train
2872979804.jpg,0,CBB,c4a96892c9aafaf1,train
2873149227.jpg,1,CBSD,d29a617d0b6711c7,train
2873516336.jpg,4,healthy,c1d9393e6e8c06f4,train
2873763227.jpg,3,CMD,85fb667b10e35107,validation
2873954031.jpg,2,CGM,d1743159e46067be,train
2874755913.jpg,1,CBSD,8dd670bf0aeb50c8,validation
2875203815.jpg,4,healthy,cc0a3db4af642799,train
2875237501.jpg,3,CMD,fd8120ce7ba49758,train
2875256412.jpg,3,CMD,969c65656553383d,train
2875351329.jpg,2,CGM,894e21362ee4c7fc,test
2875593813.jpg,4,healthy,dce2619706bad09b,train
2875698893.jpg,3,CMD,d3a829b4465b4f9a,train
2875803913.jpg,4,healthy,f902786768eaa7a1,train
2876166788.jpg,3,CMD,92b56e2d13c84dea,train
2876258048.jpg,1,CBSD,cbaf3290b59d5063,train
2876605372.jpg,2,CGM,9895433f549d4c6b,validation
2876644518.jpg,3,CMD,d4c2272f6bde2c0c,test
2876649669.jpg,1,CBSD,8bea3c83d4da6bc0,train
2876852928.jpg,3,CMD,94adad8d858ca8fa,validation
2877008433.jpg,3,CMD,c8d506a3172dae9e,train
2877032779.jpg,3,CMD,d650386707bed9e0,test
2877279154.jpg,3,CMD,91801f132b7d8f3d,test
2877381868.jpg,3,CMD,fd8030b7d385de88,test
2877613558.jpg,3,CMD,e2f8d1ebb8816853,test
2877771925.jpg,3,CMD,8cb55bb21726a5d8,train
2877824060.jpg,3,CMD,c8df909af592f830,train
2878480561.jpg,3,CMD,c5d4068a2a6c57df,train
2878494248.jpg,3,CMD,d09b699c77cac053,train
2878596544.jpg,3,CMD,c699736b2e336c0c,test
2878645903.jpg,0,CBB,c3d32b4d74942be8,train
2878649203.jpg,4,healthy,903c53a456d36e6d,test
2878672809.jpg,3,CMD,9c2763d186e4b6b4,train
2878808214.jpg,3,CMD,8ac6526426cd7d6b,train
2879061263.jpg,2,CGM,9541275c61a37a77,test
2879167863.jpg,3,CMD,b76360db145d6d88,train
2879533575.jpg,4,healthy,d5786ba05292bc6e,train
2879648193.jpg,3,CMD,c13c72c936d76a25,train
287967918.jpg,3,CMD,9074290fb1f6f2cc,test
2879937455.jpg,4,healthy,ebd544a1756a4a2d,train
2879960954.jpg,3,CMD,96e31cde23d82ec2,train
2880080736.jpg,3,CMD,82a73f7d052f26c8,train
288071387.jpg,4,healthy,84bdb2a395d5623a,train
288080098.jpg,3,CMD,d0c27ff43403c37a,train
2881486554.jpg,1,CBSD,90e68f562acd12ed,validation
2881612471.jpg,3,CMD,9c7372c44bbed025,train
2881741039.jpg,3,CMD,d4be4f851a79854a,train
2881921977.jpg,0,CBB,95cf3eb067e66480,validation
2881938296.jpg,3,CMD,d1cf56c9a516ba0a,train
2882347147.jpg,1,CBSD,80f5254e7d71033f,train
2882742314.jpg,3,CMD,81e92ce8f2736535,train
2882878269.jpg,4,healthy,95f45a5b72c45c2a,test
2882936489.jpg,3,CMD,d25009e5bbd3cb0e,train
2883095931.jpg,4,healthy,e4aed24dd82cda29,test
2883197324.jpg,4,healthy,936c7ab1863d744a,train
2883262414.jpg,4,healthy,d6b13ec9739e0116,train
2883462081.jpg,3,CMD,cccb24dcae15dd0a,train
2883466780.jpg,3,CMD,e20c714db3d222bf,validation
2883512033.jpg,3,CMD,f4a70e2ac0a055ff,train
2883608679.jpg,2,CGM,8df3446a3ca5467a,test
2884234372.jpg,2,CGM,c5230dd23e7398e6,train
2884334007.jpg,3,CMD,f8d103a56780e5f6,validation
2884358807.jpg,3,CMD,c3e263f166f484ac,train
2884361.jpg,3,CMD,bdf6204fd8a76c01,train
2884368944.jpg,3,CMD,a152133ff267cd30,train
2884532990.jpg,3,CMD,cc51706abe68e1d5,train
2884824828.jpg,3,CMD,88f763b41699f074,train
2885001903.jpg,3,CMD,f59794f90f320c19,train
2885037950.jpg,3,CMD,97dc7f8610c18ecc,train
2885109951.jpg,3,CMD,950a6ec870277977,test
2885118531.jpg,1,CBSD,dfb838b868c5e60c,train
2885347871.jpg,2,CGM,8e9e704366687e74,train
2885564001.jpg,3,CMD,d4fa1b0171d00f7e,validation
2885612142.jpg,2,CGM,85e2073d07632df3,validation
2886129044.jpg,3,CMD,b0e2324e4e7b44f3,test
288659621.jpg,4,healthy,8ef40c5becd0db84,train
2886723600.jpg,4,healthy,80e7ba9890dd2d3e,train
2886939236.jpg,3,CMD,956e6e2203bcf94c,test
2886957597.jpg,4,healthy,859422c9d64cdded,train
2887154735.jpg,3,CMD,80ff41c67cba0ec6,validation
2887300440.jpg,2,CGM,f3a63892ecf87803,train
2887362636.jpg,3,CMD,83753e96e0cc5696,train
2887371997.jpg,3,CMD,956e6f195d147605,train
2887416940.jpg,3,CMD,a5dc8ed192ec0e87,train
2887524398.jpg,3,CMD,97587ae1040f1f1f,train
2887678125.jpg,3,CMD,d44e679df3124594,test
2887993051.jpg,3,CMD,da536e81c9b16c4d,train
288799887.jpg,3,CMD,9122f1894675cedd,train
2888320334.jpg,3,CMD,c26d2a5097b5b43e,train
2888341148.jpg,4,healthy,c8ee1583cf7036b8,train
2888561095.jpg,3,CMD,df0460d18130fbef,train
2888618344.jpg,3,CMD,89c13fe901bc369b,train
2888640560.jpg,2,CGM,9cd3618f2c627a2e,train
2888884309.jpg,3,CMD,9946fa06dc2d3d98,train
2888967355.jpg,3,CMD,c1de198827be991b,train
2889043741.jpg,3,CMD,93ce5d7dac820cc3,train
2889124481.jpg,3,CMD,c7c939937aa6c01d,train
2889162661.jpg,3,CMD,97dbd6c9e0c1e026,train
2889729749.jpg,1,CBSD,c0d65b6e6d14748e,train
2889748854.jpg,4,healthy,95571367cb824d53,train
2889810856.jpg,3,CMD,d4e31e0772e53b30,train
2889965946.jpg,0,CBB,de736234983c6363,validation
2889971119.jpg,3,CMD,8eca412a76c7a7f0,train
2890583988.jpg,3,CMD,beb344178a9e1758,train
2890639834.jpg,1,CBSD,d4192ead03aee1dc,test
289082000.jpg,3,CMD,809a3ff8dae7cc40,test
2890968781.jpg,3,CMD,99b021f9694c79d5,train
289125802.jpg,3,CMD,c3e33490c9ad36e6,test
2891506485.jpg,3,CMD,d8de18b2b62076e5,train
2891633468.jpg,3,CMD,81c40bbf2d8e1f95,train
2891831369.jpg,3,CMD,c997276e3ac834d1,validation
2891895109.jpg,3,CMD,88df3b95320f0e1e,test
2891992852.jpg,3,CMD,d06b1cf0b9d716a4,test
2892098824.jpg,3,CMD,e88219dccaafe896,train
2892111391.jpg,3,CMD,d0ea63135ddc5349,validation
2892116713.jpg,3,CMD,8d77123db42d09bc,train
2892238301.jpg,3,CMD,8b8d6a78393a32ab,train
2892268393.jpg,1,CBSD,866a531785835e5f,train
2892378347.jpg,1,CBSD,d59d5a7c4fa62414,validation
2892512782.jpg,3,CMD,d1fb09863c4d6cb4,train
2892520196.jpg,3,CMD,c6f60ad895c4e43b,validation
2892596636.jpg,0,CBB,d3b435c21cd096f6,train
2892660349.jpg,3,CMD,95c23e0f6cf1730a,test
2892993020.jpg,3,CMD,c5a45ed6393c059b,test
2893109230.jpg,3,CMD,9e887902ad223ff3,train
2893140493.jpg,2,CGM,86be1db2223c5c3d,train
2893323611.jpg,4,healthy,a1e16341cac6b7b5,validation
2893965376.jpg,3,CMD,f4811f8cb55a0abe,train
2894076283.jpg,3,CMD,89d525c0744a76df,train
2894815812.jpg,3,CMD,953a7a02df779830,validation
2895265438.jpg,3,CMD,90d13b666696e6ca,train
2895326283.jpg,1,CBSD,959189a9ceee4a4e,train
2895432625.jpg,2,CGM,e7eb37d9860a032a,train
2895516446.jpg,2,CGM,82c4f8b9d9b928ae,test
2895545920.jpg,3,CMD,88f04fd8ad5752e8,test
2895678795.jpg,3,CMD,cf873fd600c8e40f,train
2895704556.jpg,3,CMD,d28d7f6320366cc9,train
2896139543.jpg,4,healthy,98f85a2ca66a3d95,train
2896221561.jpg,3,CMD,9364362d744a6cf5,train
2896377982.jpg,2,CGM,9493b9a5ad89aca5,train
2896379895.jpg,0,CBB,d1ce3679143a530f,validation
2896421172.jpg,0,CBB,d7ea0d748ea82a27,train
2896714153.jpg,3,CMD,cb6c26b6e4c98acc,train
2896951319.jpg,3,CMD,94a15a852be2b5cf,test
2896960691.jpg,3,CMD,d10e2f71b94b8457,train
2897500080.jpg,3,CMD,fea9359ea2e8e0c0,train
2897788070.jpg,4,healthy,df9d20839a5e9227,train
2898065590.jpg,2,CGM,87ce75377231c419,train
2898481085.jpg,3,CMD,8e7b439c74e47123,train
2898618584.jpg,3,CMD,b74e71cd124d7c60,train
2898656244.jpg,4,healthy,cbed36137c5a8183,train
2898853509.jpg,3,CMD,c7c40e5f988db313,train
2899099004.jpg,3,CMD,cacc750ee5325a4b,train
2899479239.jpg,3,CMD,98694b8f34662f72,train
2899766947.jpg,3,CMD,eac9543b92c13e3c,train
2900062075.jpg,4,healthy,d5c74f31452c18fa,train
2900265052.jpg,3,CMD,91e0702f43cfa8b7,test
290026974.jpg,3,CMD,c19c0be9bc9c7943,train
2900358296.jpg,4,healthy,b1e97e9c6a0609dc,test
2900385271.jpg,3,CMD,84813fbc73c44fac,train
2900494721.jpg,3,CMD,c63bcce35d5023c9,train
2900867237.jpg,3,CMD,cd866e876683a3e1,train
2901223259.jpg,4,healthy,d0ba0e13766c8bd9,test
2901551439.jpg,3,CMD,e1c671de334899a5,train
2901563947.jpg,2,CGM,def82837cd42780e,train
2901708909.jpg,3,CMD,909b302f2f2b37c3,train
2901825019.jpg,2,CGM,81923a35ebacf3a4,validation
2901999193.jpg,3,CMD,888a2ad06b75f1fc,train
2902102449.jpg,3,CMD,f752487fe7184445,validation
2902868947.jpg,4,healthy,f5c11d0e413b4fb4,train
2902870417.jpg,3,CMD,d481402c37fdcb9b,validation
2902920055.jpg,1,CBSD,c899659232fb0f59,validation
2903096431.jpg,3,CMD,b3f8a559820bc38f,train
2903239369.jpg,0,CBB,d4c1b0c96eb0cdcd,train
290330172.jpg,4,healthy,84fc6f07609d1f91,train
2903545051.jpg,1,CBSD,9fa62f9848591d36,train
2903569390.jpg,3,CMD,a36dc41f09b68de1,train
2903569782.jpg,3,CMD,d1e475503435f15b,test
290357999.jpg,3,CMD,816558e1e1f7f60c,train
2903629810.jpg,2,CGM,87c96ea359954e1c,train
2903757445.jpg,3,CMD,8d43f50966e8c4ee,test
2903816305.jpg,3,CMD,d24509f65d98374e,test
2903907923.jpg,0,CBB,d8f3338203c0fadb,train
2904005710.jpg,1,CBSD,8d9f726cd1861e0b,train
2904199650.jpg,3,CMD,96cb783855a76827,train
2904271426.jpg,3,CMD,c23707a37d865e0d,validation
2904485094.jpg,2,CGM,d6833ae4165e6d64,validation
2904534563.jpg,3,CMD,84f2608e6fc9fcc2,train
2904671058.jpg,3,CMD,85e03f75024eece3,test
2904848270.jpg,3,CMD,c69e3ac3703dc14b,train
2905209291.jpg,3,CMD,9fd531a52f3c70c0,train
2905371700.jpg,1,CBSD,d8723f9603b4724b,train
2905433618.jpg,4,healthy,c1d63d5863da264d,train
2905584104.jpg,3,CMD,90fd01b579181ded,train
290569488.jpg,3,CMD,95b763b4b5b1a860,train
2905887778.jpg,4,healthy,f3ad52dc64c8a0ab,validation
2906219922.jpg,2,CGM,b5eea6e1e4a4a0b4,train
2906227978.jpg,3,CMD,d0990f46e1bd5a65,test
2906577279.jpg,4,healthy,c7033ce86e5171b6,train
2906768430.jpg,2,CGM,81a7afa5f182c8f8,test
2906936661.jpg,3,CMD,a9560c15566b6c7d,test
2907186124.jpg,4,healthy,fbc0e6ccf390191a,train
2907262343.jpg,0,CBB,83c37cd4c50babd4,train
2907281169.jpg,3,CMD,e19e42603a4dbacf,train
2907284837.jpg,2,CGM,d825352c78979a37,test
2907433779.jpg,1,CBSD,99876ef6444ccb85,test
2907707282.jpg,3,CMD,dfb92f2751199241,validation
2907723622.jpg,3,CMD,8bd2d2d5d4eaa425,train
2907829434.jpg,2,CGM,99c60b71a69bf960,validation
2907873102.jpg,3,CMD,9b5e27f1072d602e,validation
290799533.jpg,4,healthy,82ff398b36d20e61,validation
2908005417.jpg,3,CMD,d02a6be0d4b90f75,validation
2908034482.jpg,4,healthy,80e75c23713c8f9d,train
29080398.jpg,3,CMD,859241f6ae490bf7,validation
2908562046.jpg,3,CMD,97f00a70189feee1,validation
290865362.jpg,3,CMD,953a62e5c69ca963,train
290867441.jpg,1,CBSD,d3a462e7e1a38297,train
2908769116.jpg,2,CGM,8df05b6d2964720f,train
2908770842.jpg,1,CBSD,c5a93cef60944ba9,train
2908850591.jpg,4,healthy,8cf6330edb87416a,train
2909297088.jpg,3,CMD,9d680663bcbb4635,test
2909347864.jpg,3,CMD,8dc37020391f72fd,train
2909436722.jpg,4,healthy,90983e4671713f7a,train
2909683622.jpg,3,CMD,942f46c76ad2698b,validation
291024116.jpg,3,CMD,930f7668b9c49ea8,train
2910257222.jpg,3,CMD,830f7503b0761f6d,train
2910260764.jpg,3,CMD,d1e6329d24921f9b,validation
291050311.jpg,0,CBB,9be14a9314291bfe,validation
291053926.jpg,2,CGM,8dcd13727d1b1d48,validation
2910622888.jpg,3,CMD,85f94a8b4e8477c5,validation
291069106.jpg,2,CGM,b8033ee8407705ff,train
2910809830.jpg,4,healthy,e69313cdc92c0f71,test
2911150732.jpg,3,CMD,8dbb0e898268e6f6,train
291117333.jpg,3,CMD,c1f07f9978e77800,validation
2911274899.jpg,3,CMD,948f1362676ccd4d,train
2911400901.jpg,3,CMD,989176ea1937a4dc,train
2911476555.jpg,4,healthy,c4c270fcafb15487,train
291224369.jpg,3,CMD,cc9626d13eadab84,validation
2912412850.jpg,1,CBSD,99f201d569ac1e3b,train
2912509098.jpg,2,CGM,fbb1b0e28093bac5,train
2912577934.jpg,4,healthy,f4813e8f9d1642e9,train
2912628693.jpg,3,CMD,94f2dc65326f3330,test
2912721875.jpg,3,CMD,d1a506fd6047ec1e,train
2912819166.jpg,1,CBSD,c4b166d00fd80fbd,train
2912938303.jpg,3,CMD,c9b043bddb437164,train
29130164.jpg,2,CGM,ded060ef7df840c0,train
2913849934.jpg,3,CMD,879c262cbdedac48,train
2913981436.jpg,1,CBSD,cc8f65387c3941b9,train
2914141395.jpg,4,healthy,cc6e27392f32394c,train
2914451670.jpg,2,CGM,93af54ca6443b1e5,test
2914654588.jpg,0,CBB,95daa1c548786e7c,train
2915309072.jpg,3,CMD,828d73628db2679e,train
2915436940.jpg,3,CMD,a795ccfe1789c504,train
2915539500.jpg,0,CBB,9dbd67d784419885,train
2915680359.jpg,3,CMD,ba9b469da226e925,train
29157816.jpg,3,CMD,81a21daf3eabf288,test
291604764.jpg,3,CMD,c2942ecb473c3dac,test
2916268128.jpg,1,CBSD,d0636b23356fb44c,train
2916471006.jpg,3,CMD,d385494e59ec6746,train
2916644234.jpg,3,CMD,dba93066a1bf4ec0,validation
2916689767.jpg,4,healthy,c2976c6485aef991,train
2917202983.jpg,3,CMD,8498bc8d0eb07cef,validation
2917486619.jpg,3,CMD,ee8d755ce989c842,train
2917507472.jpg,3,CMD,82b26a6b36cc53d9,train
2917694198.jpg,3,CMD,b2ea59c01dd15ea3,train
291787943.jpg,0,CBB,d1fa26f0e1222bd3,train
2917909181.jpg,3,CMD,91770ae621997e35,train
2918749013.jpg,3,CMD,c1cd21c94cddc5d9,train
2919049656.jpg,2,CGM,939073b345d398b9,train
2919064495.jpg,3,CMD,d9c644a9053cf8f5,train
2919116944.jpg,4,healthy,c3c34378f30781b7,train
2919191104.jpg,1,CBSD,c5b820d77ec8a9a3,validation
291970029.jpg,2,CGM,87b76f82426a6ea1,test
2919728827.jpg,3,CMD,86bd81f78c7889a3,train
2919802087.jpg,2,CGM,c7c66486c99686db,train
2919893259.jpg,2,CGM,81807f9825bdafe8,train
2919968611.jpg,3,CMD,c13e16a92152ebdb,train
2920798001.jpg,4,healthy,85db177105c2b86f,test
292179088.jpg,3,CMD,d39631e58d2a2dc3,train
2921818611.jpg,2,CGM,8ee36e6dc64e448c,train
2922394453.jpg,3,CMD,bc42779199fc071c,test
2922538939.jpg,4,healthy,dacec411e0377d1a,train
2922748585.jpg,2,CGM,84d839b0cbad5673,test
2922796130.jpg,3,CMD,d5aa3ac437a85475,validation
2922919647.jpg,3,CMD,e39d1a4e253c1f94,train
2922958055.jpg,1,CBSD,cbc4542b373576c4,validation
2922966449.jpg,1,CBSD,da1b56ee7800be49,train
2923119977.jpg,1,CBSD,85ad7a6949b06dc9,validation
292358670.jpg,3,CMD,84b1623cd63a7d63,train
292361837.jpg,1,CBSD,89890dca6b5c7b72,train
292381950.jpg,4,healthy,df873142c9dc1e1a,validation
2923891231.jpg,3,CMD,de3e24c125c45bbc,train
2924102968.jpg,2,CGM,cccd3e80934f38f4,train
2924782662.jpg,3,CMD,c9b879c303abc25e,validation
2924890982.jpg,1,CBSD,9c9b7446295c72f4,test
2925148660.jpg,3,CMD,a2fdd64a340924df,train
2925462058.jpg,3,CMD,84bc3f0353b4a74e,validation
292549170.jpg,3,CMD,98f534c8e63b86c6,train
2925605732.jpg,1,CBSD,c0af3d9e409d2fe0,validation
2925813866.jpg,3,CMD,e5d51e685562da83,train
292613354.jpg,3,CMD,d0f86d127b61b21d,train
2926364943.jpg,3,CMD,d28808b26767bf8b,train
2926436715.jpg,3,CMD,c62d2e6ec04f4ec6,train
2926455089.jpg,2,CGM,d0d313632f86561f,train
2926580522.jpg,3,CMD,f0e2a093b0bc9fc3,train
2926655687.jpg,3,CMD,81847ef5f47ce105,train
2926838073.jpg,3,CMD,9c9f64ca04e49fe8,train
2927026832.jpg,3,CMD,f1d40f387ce649e0,validation
2927096236.jpg,3,CMD,d4f668dc590798e4,test
2927204876.jpg,3,CMD,89157d6d4685659b,train
2927441076.jpg,2,CGM,c5fb2c8459b6e449,train
2927616574.jpg,3,CMD,84381e6331675f5b,train
2927643274.jpg,3,CMD,d4d7069629c7f2c4,train
292767408.jpg,3,CMD,80d26cf9638ef0cb,train
2927770833.jpg,0,CBB,87be44137f5c30c6,train
2927894622.jpg,4,healthy,a5c946a51bc2ecd3,train
2928220238.jpg,1,CBSD,d08f20b0fc7a6576,train
2928426348.jpg,2,CGM,99f5d86133b093b1,train
2928437074.jpg,1,CBSD,d98f722bd00d9762,train
2928493279.jpg,3,CMD,87b87cf504748a3e,test
292859382.jpg,3,CMD,a9e8109d7e6236d6,test
2929004417.jpg,3,CMD,93cf7326292aa66a,test
292918886.jpg,0,CBB,c53636630d9229f7,train
2929245875.jpg,4,healthy,d7ca506b60b845e7,validation
2929358407.jpg,3,CMD,e01c7a9f28f74aa1,train
2929639901.jpg,3,CMD,833a78c34e59d1e6,test
2929669702.jpg,3,CMD,c7b258cb74e52b28,validation
2929693289.jpg,2,CGM,cfb87b0532c90e63,train
2930198832.jpg,1,CBSD,d306392627ffe098,train
2930575492.jpg,3,CMD,a51a2d6d10764f73,train
293090840.jpg,1,CBSD,8db569e87870e8b4,train
2931187107.jpg,3,CMD,e88316590fd44b6f,test
2931243890.jpg,3,CMD,c0ef641acb361db1,train
2931360205.jpg,2,CGM,a99333bb1c0f3705,validation
2932008073.jpg,1,CBSD,d62267bc2104f9fc,train
2932123995.jpg,0,CBB,88c86b96e5873d71,test
2932210794.jpg,4,healthy,916a789d4d8398e7,train
2932250281.jpg,4,healthy,dbdd63222a6d644a,validation
2932647711.jpg,3,CMD,9482097770be2b3f,test
2933075952.jpg,2,CGM,99f5c26e36435916,train
2933094268.jpg,2,CGM,90e601de5e393727,validation
2933422175.jpg,3,CMD,c2f7408a706e4ef9,train
293359249.jpg,3,CMD,94572d1b0791ccaf,train
2933784082.jpg,3,CMD,8095447bf22f5f51,train
2933959901.jpg,0,CBB,ff2eca8d679c0188,test
2934003853.jpg,1,CBSD,992a8d6e725a06fa,train
2934031861.jpg,2,CGM,a33d0ed15d5f01e8,train
2934115703.jpg,4,healthy,c8af09051f7cb34e,test
2934273784.jpg,1,CBSD,d8d879ec501b9db0,train
293458840.jpg,3,CMD,c6b94e0d59e92743,test
2934640241.jpg,0,CBB,93ca6cc4257a3a9e,test
2934666969.jpg,1,CBSD,952a4bdbd9e90067,validation
2934683232.jpg,2,CGM,83f838c1c76f8699,train
293469170.jpg,3,CMD,e2c5852e5be04b1f,train
2935338789.jpg,3,CMD,90e27182359f477e,test
2935393677.jpg,3,CMD,a66b9ed006f65435,train
2935458232.jpg,3,CMD,91a741740ef31e7a,test
293561831.jpg,3,CMD,ea8708855cab16ef,test
2935901261.jpg,3,CMD,90bdc7cdb49019b3,validation
2936101260.jpg,3,CMD,e1da1e64ce3626d1,train
2936136374.jpg,3,CMD,9617739e5d621a0e,train
2936687909.jpg,3,CMD,cc3737b102c4729f,train
2936902677.jpg,3,CMD,e0916598566df30f,validation
2936917961.jpg,3,CMD,d3f909affa04285c,train
293696347.jpg,3,CMD,c4d073f23cac3cf0,test
2937152803.jpg,3,CMD,d3917f9768c80547,train
2937341797.jpg,3,CMD,99c31fd594315b4c,train
2937475822.jpg,1,CBSD,cc59291a5b865abb,test
2937564241.jpg,2,CGM,c7e47c8c59a8325b,train
2937855140.jpg,3,CMD,d699216135e6f01f,train
2937880643.jpg,3,CMD,c9b46ec8cf4a31c6,train
2937926695.jpg,3,CMD,9c37618d6ef216a4,train
2938132389.jpg,3,CMD,8087bd36d15c8f99,train
2938350467.jpg,3,CMD,80afc5e476f13b18,train
2938513116.jpg,3,CMD,c1c33f25c2c2e6cb,train
2938739855.jpg,4,healthy,d4a93a4e807bca9d,test
2938887346.jpg,3,CMD,d45f4a2d8bbf410a,train
2939026915.jpg,3,CMD,c0a43f78c083f3ee,validation
293936551.jpg,3,CMD,87f47a7f326100e3,train
2939402823.jpg,3,CMD,c69b1fbd66db0840,train
2939594902.jpg,3,CMD,a6d53348aa29939f,train
2939800757.jpg,4,healthy,85beac92c8cc7857,train
2939949397.jpg,2,CGM,c0ad761b24e3acf4,validation
294001049.jpg,4,healthy,c1d7226979c1926f,train
2940017595.jpg,3,CMD,e3729d190471d2cf,validation
29400522.jpg,0,CBB,c09f7ee02b916cc3,test
2940098090.jpg,2,CGM,ba9964d51a4a54ed,train
2940233284.jpg,0,CBB,98a65c7d40d0ee3d,train
2940268858.jpg,3,CMD,8999f0c999e15e2b,train
2940769797.jpg,4,healthy,8d9c5aeaad34a4a5,train
2941008818.jpg,3,CMD,83d844b51e2d67da,train
2941037051.jpg,3,CMD,84d263b12b3cc3b7,test
2941081204.jpg,3,CMD,d0c0577fe8ec628a,train
2941244551.jpg,2,CGM,fad9f12f342560e0,train
2941452708.jpg,3,CMD,d2476574f2f48b11,train
2941588504.jpg,3,CMD,ccee307553b1a01f,validation
2941618016.jpg,3,CMD,91267cd18f9863c7,train
2941619919.jpg,1,CBSD,8bac3c8314fc967c,train
2941703346.jpg,2,CGM,c9103ddc97f001fd,train
2941744909.jpg,2,CGM,d5b5a9ab2a0b0b9a,train
2941780886.jpg,3,CMD,99436596477aada8,train
2942298229.jpg,3,CMD,83de7c421333cdcc,train
294242355.jpg,3,CMD,85727da2066f2cd3,test
294295655.jpg,4,healthy,c1d93d8bd3870971,train
2943326345.jpg,3,CMD,d0d06ace2f36362b,train
2943392120.jpg,3,CMD,c277a9d21e48337a,train
2943495695.jpg,3,CMD,d9c32bb84a9e30b6,train
2943837219.jpg,4,healthy,d0c3a281a19afc7f,train
2944007610.jpg,3,CMD,c6f60b3d623652b8,train
2944161091.jpg,0,CBB,c6a46a867702a1ff,train
2944420316.jpg,4,healthy,ca82cccce183e797,train
2944536503.jpg,0,CBB,dae965968b8f2119,train
2944616493.jpg,3,CMD,ea817aa18c2597ed,test
2944944834.jpg,1,CBSD,9a4172093d559f8f,validation
2945240485.jpg,3,CMD,813f2f680aef62e8,train
2945358749.jpg,4,healthy,d9893ef4070e0c7e,validation
2945652044.jpg,0,CBB,d1c4591775dd1d50,train
2945964157.jpg,0,CBB,87b57eb5b0933184,test
2946005608.jpg,3,CMD,90893b39655f05cf,train
2946211830.jpg,4,healthy,c03fc4651fe184e7,train
2946227885.jpg,1,CBSD,dae772c1b5aa2550,validation
294640779.jpg,4,healthy,8627f1ec0c1367bc,train
2946421028.jpg,3,CMD,858a53647ad74ab9,test
294665447.jpg,1,CBSD,85f23c392f03629f,train
2946668981.jpg,3,CMD,c4cabdd41af8b870,train
2946829986.jpg,3,CMD,d19941ada470d7d5,validation
2946977526.jpg,4,healthy,f9086b906fe79832,train
2946993794.jpg,1,CBSD,d324330197db6cf8,train
2947092934.jpg,1,CBSD,85f76994b24a7887,test
294710053.jpg,2,CGM,c3c2321728e6cfb9,validation
2947101273.jpg,3,CMD,b01f42c83bada78b,train
294745170.jpg,3,CMD,93151c7d76735306,train
294754901.jpg,3,CMD,d2a9589a61f06bd5,train
2947901337.jpg,3,CMD,93e4630f79f10b8c,train
2947932468.jpg,3,CMD,d1c92427cd8bf463,train
2948116610.jpg,3,CMD,91936b2b3ee1a2a9,train
2948143920.jpg,2,CGM,8f9c3c96c6eb2312,train
294829234.jpg,3,CMD,d46e06b03acb74f2,train
2948340092.jpg,1,CBSD,a788918f4f7ace81,train
2948432936.jpg,2,CGM,815d3ace6d999346,train
2948468563.jpg,0,CBB,d394273c02ff5728,train
2948559947.jpg,1,CBSD,c79e42152d3a593e,train
2948560860.jpg,3,CMD,d9d028ae04c31ffe,train
2948657860.jpg,3,CMD,91cb65ecb5a69215,train
2948928390.jpg,1,CBSD,c4967c8461fd7da0,test
2948942886.jpg,1,CBSD,86cd67a4395b50c7,validation
2949112902.jpg,3,CMD,84a63bd07b8917dc,test
2949113002.jpg,3,CMD,94b20996d09fb9dc,train
2949210043.jpg,3,CMD,94706776a15a999b,train
2949246528.jpg,3,CMD,d4b035ee71eda414,train
2949633440.jpg,3,CMD,81bb537d0c4463fa,train
2950166442.jpg,1,CBSD,d4c67bcc08c54db9,train
2950296970.jpg,2,CGM,d0dc7ba717810db8,train
295042633.jpg,3,CMD,ccf34e19171c2c37,train
2950427820.jpg,3,CMD,89e365dca7982687,validation
2950554996.jpg,3,CMD,89fa25295fc41579,validation
2951126410.jpg,3,CMD,cd682ac4a6fb48b3,train
2951433753.jpg,3,CMD,9734674492fe092f,train
2951492916.jpg,3,CMD,e18b5af447cf901a,train
2952187496.jpg,1,CBSD,80e964e0f9c67ce3,train
295276903.jpg,3,CMD,f09e4bf62e4070d5,train
2952841770.jpg,3,CMD,87d72d72274950e5,train
2953075261.jpg,0,CBB,c2c1662c9b1d1eed,train
2953080290.jpg,3,CMD,91a4733c30f3cf8c,train
2953084607.jpg,3,CMD,869e6f5468e039d3,train
2953110907.jpg,1,CBSD,f6f3fda5a6808083,train
2953205129.jpg,0,CBB,d8fe2f82986c1798,train
2953394989.jpg,3,CMD,d07f0adc926c52ec,validation
2953439703.jpg,4,healthy,d099b9cb57663b80,train
2953610226.jpg,1,CBSD,91ba672d488bc9d6,train
2953704874.jpg,3,CMD,ddcc5242ce7a2a2b,train
2954235355.jpg,3,CMD,b04b5d34cf3c12f8,train
2954402827.jpg,3,CMD,99e0136f53b5a2b1,test
2954788843.jpg,3,CMD,e49a16b57918643f,validation
2955071995.jpg,0,CBB,d19cffd080783972,test
2955295994.jpg,4,healthy,ffc8383911af50f0,test
2955761671.jpg,3,CMD,fb95606a472d4e38,train
29559503.jpg,0,CBB,c83023fefccd8a34,train
2956260533.jpg,3,CMD,c7d4122b756d68c6,train
2956431693.jpg,3,CMD,9cb4c029678b5eda,train
2956539470.jpg,4,healthy,e1e57da2bc143e24,test
2956574119.jpg,3,CMD,dad421dab58e146d,train
2956931145.jpg,3,CMD,cdc7481973e3b431,train
2957187992.jpg,4,healthy,94435a6d31f6a365,validation
2957271805.jpg,3,CMD,90e43ca1a93653bf,train
295733469.jpg,4,healthy,c3ee3586291356ad,train
2957985551.jpg,3,CMD,c4905f8e339f8917,train
2958062966.jpg,3,CMD,fb8856466a8eb554,train
2958100896.jpg,3,CMD,84a1355e4b8d5eb9,train
2958183891.jpg,1,CBSD,92433b6a51faf8d0,train
2958407027.jpg,4,healthy,c83636cb2fc374d0,train
2958446025.jpg,3,CMD,d38161837ed927e2,train
2958508685.jpg,3,CMD,903365e5498727ed,train
2958853820.jpg,3,CMD,95d629d363de6310,train
2959379698.jpg,2,CGM,f8d5f1a3f8e22848,train
2959800019.jpg,0,CBB,cc8e6a25cde54a71,test
2960107815.jpg,4,healthy,d11b10578e7a79a5,train
2960433265.jpg,3,CMD,d18542d17573d61e,test
296138756.jpg,3,CMD,c2c53bb9423c7a35,train
2961796760.jpg,2,CGM,d58a637a2de08f2c,train
2961976125.jpg,3,CMD,c39165b575295764,test
2962131870.jpg,3,CMD,976b721af3ac42b0,train
2962685748.jpg,3,CMD,83d46bc31a2bc6d6,train
2962787135.jpg,3,CMD,c1be706f1e0f6047,train
2962837486.jpg,3,CMD,9597b2a2b8f27053,train
2962857550.jpg,4,healthy,912f54cf795ac854,train
2962905359.jpg,3,CMD,d7c927eb0445217e,validation
2962999252.jpg,1,CBSD,d38c0c6b42da39f9,train
2963010825.jpg,0,CBB,c0b129cc2fdf0ce6,train
2963141944.jpg,3,CMD,848b6c1d73f89f84,validation
2963193428.jpg,2,CGM,ee99447c1ae4daa4,validation
2963247427.jpg,3,CMD,900e6b5a2e6e39f1,train
2963358758.jpg,1,CBSD,dada3457eca88a4a,train
2963468821.jpg,4,healthy,f3c131e3d3a261b1,train
2963533816.jpg,3,CMD,94bb62c4eb84b8ad,train
296398112.jpg,3,CMD,f8964b36673886c5,train
2963992338.jpg,3,CMD,9ee02aff2928945e,train
2963992866.jpg,3,CMD,8a9d649a0fee8347,train
2964066000.jpg,3,CMD,937b74c465a219f4,test
2964319583.jpg,2,CGM,c6a52d9b52ae38d8,train
296436615.jpg,3,CMD,9be44b1061da1fb9,validation
296442602.jpg,3,CMD,d4a9433e0faa36b1,train
296446823.jpg,3,CMD,90cd327c79e34d29,train
2964894832.jpg,3,CMD,91ce306b392d79ac,train
2965024429.jpg,3,CMD,ebc38886bfe83950,test
2966179954.jpg,3,CMD,cdf459099ea0d55a,train
2966195606.jpg,2,CGM,8ef2590e45cd70f8,validation
2966278497.jpg,3,CMD,c55c74f613c98867,train
2966301769.jpg,3,CMD,d6a5300d66bd78c5,train
296641971.jpg,3,CMD,c6a02e2673e37879,train
2966525564.jpg,3,CMD,e1ba51073f5752c4,validation
2966597475.jpg,1,CBSD,81977e7e6830a12f,train
2967016928.jpg,3,CMD,90c15d1f28f63537,train
2967030825.jpg,0,CBB,d3f1f989c1b60945,train
2967206024.jpg,2,CGM,949736b4939ed093,train
296732943.jpg,1,CBSD,999c3c78ad440b6f,train
2967526329.jpg,3,CMD,905e48647ebdb163,validation
2967863031.jpg,3,CMD,8cda4773cf80e0c7,train
2967987064.jpg,1,CBSD,849578ba8c7917e9,validation
2968108844.jpg,3,CMD,cba42778c51fb425,train
296813400.jpg,3,CMD,93127868b74b992f,train
2968298185.jpg,3,CMD,93d24a18f9d817ab,validation
2968477250.jpg,3,CMD,97f111f007dcc71c,train
2968554628.jpg,2,CGM,db4e189de9e269c0,train
2968907938.jpg,3,CMD,844534a407de5fb7,train
296895333.jpg,3,CMD,9a8ab49595cbc9c5,validation
2969191783.jpg,3,CMD,91a53dc52e3d4993,test
2969200705.jpg,1,CBSD,c1732ab194c936de,test
2969226797.jpg,3,CMD,99ad2fd3921538b4,train
296929664.jpg,2,CGM,85f01b8e48be75cc,train
2969556104.jpg,3,CMD,c3fb7cc856a143c1,train
296985472.jpg,3,CMD,869d33b6681be827,train
296987551.jpg,0,CBB,dfc061d3d2026ece,train
2970234083.jpg,2,CGM,d12f2ca137da09d5,train
2970264073.jpg,4,healthy,d3d170c8487e7c17,train
2970713601.jpg,3,CMD,bdce1286466b76e0,train
2971020964.jpg,3,CMD,94ab66d228db6978,train
2971070018.jpg,4,healthy,87986de6d02b25f4,train
2971198259.jpg,4,healthy,a0d16931b9dd7236,train
2971311269.jpg,3,CMD,cc9a3764a95a6695,validation
2971637330.jpg,4,healthy,d9f830cd3c3f8618,train
2971939837.jpg,3,CMD,e418792d56d131e7,test
2972239724.jpg,3,CMD,94dd1a9b6447529e,train
2972586546.jpg,0,CBB,959754d721a1e8cd,train
2972617511.jpg,2,CGM,95ca65a4b3dbd142,train
297361079.jpg,3,CMD,9132383d7bcb1e92,train
2973656190.jpg,3,CMD,e4fd054c79166574,validation
2973659597.jpg,3,CMD,d0e871521a9eb8f9,train
2973739400.jpg,3,CMD,fdf76107090b5c0b,test
2974027386.jpg,0,CBB,c2b55b20653b99ba,train
297419714.jpg,3,CMD,d07203d17db8ea74,validation
2974509713.jpg,2,CGM,8ed06d1285ebbba4,test
2974550928.jpg,3,CMD,f62468416309bbdf,train
2974921901.jpg,3,CMD,d67c23360b7a1b70,train
2975115262.jpg,1,CBSD,963b205a49c9afd6,train
2975448123.jpg,3,CMD,f050952d1ed38ced,train
297559984.jpg,3,CMD,d6e1522bafb026d4,train
2975816543.jpg,1,CBSD,f3472bc96a031c1f,train
2975904009.jpg,4,healthy,d88253863cdb43db,train
2975952159.jpg,1,CBSD,9b8433e71ecee901,validation
2976035478.jpg,4,healthy,d1d94fd616330b1a,train
2976042817.jpg,4,healthy,a44a6ba44b8f7aaa,train
297627784.jpg,2,CGM,d0e41b783f1c57c2,train
2976384122.jpg,3,CMD,87fc063ae9c3919c,train
2976467043.jpg,1,CBSD,d9662cb346b9f20c,train
2976549761.jpg,3,CMD,848778d065ce69fa,train
2976631036.jpg,1,CBSD,96f271968b6648b5,train
2976828159.jpg,3,CMD,85425bfc764d1927,train
2976948645.jpg,3,CMD,80600fdae0fd49fe,train
2976990208.jpg,3,CMD,88246d6cef5a3d2c,train
2977168485.jpg,2,CGM,909b357572376a62,train
2977198374.jpg,3,CMD,e20ba56e136b3555,train
297724052.jpg,3,CMD,dc9f0fcf43616288,train
2977510459.jpg,3,CMD,8c96289dae9e5a3c,train
2977542209.jpg,3,CMD,99f358d5a4e17630,train
2977927083.jpg,3,CMD,89cc54f6d1e9b423,test
2978097491.jpg,3,CMD,85e179cc029cf3b3,train
2978135052.jpg,2,CGM,c7f9453c6a8f282a,train
2978591626.jpg,3,CMD,912c33879521f57d,test
2978748370.jpg,3,CMD,95e2e38d73d45942,train
297915316.jpg,4,healthy,e1cc60a38fba3633,validation
2979197667.jpg,3,CMD,c137d4a05f3ac15e,train
2979455354.jpg,3,CMD,cead21d6462e2d6c,test
2979725349.jpg,3,CMD,c9da25b556344a6d,validation
2980049082.jpg,3,CMD,91aa1dbb16056bab,train
2980417090.jpg,3,CMD,91956a523e9b459d,train
2980488818.jpg,3,CMD,c7262791ecda21b3,train
298056095.jpg,4,healthy,96346f5e38830edc,train
2980718434.jpg,3,CMD,96f81f0f721e1827,test
2980893698.jpg,4,healthy,86263ac9785f49cd,train
2981404650.jpg,1,CBSD,8e6432cdcf3262d5,train
2981547465.jpg,3,CMD,80b13418397979ff,train
2981661074.jpg,3,CMD,81af74b52cda9354,train
298170421.jpg,3,CMD,9cf6213857887c79,validation
2981739735.jpg,3,CMD,c6091e52bf24ef92,validation
2982179908.jpg,3,CMD,a9686ed835a7c705,train
2982305511.jpg,0,CBB,90b8a95d6cd45d59,train
2982385664.jpg,1,CBSD,8b98572e6d50617d,test
298252775.jpg,1,CBSD,d2cc669ffc91430c,test
2982657452.jpg,4,healthy,878809b9e74717dc,test
298282454.jpg,0,CBB,dd832b3d68c1e558,test
2982922250.jpg,1,CBSD,91c4c0db1f233dea,test
2983128963.jpg,4,healthy,98956f96d5e28ca1,train
2983135465.jpg,3,CMD,c0b5f6b6acb682c4,train
2983217292.jpg,3,CMD,d4e3325a361e52e9,test
2983246696.jpg,3,CMD,948b753c275d90ea,test
2983534701.jpg,3,CMD,80f266ce7d0afe21,train
2983732165.jpg,3,CMD,d41b65554dea1555,train
2983830211.jpg,3,CMD,8b32323f5ec613f0,validation
2983898856.jpg,3,CMD,8383b2f0dcccf174,validation
2983992918.jpg,3,CMD,f4ec3f8706a7404b,train
2984109922.jpg,4,healthy,98f765b452e96330,train
2984202132.jpg,3,CMD,cda03cc3690e177d,train
298424266.jpg,3,CMD,bad07eb5c8693432,train
2984856478.jpg,3,CMD,d0c26f8f256160bf,test
2984964143.jpg,2,CGM,d6f76883004ae3ed,validation
2985118735.jpg,3,CMD,85656bba28168f9d,train
2985263971.jpg,3,CMD,8ce17cacc2e26a9d,train
2985597294.jpg,3,CMD,bfc6606d2d60e195,validation
2985605315.jpg,2,CGM,96952c9d393a63a6,train
2985727517.jpg,1,CBSD,c0c71f75e46a49d2,test
2985998883.jpg,3,CMD,8bd77b991a52249c,validation
2986003040.jpg,3,CMD,8cd969a472a27c6e,train
2986428474.jpg,3,CMD,c8d8743c3cbc8cab,train
2986676865.jpg,3,CMD,c1ea35a63d83331d,test
2986944495.jpg,3,CMD,99160a211ffa2fb9,train
2987650848.jpg,3,CMD,d1aa7157253d21bc,test
2987785704.jpg,1,CBSD,843ea30f8374f25e,test
2988359153.jpg,4,healthy,bcd40785878bc5da,train
2988461706.jpg,2,CGM,85af33e0574d29c9,train
2988588549.jpg,3,CMD,d0c77944b35fc047,train
2989060888.jpg,3,CMD,93e629ba2a9932ea,validation
2989101138.jpg,1,CBSD,d2f62a5ad4717232,train
2989225122.jpg,3,CMD,859a6175ea31572e,validation
2989410922.jpg,3,CMD,b59866f7c0a19669,validation
2989546324.jpg,3,CMD,c6c32ece6804f98f,validation
2989643303.jpg,0,CBB,947a7582c91d72a7,train
2989783529.jpg,3,CMD,d3c765c616cc189b,test
2990618706.jpg,4,healthy,a6d96aec1a4dd443,train
2990645732.jpg,3,CMD,9a35361afcae7842,train
2990902039.jpg,3,CMD,949a73b4260d6de5,train
2991002425.jpg,3,CMD,809c329628ebddbb,train
2991346428.jpg,2,CGM,91b3589c7799e20b,validation
2991997052.jpg,3,CMD,967a6be73419850d,train
2992074575.jpg,3,CMD,9d423bc75cec3883,train
2992093777.jpg,3,CMD,a7a2496d95c03577,train
2992863090.jpg,4,healthy,c35a3d6d5332878a,validation
2992877889.jpg,4,healthy,930e7badb1530f06,train
299296810.jpg,3,CMD,d2ae73c49595b849,validation
2993271745.jpg,3,CMD,88fe374738e09c39,train
2993504206.jpg,3,CMD,a49f3b4c33751a54,train
2993551637.jpg,3,CMD,c4b650912e4fc7d6,train
2993583525.jpg,4,healthy,e3b63ea431043cf5,validation
2994003111.jpg,2,CGM,a93a692bc6d4465b,train
2994432242.jpg,3,CMD,83b433cac6f8ea4a,train
2994692961.jpg,3,CMD,e469076618a9ef72,train
2995070957.jpg,3,CMD,97c433ff204fc059,train
2995113861.jpg,1,CBSD,d85868f42790f0fd,validation
2995137559.jpg,3,CMD,f0279ec235dd94c8,train
2995209596.jpg,3,CMD,d18c920b732fa3d6,validation
2995416901.jpg,4,healthy,d2323f05426db9d3,test
2995462009.jpg,3,CMD,f9d91960e2b4b0ea,train
2995689898.jpg,3,CMD,c581738d03fa3937,train
2995735378.jpg,2,CGM,cca73f8cbe031a0d,train
2995810956.jpg,2,CGM,958ad295b3dea5c0,train
2996324842.jpg,4,healthy,82285eaf43d5679a,validation
2997129793.jpg,3,CMD,d4ff70635193a452,validation
2997262447.jpg,3,CMD,c0bd5ab24346f6c3,validation
2997295640.jpg,3,CMD,e0fd423975213ad3,train
2997330474.jpg,3,CMD,c5a4483923ebd36d,train
2997619253.jpg,2,CGM,dc9e379a44d262c5,train
2997743551.jpg,2,CGM,9cca6aa734b263c5,train
2997861591.jpg,3,CMD,b7ea49183689b2cb,validation
2997913778.jpg,4,healthy,cf90be35163f4b08,train
2998136552.jpg,0,CBB,869a0d660e3e7575,train
2998191298.jpg,3,CMD,cb1f72445339a563,test
2998271425.jpg,3,CMD,88aa3609eafaf853,train
2998282647.jpg,0,CBB,9596379dab2ce821,train
2998324131.jpg,3,CMD,807f94c867917765,test
2998403679.jpg,3,CMD,95faa79c45735418,train
2998838008.jpg,1,CBSD,d57d7d8246aa298c,train
2999350296.jpg,0,CBB,dbae04fa3bc3218c,train
2999955709.jpg,3,CMD,a4c9326ad1a74737,train
2999997152.jpg,2,CGM,c7f7e6b2a0041a5e,train
3000114558.jpg,3,CMD,df8262d921efc861,validation
3000160621.jpg,3,CMD,fbb522c449c4952f,train
300029526.jpg,3,CMD,f6e439bb40e8b348,validation
3000783510.jpg,2,CGM,c0a65d94b2dcd8b6,validation
3000893004.jpg,3,CMD,d94cb463677ab224,train
3001133912.jpg,4,healthy,878c63ef58724786,train
3001378465.jpg,3,CMD,d6fa5bdc7460801d,train
3001382345.jpg,1,CBSD,d6036e5954cc2f8b,validation
300185548.jpg,3,CMD,c1495eac3379c6cc,validation
3002089936.jpg,4,healthy,95946a2d95374adc,train
3002558863.jpg,3,CMD,91a04f076f187bae,train
3002612544.jpg,1,CBSD,8bd27cc51ab5484f,test
3003064955.jpg,3,CMD,97f07ac63862cb8c,train
3003092970.jpg,3,CMD,80bbaac9734d461f,validation
3003111759.jpg,3,CMD,95e67ab0989fec40,validation
3003520736.jpg,3,CMD,d8b8329d6769872c,validation
3003794753.jpg,3,CMD,ee5ab1a10331ec3b,validation
3003805645.jpg,3,CMD,94b04e3f1ff84691,validation
3003859169.jpg,1,CBSD,8dce588229b6dec9,validation
3003871889.jpg,1,CBSD,91f656584684e5be,train
3004362957.jpg,3,CMD,c16a3c9d92a976d2,test
3004502.jpg,3,CMD,d8f214e50e096edb,train
3004595340.jpg,2,CGM,d1bc505261a77fc2,test
300508785.jpg,0,CBB,c582323859d5dd7c,train
3005332064.jpg,2,CGM,d5965ab2896cd31c,train
3005349526.jpg,3,CMD,cd920a663478aee7,validation
3005355471.jpg,3,CMD,9b3da2869c335f24,train
30053778.jpg,3,CMD,95dc6ab710445fe4,train
3005393810.jpg,3,CMD,88a715fc52a729f8,train
3005442364.jpg,2,CGM,93919a994a6165ef,train
300571071.jpg,3,CMD,a9a50f1a3615ca7b,train
3006063417.jpg,2,CGM,c58331e1e34e5f0e,train
3006201002.jpg,3,CMD,fe985e900cc9d1f8,validation
3006499770.jpg,1,CBSD,d4cffcd4de521208,train
3006942372.jpg,3,CMD,d5c20eb13cbac935,train
3007026060.jpg,1,CBSD,86af4bad3a3a2e28,train
3007159002.jpg,3,CMD,aab56aa99451f929,test
3007566713.jpg,0,CBB,c7e86c8766500abf,train
3007896297.jpg,3,CMD,91a76ca0aac58fd6,test
3007927224.jpg,4,healthy,95e85c85e0f75c70,train
3008060354.jpg,3,CMD,81126ae266bdf4ea,test
3008069732.jpg,3,CMD,f574669f36986902,train
3008164148.jpg,2,CGM,828f6638d6610bf7,test
3008253621.jpg,1,CBSD,843b7cf26a877506,train
3008507747.jpg,3,CMD,84c85e75137525e7,train
3009109658.jpg,2,CGM,c564f733ccf81948,validation
3009386931.jpg,4,healthy,87cd6662a88b9df0,validation
3009647475.jpg,1,CBSD,d5692a7a720d39cc,train
3009725992.jpg,3,CMD,b689c6b546e97461,train
3010280604.jpg,0,CBB,8e9135c2ddce82b5,test
3010385016.jpg,3,CMD,8cb664e76c2e3439,test
3010387582.jpg,3,CMD,90c70bc77fba3428,train
3010523551.jpg,3,CMD,87c2787f30b842b7,train
3011135246.jpg,2,CGM,c3c639025eb969ec,train
3011145936.jpg,4,healthy,d88a64e555fe3419,validation
3011636410.jpg,1,CBSD,93d86ae1c79c9a23,train
3011700717.jpg,3,CMD,8c07efc34d9ce644,train
3011889571.jpg,3,CMD,85b1a3a7f4d0d8d2,train
3012723482.jpg,4,healthy,d6db24d45056cace,train
3012828935.jpg,3,CMD,d2cc7a2b6692a197,train
3012872087.jpg,3,CMD,c2f034b76d473c0d,train
3012925058.jpg,3,CMD,97857b6b0b3181c7,train
301297241.jpg,1,CBSD,c6d72027c11ed27b,test
3013103054.jpg,1,CBSD,c6994921c81fcf3b,train
3013286616.jpg,3,CMD,93c70c0f3cc57b85,test
301330816.jpg,2,CGM,954b156a52538dbd,train
3013359895.jpg,3,CMD,97c03ee4e8e6259a,train
3013391375.jpg,3,CMD,83637ca91d5d2e70,train
3013471955.jpg,3,CMD,dd8e602f0a7a5a95,train
3013885002.jpg,3,CMD,d6ea31f4452941eb,train
3013901544.jpg,4,healthy,d4e6bdd0ccf08d21,validation
3014758416.jpg,3,CMD,9ebb59168d5e03c1,train
3014951191.jpg,3,CMD,928a454d7baf7425,test
3014952608.jpg,3,CMD,ca85ace4cf285de2,train
3015228467.jpg,3,CMD,c9620bbd636776c0,train
301572737.jpg,1,CBSD,93347ec10ec1f1f2,train
3015735585.jpg,3,CMD,91ec79d70a897878,train
3015759657.jpg,3,CMD,c2b6644e201b7fcd,train
3015820348.jpg,3,CMD,dcdb3a2ca32e30e2,test
3015865216.jpg,3,CMD,80a717ee470e78c7,train
3016051736.jpg,3,CMD,e15a184c309df7ab,train
301667071.jpg,3,CMD,8cfada4540174bee,train
30167147.jpg,3,CMD,d49312f39493f916,validation
3017169420.jpg,3,CMD,c0c8c8e7f2333e36,train
3017336712.jpg,4,healthy,8ef42aa6b4ad445e,validation
3017649667.jpg,2,CGM,84917f67944b3f21,test
3017918878.jpg,3,CMD,c707313a9368ddd2,train
3018000932.jpg,4,healthy,9ce513aed7482b26,train
3018222933.jpg,3,CMD,dadd3b6060273467,train
3018313072.jpg,3,CMD,d9b66fa9148b544a,test
3018552263.jpg,3,CMD,91ca7d91cce3720d,train
3018620634.jpg,3,CMD,c89377adc8663ac1,validation
3018835388.jpg,3,CMD,95c12e1e43b2d96d,train
3018850409.jpg,1,CBSD,838184da4adf79c7,train
3019013564.jpg,3,CMD,8cb834c097ce7e96,validation
301917364.jpg,2,CGM,94cf3049fd2e2927,validation
3019672013.jpg,3,CMD,98af11c17fa2861f,validation
3019705895.jpg,3,CMD,d7e56497059e031d,train
3019739118.jpg,3,CMD,e6831f78a2719c66,validation
3019847736.jpg,3,CMD,b095809fbdcb186b,train
3019940112.jpg,3,CMD,c3e87b985f2681f0,train
3019986672.jpg,3,CMD,e7f2773268e18123,train
302005440.jpg,3,CMD,8acb19a72c3d25cd,train
3020106528.jpg,0,CBB,ec913dc0b8c8c77a,validation
3020362387.jpg,2,CGM,cc3f2c935ad8514e,validation
3020407594.jpg,3,CMD,ceccecec8c804f8d,train
3020460837.jpg,4,healthy,fd80bfd0841f954a,train
302050048.jpg,3,CMD,84fa39877aa518ce,train
3020566615.jpg,3,CMD,dc81e1bf1438df05,train
3020582111.jpg,3,CMD,c39d4b514d627ad4,train
3020977920.jpg,3,CMD,c50e31da27c7c8b5,train
302115319.jpg,4,healthy,84a49652c3e8eb7e,train
3021177990.jpg,3,CMD,d98b2510b5b6e2ab,validation
3021499033.jpg,3,CMD,d6bb0751a06748b7,train
30215524.jpg,3,CMD,87e339567cc612a9,train
3021670069.jpg,4,healthy,d3362d1c066fe307,train
3021759885.jpg,3,CMD,f2dd673a1a6484b1,validation
3021927361.jpg,3,CMD,b4651b3349c3e1d9,train
3022004374.jpg,3,CMD,94cb62b53d3631ca,test
3022052260.jpg,1,CBSD,d68f666651b17129,train
3022069387.jpg,2,CGM,a7c14f4f087e11ad,validation
3022143187.jpg,3,CMD,c0273cac6d4c5ba7,train
3022167144.jpg,3,CMD,d4f36e4e50b8f602,train
3022329873.jpg,4,healthy,db86786cd611c476,validation
3022337655.jpg,3,CMD,d1f26b89151d1adc,train
3022473954.jpg,3,CMD,9fc923a765cc0d1c,validation
3022761015.jpg,4,healthy,8df39b4cac6512c9,train
3023112404.jpg,1,CBSD,96b946c9b402a7de,test
3023321786.jpg,0,CBB,96d64d81f58232fc,train
3023855128.jpg,3,CMD,89ea23862e357cd9,train
3023867052.jpg,3,CMD,d0c17af0ae5e4173,train
3023944209.jpg,3,CMD,87a356ad6044e9ed,validation
3023987582.jpg,3,CMD,b3b081fcd84e46ec,train
302428207.jpg,3,CMD,c79a1a49396387a7,train
3024619952.jpg,3,CMD,9be63433392a1c6e,validation
3024648056.jpg,1,CBSD,d69e68fe37c08c09,train
3024747455.jpg,3,CMD,d50f5b76c8cc25d0,train
302524536.jpg,4,healthy,c7d066cec86db690,train
3025655144.jpg,3,CMD,9ba31c956d892b78,train
3025763927.jpg,3,CMD,84f843c96f9e3493,validation
302604113.jpg,3,CMD,c5b54d8372d79660,test
3026177156.jpg,1,CBSD,cef071520f3c34f8,train
3026311558.jpg,2,CGM,c6d93d166bad3812,train
3026583135.jpg,3,CMD,86f968b232447db9,train
3026594115.jpg,3,CMD,87f10e7a2987f219,train
3026653999.jpg,3,CMD,ebac6a724f2846c6,train
3026867163.jpg,2,CGM,d8f3fed8230d2660,train
3027251380.jpg,3,CMD,d1ac5a4e35947963,train
3027573642.jpg,1,CBSD,87da58857472ad63,validation
3027608054.jpg,4,healthy,d4a137726b6b4456,train
3027631141.jpg,2,CGM,830f319b9ce1b4ba,train
3027691323.jpg,2,CGM,e1994e194f6e1d13,train
3027702005.jpg,3,CMD,ad42e46c2ee63696,train
3028047509.jpg,3,CMD,97d32b34506393d6,train
3028069044.jpg,3,CMD,d492373c6485cf99,train
3028155719.jpg,3,CMD,8bb4632bb552da49,train
3028257069.jpg,3,CMD,89d26f38d4c47875,train
3028297982.jpg,4,healthy,c1de50e17c133e36,test
3028711047.jpg,2,CGM,90e46afe6b3b1152,test
3028978294.jpg,3,CMD,d5d676812798d0e9,test
302898400.jpg,1,CBSD,91f76e261bb95188,train
3029026599.jpg,1,CBSD,f8f210173692f8f8,train
3029101771.jpg,3,CMD,c59627697cb07962,train
3029350493.jpg,3,CMD,c7e007e056a17caf,train
3029546029.jpg,3,CMD,81f0738be172d327,train
3030283465.jpg,3,CMD,c1ee2a2d61bfa981,train
3030489629.jpg,3,CMD,92db176b78c8c646,train
303061561.jpg,0,CBB,b5ccbec84ec13934,train
3030726237.jpg,3,CMD,c42641673bcdb0db,validation
3030757766.jpg,3,CMD,cb1e719ae4033cf1,train
3030866180.jpg,3,CMD,85157abb601ec3ad,train
3031315498.jpg,3,CMD,c4a5370e1d6d119f,train
303153815.jpg,1,CBSD,c6cc39876e99c507,train
3031606396.jpg,3,CMD,bb02e0f84f71117e,validation
3031817409.jpg,4,healthy,b758a718608f71f2,validation
3031879144.jpg,0,CBB,8cf8767823a39695,test
3031971659.jpg,3,CMD,86b976c9f0893c53,train
3031973712.jpg,4,healthy,da9e991cc20cdd8e,test
3032067755.jpg,3,CMD,d8c72668fbd8087a,train
3032158098.jpg,3,CMD,93b392b2a3b5d941,train
3032856101.jpg,3,CMD,a9853f7edc4a00e9,train
3032892825.jpg,3,CMD,83d76a60c78cb23b,train
3033387062.jpg,3,CMD,a0b4e5b7b4c4e398,train
3033568270.jpg,1,CBSD,db7c476d3dc81218,validation
30339454.jpg,3,CMD,858417597bd765a1,train
3034111444.jpg,3,CMD,e10d5a7c969994d5,train
3034143541.jpg,3,CMD,d01c70347adc7f43,train
3034275498.jpg,3,CMD,c99f608d9592d8e3,train
3034300162.jpg,3,CMD,c5fb75b2b9044661,test
3034455648.jpg,3,CMD,db8d1a754b3145b1,train
3034682689.jpg,3,CMD,c7fc12f93c075a42,validation
3034945240.jpg,3,CMD,94c874744b9c6b4f,validation
3035140922.jpg,4,healthy,d103652d3cbe5369,validation
3035179320.jpg,3,CMD,85d4618b5f1767a1,train
3035525365.jpg,3,CMD,cc916a8d1a4f3d72,train
3035716224.jpg,4,healthy,8ad554a72ef07456,train
3035759546.jpg,3,CMD,c3cc7c8b1be76121,train
3035820156.jpg,1,CBSD,c05f3772492caeb2,test
3036226090.jpg,3,CMD,f4b36ab87229c1c9,validation
3036253841.jpg,3,CMD,d53a6587a13a68b5,train
3036847019.jpg,3,CMD,93b9393a8b92338b,train
3036953760.jpg,1,CBSD,d2a43d7a52a56b8c,test
3037049633.jpg,3,CMD,c18179ea4ee5638b,validation
3037338569.jpg,3,CMD,d1bdb2a22e87dc44,test
3037364199.jpg,3,CMD,9ac92696a1db5bc1,validation
3037445022.jpg,3,CMD,849a7f103fe84ac7,validation
3037767592.jpg,3,CMD,c83b36ceb807d929,train
3037869228.jpg,3,CMD,a7f94a661c8d306d,train
3038549667.jpg,3,CMD,d4f75909ef120758,train
3038956872.jpg,1,CBSD,c03f7dc01fd83364,train
3039362651.jpg,3,CMD,c6186a763c8e6d65,train
3039373303.jpg,2,CGM,998a429f56f16356,test
3039675754.jpg,4,healthy,acc5309b1efa2656,train
3040241097.jpg,1,CBSD,c1375e686fa94525,train
3040337109.jpg,0,CBB,9aec059377a4989e,train
3040456799.jpg,4,healthy,90276b7e7823d790,train
3040986534.jpg,4,healthy,9bab30bc5d7021ba,test
3041443898.jpg,3,CMD,86b35db81d8ba586,train
3041790402.jpg,1,CBSD,d90fb559d45b448a,test
3041854848.jpg,3,CMD,91477ee3c3789522,train
3041990872.jpg,1,CBSD,df53f1e025b6304a,validation
3042096090.jpg,3,CMD,b50ef63321924fd8,test
3042287740.jpg,3,CMD,d29c7347e4390bf0,train
3042292188.jpg,4,healthy,8496f6d9e661dcc0,train
3042406663.jpg,1,CBSD,91b55acc0d76ca2d,train
3042546896.jpg,0,CBB,de881b3f207e7426,train
3043097813.jpg,1,CBSD,c01f3fe69911e2cc,train
3043209099.jpg,3,CMD,816719f860d63cf3,train
3043214100.jpg,3,CMD,94fd4fba28991325,train
3043620749.jpg,2,CGM,deea6cd8cce88984,train
304370319.jpg,3,CMD,91c86acb4aa3a9f9,train
3043785326.jpg,3,CMD,c9864a96ab64eada,train
3043835892.jpg,2,CGM,d6a394c2ef2d8a8a,train
3043906559.jpg,4,healthy,fe9c11977d55d004,train
304404998.jpg,4,healthy,cca7279f0d712c31,train
304408360.jpg,3,CMD,96b511b8b29fa5c4,train
3044146032.jpg,3,CMD,9cc33374b8233736,validation
3044159810.jpg,3,CMD,a8ec86472e5f3239,train
3044190781.jpg,4,healthy,c09f6ce03fe1462d,train
3044369161.jpg,3,CMD,d8d8663f1ec48dc2,validation
3044653418.jpg,3,CMD,8da62b7f70718d60,validation
3044677012.jpg,4,healthy,c8b96790b637329c,train
304479365.jpg,3,CMD,c4b92d6795863f90,validation
3045134829.jpg,3,CMD,c4d16e674ea35853,train
3045146210.jpg,3,CMD,c0a63b6f13bc625c,validation
3045193549.jpg,3,CMD,c1860cd9752df8ba,train
3045665893.jpg,3,CMD,cea036339bdc454d,train
3045858255.jpg,3,CMD,e4913aec8761aae3,train
3045897535.jpg,3,CMD,89da7e2d960ee432,train
3045929721.jpg,4,healthy,97ad624eea3494c3,train
3046878913.jpg,2,CGM,95c82b52c10df5db,train
3047041530.jpg,3,CMD,e2975209356a75e9,train
3047244862.jpg,3,CMD,d1db25bf0e1684a5,train
3047486589.jpg,3,CMD,80bc2d7b4d0e0f3e,test
3047654615.jpg,3,CMD,845d6ea564769ba8,test
3047665568.jpg,3,CMD,b09b67d04f6798a1,train
3047731871.jpg,3,CMD,c336317c6419d9c7,train
3048105792.jpg,3,CMD,98b290d0f4f4755d,train
3048278043.jpg,3,CMD,d2ca65c865723e96,train
3048641899.jpg,3,CMD,87f62ce4d84ef10a,train
3048830228.jpg,3,CMD,dacf233253a5b618,train
3048875200.jpg,3,CMD,85cb194d16b89ab7,train
3048984655.jpg,3,CMD,c18d3bfe72451692,validation
3049252354.jpg,3,CMD,f3a91613e99ae44c,train
3049440979.jpg,3,CMD,9e4e3d7566f19180,train
3049457065.jpg,3,CMD,f3b3628b1f406c56,train
3050021407.jpg,3,CMD,c43bd2af43c5c456,validation
3050144007.jpg,3,CMD,b58f352d1344aace,train
3050370380.jpg,3,CMD,9de21d6469b58a33,test
3050523827.jpg,4,healthy,d2cf2f324bed8450,train
3050606537.jpg,3,CMD,93383cbcc90e75a3,validation
3050652741.jpg,3,CMD,dd7e4cb01aa27358,train
3051256988.jpg,3,CMD,98b0251f71ea0f1f,train
3051263035.jpg,0,CBB,84a23d1c4fb372c7,test
3051314649.jpg,4,healthy,c3e4032f0e389b9f,train
3051541520.jpg,3,CMD,a3d5cb3d3d12aa90,train
3051910715.jpg,3,CMD,c58e1d2ed790d919,train
3052037743.jpg,3,CMD,ae9250f6d794c0ad,train
3052425388.jpg,3,CMD,96ac67922ab5215f,train
3052429857.jpg,3,CMD,ccd9217c14a56cdb,test
3052724043.jpg,3,CMD,92c142dd48fcae57,validation
3052959460.jpg,1,CBSD,89a1756c73e12f0e,train
305323841.jpg,1,CBSD,aaab2eef800fc343,train
3053327342.jpg,3,CMD,c23d2d75aae05959,train
3053354848.jpg,3,CMD,d6a34e2e6913acd1,train
3053524603.jpg,1,CBSD,cda913c72d5ad0a5,train
3053608144.jpg,3,CMD,c7a127764aedd481,train
3053713467.jpg,3,CMD,cbb542b76c9215aa,train
3054260375.jpg,3,CMD,c4a736d61ecb3909,train
3054285168.jpg,3,CMD,805a31d7bd815df2,train
3054390977.jpg,3,CMD,86b1710e9ccbe732,train
3054525360.jpg,3,CMD,8ae236032daf36e3,test
3054647341.jpg,2,CGM,d1376d849af24c53,train
3054703946.jpg,3,CMD,b08f3ee8ed24cb82,train
3054792643.jpg,4,healthy,d36173dbb166260c,test
3054970749.jpg,3,CMD,aca7483949d5555e,train
3055297068.jpg,3,CMD,96222e5b5995bda1,train
3055614106.jpg,3,CMD,95ec27d5d2b44325,train
3055699105.jpg,3,CMD,94d728965c1a6de9,train
305593716.jpg,3,CMD,91a1359c7af94b86,train
3056158395.jpg,3,CMD,95107f3d8de9230e,train
3056477095.jpg,0,CBB,d28e299aaea92ec3,test
3056721396.jpg,1,CBSD,8b8d7d79a3864616,test
3056854411.jpg,3,CMD,d7e03dc2720b70b9,train
3056926498.jpg,3,CMD,d0d82f2fad1c9a19,train
305710405.jpg,3,CMD,c12236da8fb962f1,train
3057285715.jpg,1,CBSD,d83b3de24389791a,train
3057497709.jpg,2,CGM,812c3b55a4b1db3b,train
3057523045.jpg,1,CBSD,cfac1fa859519325,validation
3057571955.jpg,3,CMD,8c1f1f2c31c9929f,train
3057628143.jpg,3,CMD,9a634d92e639378c,train
3057793137.jpg,0,CBB,8e3631a5c6ab58da,train
3057848148.jpg,1,CBSD,d5cbd7c3e6c40624,train
3058026608.jpg,3,CMD,a5283dca7b752c85,test
3058038323.jpg,3,CMD,c2933a6db53f8590,train
3058243587.jpg,2,CGM,d0e78fe84dd2e610,train
3058256804.jpg,3,CMD,d2ac397266b8c366,train
3058319493.jpg,4,healthy,80cebd22174ba5f3,train
3058561440.jpg,1,CBSD,845b74aa09e47aaf,train
3058839740.jpg,3,CMD,94f74ec1700c5f1b,train
3058897297.jpg,4,healthy,8cb864c75aa279ae,train
3058906085.jpg,3,CMD,d54a4aacf22c1abb,train
305903694.jpg,3,CMD,d6806beb21dd90ea,train
3059062669.jpg,4,healthy,83dc54138e1f3a7c,train
3059118065.jpg,3,CMD,d8e8714b5268b637,train
3059290007.jpg,4,healthy,94ef261365dd8827,train
3059461197.jpg,1,CBSD,d3d072bab0163c75,train
3059656933.jpg,2,CGM,95ce6e7105e6390e,train
3059720126.jpg,2,CGM,d685390965f087ed,train
3059732503.jpg,3,CMD,80cd2bfe58c5a6ac,train
3059834249.jpg,3,CMD,85f32db237f018d2,train
3060217121.jpg,3,CMD,84837ce0a9ccfdca,train
3060454334.jpg,3,CMD,c0b66f1239f929a6,train
3060813275.jpg,3,CMD,c9e132fac68638a7,train
3060880154.jpg,3,CMD,85822e96f6a1b78e,train
3061201332.jpg,3,CMD,d23e29d1a5c7694a,train
3061295375.jpg,3,CMD,803b30d17f8f2ce9,train
306133807.jpg,3,CMD,c8b6226eb9d66c31,train
3061399544.jpg,1,CBSD,d9833738579c4974,train
3061536410.jpg,2,CGM,cda3273d7a309296,train
3061780268.jpg,3,CMD,87397e61445a6d9c,validation
3061935906.jpg,3,CMD,c0933a04db7c335f,test
3062084243.jpg,3,CMD,f287366868ed8f28,validation
306210288.jpg,3,CMD,c4b532b449b3b5aa,train
3062620660.jpg,3,CMD,896d524f78640fe5,train
3063317075.jpg,2,CGM,c991aeee58216ed4,train
3063413516.jpg,3,CMD,818b64197fa41bbb,train
306351373.jpg,3,CMD,9df24af10a75122f,train
3063643344.jpg,2,CGM,e29c3e853b19a655,train
3063664576.jpg,4,healthy,b3ca3be44a43d558,train
3063789590.jpg,4,healthy,9433724e324f1d2f,train
3063807810.jpg,2,CGM,97f60707623f510e,test
3063855885.jpg,3,CMD,91c1257b33a51e9d,test
3064013245.jpg,1,CBSD,cbc3634bd39d0c34,train
3064180611.jpg,3,CMD,89f42cdb735027a9,train
3064281169.jpg,3,CMD,a1ca1b951ec5625f,validation
3064807599.jpg,1,CBSD,86d6297649bcd998,train
3065261099.jpg,3,CMD,d72b62f4013f94d8,train
3065582902.jpg,3,CMD,d0d54a9647bfa4a2,validation
3066303912.jpg,3,CMD,9dae4e9e51a992a2,train
3066358894.jpg,3,CMD,e8ad050dd4c37af2,train
3066421395.jpg,3,CMD,dad36ce5482e31aa,train
3066634171.jpg,3,CMD,8371559c68b253eb,test
3066868630.jpg,2,CGM,c7e37294cdd52231,test
306689552.jpg,3,CMD,e0a8703f32cf28af,test
3066956028.jpg,3,CMD,9d9462af3d4c551a,train
3067487945.jpg,3,CMD,f8c639a674c330e9,train
3068094202.jpg,3,CMD,9db40fe15cb76288,validation
3068136035.jpg,3,CMD,cd337a94d48da51c,train
3068359463.jpg,3,CMD,c63126b0879eb26f,validation
3068464619.jpg,4,healthy,c6b90fd07fc59414,train
3068895856.jpg,1,CBSD,e09f72420ec875f6,test
3069603925.jpg,3,CMD,9ed37af1d1eb0012,train
3069848473.jpg,3,CMD,d2934b7c551d1ea2,train
3069991905.jpg,3,CMD,90e2679d19c9d39a,train
3070076859.jpg,4,healthy,8e966ece5b58710c,test
3070263575.jpg,1,CBSD,c22d2fd02f9663a9,train
3070545671.jpg,3,CMD,dcda0f9d8709e2c8,train
3070576452.jpg,1,CBSD,eed22b5072f85c31,validation
3070718584.jpg,3,CMD,c4bc4a0d4fe3cd51,train
307116841.jpg,3,CMD,8e99610cf779242f,train
307148103.jpg,3,CMD,ccb376e9c14a269c,validation
307174382.jpg,3,CMD,8e9059a35e6d5476,train
3071845704.jpg,3,CMD,932a5bd69be6b021,test
3071921954.jpg,2,CGM,84e46adc70b49b3e,test
3072161294.jpg,3,CMD,d6d5d4d4d4d4c194,train
307220066.jpg,3,CMD,825b71167c31e6f4,validation
3072539565.jpg,3,CMD,c6b10669326f6d17,train
3072589200.jpg,2,CGM,c45e52780479dd97,train
3072969674.jpg,3,CMD,e097e1b8f30c70e3,train
3072970337.jpg,3,CMD,c4d35f62938cfb08,test
3073019381.jpg,0,CBB,98ad2df25e81e718,train
3073020157.jpg,3,CMD,c3186e9b3568e3c5,train
3073238981.jpg,1,CBSD,c654379ec186742f,train
3073409707.jpg,3,CMD,d9b3699106cc67e1,train
3073480112.jpg,3,CMD,88fe27d47de4442c,validation
3073578752.jpg,2,CGM,9ed03f2452eb4743,train
3073813239.jpg,0,CBB,8493032f38e5adb7,train
3073993044.jpg,2,CGM,c78038f91e2f2af2,train
3074080529.jpg,4,healthy,f66c74682c5fc131,train
3074332326.jpg,2,CGM,c4982ccf3165dbc3,validation
3074689383.jpg,3,CMD,966428e8dd8d5d33,train
3074704436.jpg,2,CGM,9df72e8564aa70c8,train
3074708893.jpg,3,CMD,c7da6e878fca4290,train
307490334.jpg,3,CMD,fd93d88685e45e0a,train
3074981220.jpg,0,CBB,95a768bcb129baa2,train
3075515456.jpg,3,CMD,821e777e1d8f46c0,train
3075634197.jpg,2,CGM,85ba2d776a6945d0,train
3076104681.jpg,3,CMD,859a5d3543e32ba5,train
3076297931.jpg,3,CMD,c64062c6e8e3fb35,train
3077845683.jpg,0,CBB,9917fa4a3314cde8,validation
3077943702.jpg,3,CMD,88f614ac6bb0dd5c,test
3077983648.jpg,3,CMD,d0c069be6e2d394e,train
3078123533.jpg,3,CMD,c5cf28c03be8b699,train
3078295332.jpg,2,CGM,c06e3bbd1bbccb00,train
3078389693.jpg,3,CMD,ce91780364db75c6,test
3078419660.jpg,3,CMD,c0d3929fb085b1bd,train
307854780.jpg,3,CMD,c73829fce00b9cb6,validation
3078675372.jpg,3,CMD,86a52fd263445bcd,train
307868355.jpg,3,CMD,829358ffe00bbf50,train
307876354.jpg,3,CMD,9fc318e46b476951,train
3078945473.jpg,3,CMD,819776fad24864ec,train
3078964330.jpg,4,healthy,d9b36658232de133,validation
3079000807.jpg,3,CMD,95d05ba2276951bd,test
3079337619.jpg,3,CMD,905ecb0b41d761cf,validation
3079427314.jpg,3,CMD,81b93f46349c362f,train
3079739464.jpg,3,CMD,b4c3ab5549afb482,train
3079888701.jpg,4,healthy,90f0e7d7f1951a82,train
3080025931.jpg,3,CMD,84d1623da17fe133,validation
3080364100.jpg,3,CMD,927c6a89358e3c73,train
3080481359.jpg,3,CMD,8cf762f43df2090a,train
3080597260.jpg,2,CGM,d5ac659d095071b7,train
3080866826.jpg,3,CMD,de83692d92bb5891,test
3081150280.jpg,3,CMD,cbaccec9ed80d0b1,train
3081284258.jpg,3,CMD,8c8573e17abc9187,train
3081882480.jpg,3,CMD,d0a556796276b2c9,train
3082130053.jpg,2,CGM,839d79430e657e70,train
3082163001.jpg,3,CMD,89dc253e784b52c7,train
3082321986.jpg,2,CGM,84e66e930bdbe4e0,train
3082518263.jpg,3,CMD,de0936e12e5b853a,train
3082545983.jpg,2,CGM,d5bf668e38b4c026,train
3082595750.jpg,3,CMD,f6a086b0e45f6e2a,train
3082722756.jpg,3,CMD,98eb045dee0227f5,test
3082742585.jpg,1,CBSD,d0e947f795903856,train
3082875782.jpg,3,CMD,c5fa319a3aa0d68d,train
3082980433.jpg,3,CMD,91ac7b6164d458f3,train
30831420.jpg,1,CBSD,82223af73f09f538,train
3083302502.jpg,3,CMD,d2c3bbc243c6f423,test
3083312540.jpg,3,CMD,d2f8301d67a132e7,train
3083319765.jpg,3,CMD,d9ca3c536f629909,test
3083613226.jpg,3,CMD,8abc4cda28fd0a67,train
3083709304.jpg,4,healthy,81f96a2fe60c7895,test
3083765507.jpg,3,CMD,d04a397b9b64761c,test
3083873448.jpg,3,CMD,e41b31ad49fe2698,train
3084094709.jpg,3,CMD,def2637661d31580,test
3084217364.jpg,3,CMD,c3e57a924a7b14ca,train
3084221499.jpg,3,CMD,a9df4a630b6b0e89,test
3084391599.jpg,3,CMD,d89752a325723c6e,train
3084598319.jpg,3,CMD,96701b2f2e38cf0e,train
3084656957.jpg,3,CMD,86bcc1873d3c275c,train
3084908413.jpg,3,CMD,80933fb8b6636a0f,train
3085440105.jpg,4,healthy,c09b78f651ce329c,train
3085561722.jpg,4,healthy,e4be6cbf70239602,validation
3085563599.jpg,3,CMD,97a60e67d8656625,test
3085786818.jpg,3,CMD,c08692dcf3f70c2e,test
3085864631.jpg,3,CMD,c6c02d1b7dbd7007,validation
3085900974.jpg,4,healthy,c1f38cf03fe6300e,test
3085973890.jpg,3,CMD,90f616d07dca272d,train
3086332851.jpg,3,CMD,818467ebf5d2eaa0,train
3086663390.jpg,2,CGM,fcb45e1a325dd680,train
3086931192.jpg,3,CMD,8d9cdac68d9cac2c,test
3087051356.jpg,2,CGM,f83f27898375c684,train
3087416463.jpg,3,CMD,92254aff6674ca89,train
308791950.jpg,3,CMD,e6901cd37a25a5b6,train
3088061893.jpg,3,CMD,d5c94996cc9dd590,train
3088191583.jpg,4,healthy,89f07b8719ea6351,train
3088205156.jpg,3,CMD,80b16f6738a036ef,train
3088621387.jpg,3,CMD,cabd3b31416e26c6,train
3088622958.jpg,0,CBB,964c79e61acd3136,train
3089156295.jpg,3,CMD,d0bf5ed408c5ab8c,train
3089200900.jpg,2,CGM,d0882fad276c78b6,test
3089245130.jpg,1,CBSD,93aa6455ccae0aeb,train
3089361275.jpg,3,CMD,845f42b83c873f8d,train
308941917.jpg,3,CMD,d1f9314b884b5e5a,train
3089605566.jpg,2,CGM,c76bd8bd28e83498,validation
3089786786.jpg,1,CBSD,98994f8f30b492bb,train
3090899728.jpg,2,CGM,96d57d7c28081b3d,train
3090978952.jpg,4,healthy,94c338b60f1c17e7,train
3092157872.jpg,3,CMD,c48a3a2f9fe3b04c,train
3092276386.jpg,4,healthy,c6ab15157a8f0f68,test
3092394868.jpg,3,CMD,95fa466b0fd37300,train
3092422999.jpg,0,CBB,9f94352d2dc6424f,train
3092716255.jpg,3,CMD,c5b6758c69145db2,validation
3092766457.jpg,3,CMD,95c23b5ed3251fc0,train
3092828212.jpg,1,CBSD,94ea6b89d65a2c35,validation
3092974289.jpg,1,CBSD,c6ce64bd360b1768,test
309310829.jpg,3,CMD,94f09c61628e6f5b,train
3093126312.jpg,3,CMD,91662bf3c818f26e,validation
3093539218.jpg,3,CMD,99e57829ee334472,train
3093608438.jpg,3,CMD,d9d978c9f5e46048,train
3093623574.jpg,2,CGM,ccd97c694231ab9a,test
3094683363.jpg,3,CMD,857a4aab4df082cf,train
3094956073.jpg,0,CBB,9595ad0f6a684c7c,train
3094965725.jpg,4,healthy,c92936b406cfe34d,train
3095024118.jpg,3,CMD,8bf4718bdc390b70,test
309509723.jpg,3,CMD,c0e969255acec7a6,train
3095137637.jpg,3,CMD,d7aec011c63baf14,test
3095245950.jpg,3,CMD,abca3d9a3021677c,train
3095413567.jpg,2,CGM,d6352993366d3916,validation
309569120.jpg,3,CMD,838773f30e2863e3,train
3096059384.jpg,3,CMD,a39b4e91fbe5800d,train
3096075077.jpg,3,CMD,85cc5f0e224fbeb0,train
3096513908.jpg,3,CMD,d76f4a44014c93bf,train
3096568582.jpg,3,CMD,8c412dfb5eb8182f,test
3097440014.jpg,0,CBB,d0df366911572c1e,train
3097456924.jpg,3,CMD,f5e546219fa883d1,train
3097618200.jpg,3,CMD,cb8936b5469ca996,train
3097661849.jpg,4,healthy,dd061e25372e38f1,train
309770787.jpg,3,CMD,844e0f61b8e3297f,train
3097827296.jpg,3,CMD,d1c5275a28ecdb1c,validation
3097857862.jpg,3,CMD,d9953c9832b14cf6,train
3097941467.jpg,0,CBB,86d77328236e8d95,train
3098640859.jpg,3,CMD,81876bfb46085cfc,train
3098906438.jpg,2,CGM,d0a429e027da6f5d,train
3099115140.jpg,3,CMD,c29c1cc03ff96c87,validation
3099133132.jpg,2,CGM,80785f855c0bccfd,validation
309920950.jpg,4,healthy,c72a2f97b70a5245,test
3099277149.jpg,4,healthy,d7a8649bb3a1628e,validation
3099435393.jpg,4,healthy,87d937e07c0709f2,test
3099476363.jpg,3,CMD,95d31a632b1724bd,validation
3099609782.jpg,0,CBB,c2ce3c2b3b869d25,validation
3099868770.jpg,2,CGM,c0a71a9a339aacf6,test
3099904843.jpg,4,healthy,845f303dcce7e04e,train
3099914588.jpg,4,healthy,8da379e01b3e1257,train
3100860826.jpg,3,CMD,83e7448e15996fa6,train
3100925014.jpg,2,CGM,e08cd8587c5117f7,train
3101032128.jpg,4,healthy,db996ba6a5257412,train
3101033051.jpg,3,CMD,85ef299dcc0b0e3a,train
3101160997.jpg,3,CMD,c1858ca5cd8dadb5,train
3101248126.jpg,1,CBSD,f1b5393c166f05c2,train
3101350755.jpg,3,CMD,b05f106859a37f39,train
3101645005.jpg,3,CMD,819d55e2dd96199c,train
3101989579.jpg,3,CMD,d36596bc69234cc6,train
3102075869.jpg,3,CMD,dccb7358e778a014,train
3102370100.jpg,4,healthy,8792127f68ccc9ad,train
310240981.jpg,4,healthy,c3a2b2f2dd34e330,test
3102452816.jpg,3,CMD,92b32ccb35c2bd58,train
3102842348.jpg,3,CMD,d4ac43b53bc9a196,train
3102877932.jpg,3,CMD,a7a7a7f11a1b1b80,validation
3103401623.jpg,3,CMD,c29568e49c9a677c,validation
3103857715.jpg,3,CMD,89d95cc106f0ef5a,train
3104048634.jpg,3,CMD,a4c12b1b18965fcf,train
310418118.jpg,3,CMD,91a67bb862c39473,train
3104971785.jpg,3,CMD,c5ad65e34e7b4842,train
3104994597.jpg,3,CMD,cd90767a69b064dc,test
3105262918.jpg,3,CMD,95817122455bfd8f,train
3105309230.jpg,3,CMD,94f73ea8875822ab,test
3105818725.jpg,0,CBB,c3826c8e51bb6747,train
310583515.jpg,3,CMD,9c6c4a8f95612caf,train
3105885441.jpg,1,CBSD,d78a219f58c59669,validation
3105887434.jpg,3,CMD,b1e328ce3a5a51cd,train
3106113588.jpg,3,CMD,98a73f39059fec01,train
3106298633.jpg,4,healthy,d62f77d890959889,train
3106354141.jpg,2,CGM,a8f364df440374e3,train
3106475684.jpg,3,CMD,c3231b61abdf5a12,validation
3106625505.jpg,3,CMD,96a429b558ca6f95,train
3107093993.jpg,3,CMD,d1c16fe8b09f09c9,validation
3107549236.jpg,1,CBSD,96ac6990e78e6c55,validation
3107630524.jpg,3,CMD,dcf168abc072d8a5,train
3107644192.jpg,4,healthy,829e678d058df999,train
3107723023.jpg,3,CMD,949b6317bf822ae8,train
3107856880.jpg,0,CBB,c6532e12091f379f,train
3107954712.jpg,3,CMD,88532a9f3de1595a,train
3108053126.jpg,2,CGM,d4eb624e94127b2d,validation
3108176484.jpg,2,CGM,d1e8cdd632222fd2,train
3108308869.jpg,3,CMD,c5923a76dd9d1618,train
3108320199.jpg,3,CMD,8b532d742277ad46,train
3109105894.jpg,0,CBB,84da7591acf73324,train
310957508.jpg,1,CBSD,c7c5393b3e1634a4,test
3109710849.jpg,3,CMD,c2ec42278f929fc3,train
3109752948.jpg,3,CMD,95da6b3607ae6c03,train
3110035366.jpg,4,healthy,86cb6cc0213c3d7f,train
3110371783.jpg,3,CMD,c6ab3c1994bcf0c5,train
3110425055.jpg,3,CMD,c64f2e3c34b153c3,test
3110572972.jpg,3,CMD,c39371c6513ee187,train
3110710270.jpg,3,CMD,80df0d3d7be43429,train
3110823756.jpg,4,healthy,8dc218633fe732f0,train
3110923866.jpg,3,CMD,d8bd0ea5fc1f8881,validation
3110947169.jpg,3,CMD,d3c66c1a1cb4a70f,test
3111147611.jpg,3,CMD,cc407b92712dcc9f,train
3111312039.jpg,0,CBB,96493e64b54ba5a5,validation
3111934110.jpg,3,CMD,8198333e6714773b,test
3112062061.jpg,1,CBSD,96d86faec8091f0b,train
3112166266.jpg,3,CMD,d1322bd625e569a9,validation
3112183451.jpg,3,CMD,9ee1669a69ae2946,test
3112551122.jpg,3,CMD,9b57628cb6832771,test
311255261.jpg,3,CMD,81c33eb9628eec1b,train
3112653592.jpg,3,CMD,c09d29c17f890c7f,train
3112835749.jpg,3,CMD,ccc226d029cf7bc9,train
311287737.jpg,3,CMD,cb7050ae5fe1a08f,test
311302257.jpg,3,CMD,84bb3fda3017328e,test
3113190178.jpg,3,CMD,c1b419d452cfdcd1,train
3113192352.jpg,3,CMD,f6c6f204e23be681,test
3113752030.jpg,3,CMD,a4d2a7d54bd430f8,train
3113793964.jpg,3,CMD,84eb10383ad273fd,train
3113843091.jpg,4,healthy,eccced8f97b08181,train
3113855149.jpg,3,CMD,ac855ae922bd6762,test
3114033989.jpg,3,CMD,c1237aeca552987d,train
3114213950.jpg,2,CGM,d3c3617f242ab90d,train
3114512047.jpg,3,CMD,818b075f12d776a3,train
3114522519.jpg,3,CMD,c4ec73da58e10ed8,test
3114592390.jpg,3,CMD,d5e35a35c8ae4aa4,train
3114646654.jpg,3,CMD,fdb4704d054f48ae,test
3114874377.jpg,3,CMD,80127ef4168f79f1,train
3114886115.jpg,3,CMD,9faac8a16cb6549c,train
3115055353.jpg,3,CMD,9bcf052ccc581b37,train
3115057364.jpg,3,CMD,926221d074febf07,train
3115158095.jpg,3,CMD,d3ac310e296f5571,train
3115344482.jpg,0,CBB,c1f6524331536b2f,test
3115452915.jpg,3,CMD,c7da36692ea5c40b,train
3115512885.jpg,3,CMD,dbb447e6706d0a07,train
3115800767.jpg,3,CMD,a13dcb11d66483dd,train
3116212268.jpg,2,CGM,90972ff11ad52aa9,train
3116498490.jpg,0,CBB,c3b92dd73002ff28,train
3116602626.jpg,4,healthy,8fd33e186cb0d079,train
3116613979.jpg,3,CMD,cbd813273b8a2d95,validation
3116658586.jpg,3,CMD,9b7d0239dca2a1ad,train
3116695439.jpg,3,CMD,cb3f49f930d34d08,train
3116992469.jpg,3,CMD,ddad6d8763820be0,validation
3117063498.jpg,3,CMD,d53a6e41a5557856,validation
3117103007.jpg,4,healthy,9d49578bc5547a85,train
3117114988.jpg,3,CMD,dea13f2ce8cc6c90,validation
3117191836.jpg,2,CGM,85db6005e9e33f49,train
3117219248.jpg,3,CMD,c0ab3633d6982a3f,train
3117356671.jpg,3,CMD,96e1695ec2297627,train
3117490320.jpg,3,CMD,c9b35c453e8a4c79,train
311754983.jpg,3,CMD,d7b46379c629144b,train
3117750908.jpg,3,CMD,82b3663a925fd04f,test
3117904947.jpg,3,CMD,cd4e44c406c9f78f,train
3118120871.jpg,3,CMD,87f806e1fd24370e,train
3118293114.jpg,4,healthy,9fa92bccb2a1dc48,train
3118379972.jpg,3,CMD,80d655f633497a1e,train
3118623824.jpg,4,healthy,c1e062657ecbf8a2,train
3118644877.jpg,1,CBSD,ffe020a1eabf3221,test
3118659210.jpg,3,CMD,e363438e5e8c157c,train
3118711567.jpg,3,CMD,c364599d3652af98,validation
3118860161.jpg,3,CMD,b9c61b04b61c3dcd,validation
3118866660.jpg,1,CBSD,ddf42334d22d521b,validation
311902872.jpg,3,CMD,d1843e8dcbc28cf9,train
3119298404.jpg,3,CMD,95c811df195a373a,train
3119447411.jpg,3,CMD,8afb2e1b74813d62,train
311947873.jpg,1,CBSD,d9bd30e3c892365c,train
3119633613.jpg,4,healthy,cfc3303cf791045e,train
3119699604.jpg,3,CMD,861b2deecc193734,train
31199469.jpg,3,CMD,97c834eb32d26556,train
3119965936.jpg,1,CBSD,912e378716782d7c,train
3120113567.jpg,3,CMD,83f6632351372d1e,train
3120171714.jpg,3,CMD,909e3bca54354bdc,validation
3120219660.jpg,3,CMD,8581058e63d53ffa,validation
31203445.jpg,3,CMD,bfc459cb2730f031,train
312043582.jpg,3,CMD,c31c64df263698e3,train
3120465337.jpg,3,CMD,ced138e750395c1e,train
3120725353.jpg,3,CMD,9291599f2dca7436,train
312082774.jpg,2,CGM,83969d849784f5e5,test
3120878352.jpg,3,CMD,8dc474c13db7c493,train
3120878969.jpg,3,CMD,c196921b8794efe4,train
3121142461.jpg,3,CMD,9959629e2cabbca1,train
3121522599.jpg,4,healthy,b8d309e4586f39b8,train
3121650920.jpg,3,CMD,c2cb6c252f720fb4,train
3121774796.jpg,3,CMD,b96c351792c639cc,train
3122262785.jpg,3,CMD,b7b723a989c5188d,train
3122760139.jpg,4,healthy,89257be8cacab534,validation
3122862157.jpg,3,CMD,d3bc09639a357b50,train
3123083708.jpg,1,CBSD,ccedb4f625133312,validation
3123503769.jpg,3,CMD,9bcc9b935a88246f,train
3123589236.jpg,3,CMD,8cd971bed65012b9,train
3123708158.jpg,3,CMD,82ef61ab889cb9a9,train
3123906243.jpg,1,CBSD,86f234de6138ec87,train
3124268415.jpg,3,CMD,c39260ec576e8df0,train
3124400463.jpg,3,CMD,9482653fbefe8821,train
3124629951.jpg,3,CMD,da1864ebb705e0d3,train
3124674397.jpg,3,CMD,929e2ea46e6ac30f,validation
3124690986.jpg,3,CMD,d1be60ab6e189b58,train
3125021346.jpg,3,CMD,deb02ce9eeb4a01c,test
3125050696.jpg,3,CMD,82a123f8c5fc9ed1,train
3125144812.jpg,3,CMD,85c27bb83fda2035,train
3125296469.jpg,0,CBB,e585d9e82bca524e,train
3125522990.jpg,2,CGM,9cb178a0b5d83af8,train
3126103788.jpg,0,CBB,dbe07fddd5110218,test
3126169965.jpg,1,CBSD,c3ca7fa88685d658,train
3126227969.jpg,3,CMD,c6e67391942e8f0b,train
3126296051.jpg,1,CBSD,8f9e3c863c2d7360,validation
3126447146.jpg,3,CMD,96cb3027dd2cb98c,validation
3126696143.jpg,4,healthy,c8cc4ca8d26677e6,test
3127022829.jpg,1,CBSD,847e39a075f872aa,train
312720579.jpg,3,CMD,9ae271213dab6553,train
3127673735.jpg,3,CMD,84b335c94b305f76,train
3127706145.jpg,3,CMD,8dc07cfa614b866e,test
3127762827.jpg,3,CMD,d4f87d9628c5b84a,train
3127910511.jpg,3,CMD,d68833857cd921f3,train
3128443640.jpg,3,CMD,d0f0e9ed27a78684,train
3128448572.jpg,3,CMD,dec9618a1f92cc35,train
3128461384.jpg,3,CMD,eb6a5415f0093b5d,train
3128583938.jpg,1,CBSD,95377a0de8e53388,validation
3128703922.jpg,3,CMD,d5da68c08dda689b,test
3128822987.jpg,1,CBSD,c35a7b94cacc6ca4,train
3128965245.jpg,2,CGM,c2dd6ab8c5caf244,train
3129393327.jpg,1,CBSD,d8d9696eb298702d,train
3129711304.jpg,2,CGM,d4f90f0d0787f04d,train
313005954.jpg,3,CMD,c6eee7b111190e4e,train
3130882314.jpg,0,CBB,a0e3b5a1560f473e,test
3131524704.jpg,1,CBSD,cce73ee112ea8156,validation
3131606113.jpg,4,healthy,c6a066af7043df91,validation
3132012439.jpg,0,CBB,84c73b1e8fce4a0b,test
3132128369.jpg,1,CBSD,95e658b740fb2a4c,test
3132206324.jpg,2,CGM,d7e460a57d9592b0,train
313266547.jpg,0,CBB,91b3748b8949eae6,train
3132897283.jpg,3,CMD,969b8b95a0226f6b,validation
3133037045.jpg,1,CBSD,a892fc454bb1c43f,train
3133224785.jpg,3,CMD,80bf38c7cb0cdbe0,train
3133376122.jpg,3,CMD,8e9c312357ff0cc8,train
3133677566.jpg,3,CMD,c197329d34161f1f,test
3133830845.jpg,4,healthy,877f62272b1d381a,test
3133959297.jpg,3,CMD,e98f7b5860325574,validation
3134495079.jpg,0,CBB,809fdcd04dd8d8ec,validation
3134770305.jpg,3,CMD,a181c0d7d0eb7a1f,train
3134964669.jpg,4,healthy,dcb21f882e79f025,validation
3135130073.jpg,3,CMD,b9cf253c7221e9a1,validation
31351569.jpg,3,CMD,9a9e2e9f98d84e0c,train
3135277056.jpg,3,CMD,a0a77e5af834560e,train
3135531931.jpg,3,CMD,a49e61b2393672ec,train
3135673078.jpg,3,CMD,97b4b7d450a79c21,test
3135970412.jpg,3,CMD,869c7498674329ef,train
3136225085.jpg,2,CGM,c3f06d8ed88cd607,train
3136330452.jpg,4,healthy,c9e71cbd4b3ac412,validation
3136472919.jpg,3,CMD,88b264fe3431cde6,test
3136654631.jpg,4,healthy,87a36ad4c985632f,train
3136739059.jpg,3,CMD,e99344da2ce36c36,train
3137370333.jpg,3,CMD,c1df58000fbc7cf2,train
313737928.jpg,3,CMD,93f21b6f888438dd,train
3137997905.jpg,3,CMD,d0a6513a6b5757c4,train
313840458.jpg,3,CMD,9c62626671e74ec5,train
3138454359.jpg,1,CBSD,87b8639618adb5c3,train
3138682284.jpg,3,CMD,c4b51ce3794f292c,train
3139351952.jpg,3,CMD,d2b9ee1261b954a9,test
31398935.jpg,3,CMD,d61a088224d77bfd,train
3140086152.jpg,3,CMD,da17b4e8488dd61b,train
3140226583.jpg,1,CBSD,ded9a48903aebca8,test
3140362576.jpg,3,CMD,baf52d8b10ab8754,train
3140563165.jpg,3,CMD,b6e64de568325a52,train
3140588188.jpg,1,CBSD,8e312ea1d4a751be,validation
3140915827.jpg,3,CMD,de2867f4d21e981c,train
3140977512.jpg,1,CBSD,c58612f8b9697b25,train
3141004522.jpg,3,CMD,e59674af1bf52210,test
3141049473.jpg,3,CMD,9dea722a8ed4e950,train
3141282286.jpg,2,CGM,a8aff1026f15561e,test
3141303004.jpg,3,CMD,c9bcf9449554837a,train
3141546984.jpg,3,CMD,d0f743f90e13e3c0,validation
314170345.jpg,3,CMD,8fda26628d9c81f3,train
314175675.jpg,4,healthy,d4dd21aaa2ec2dc6,train
3141772785.jpg,3,CMD,dcf066c71bc52165,train
3141978286.jpg,3,CMD,b04986bec8facb38,train
3142068240.jpg,4,healthy,c1c361e1c9ccd8ed,train
3142222157.jpg,1,CBSD,98970772762d81e7,train
3142330263.jpg,3,CMD,86c06f366811df7c,test
3142378861.jpg,3,CMD,c18f60fe8b705995,train
3142476527.jpg,3,CMD,9505732ae6dc956a,train
3142477676.jpg,0,CBB,d3b72ce9c2c810fc,test
3142624513.jpg,3,CMD,9c8e263cfd290f0e,train
3143201252.jpg,4,healthy,d3a7e284c59f4a0d,validation
3143832551.jpg,0,CBB,8cb63616199b59cd,train
3144413913.jpg,3,CMD,d48a0f79fe2920e9,train
31445437.jpg,1,CBSD,8ad43a275b62cbca,test
3144595150.jpg,3,CMD,c7ca295c3238bd87,test
3144674037.jpg,3,CMD,8cab2df330433b4d,train
3144899705.jpg,1,CBSD,83ab62f954d82c97,train
3145136938.jpg,2,CGM,8beb25857c33e432,train
3145427906.jpg,2,CGM,983d3631a05f726d,train
3145516632.jpg,3,CMD,a2ad169aca5d4d69,train
3145689782.jpg,4,healthy,88553b2c7265a7e6,validation
314571424.jpg,1,CBSD,917771c128ed8a9d,train
314599917.jpg,4,healthy,d9177bd817cb1809,test
3146245132.jpg,3,CMD,91da2d256ed26365,train
314640668.jpg,1,CBSD,95686ea4e61478bb,train
3146496839.jpg,3,CMD,ac6112f10a3ef33d,train
3146983924.jpg,2,CGM,ccd66992c26570bb,train
3147157389.jpg,3,CMD,a1ea40de95bf7043,train
31471904.jpg,3,CMD,e2b54c536123f15e,train
3147511199.jpg,4,healthy,d60126d9259ce3ed,test
314810495.jpg,1,CBSD,d3a47acd25d87528,train
3148285966.jpg,1,CBSD,913974d9d4ee2741,train
3148313410.jpg,3,CMD,d18e6225027dfdd1,train
3148593794.jpg,3,CMD,c49d3ccac44d3d66,train
314896719.jpg,3,CMD,c21d63b62de73069,train
3149092029.jpg,2,CGM,c3182787ec055bed,validation
3149387999.jpg,1,CBSD,8b2b2b0a69eae9e4,train
3149481755.jpg,3,CMD,84d1324972ffcda2,test
3149626447.jpg,1,CBSD,cbce35379ab0cc48,train
3149877253.jpg,3,CMD,89bae1b4d0c3a8b7,train
315046129.jpg,4,healthy,d4837af06b987895,test
3150477025.jpg,2,CGM,85db7aa44b85b46c,train
3150520823.jpg,3,CMD,84fb67904ad524f3,train
315067949.jpg,3,CMD,c1c44cc564f6733b,train
3151004531.jpg,3,CMD,81cb7a383171d3bc,train
3151010218.jpg,4,healthy,c99b747d823634e4,train
3151081789.jpg,4,healthy,e62a55a3373d4863,train
315115320.jpg,3,CMD,85322e3f655d158d,train
3151227928.jpg,3,CMD,fc47e02398a91d6d,train
3151288722.jpg,3,CMD,8ceb480bb61b7671,train
3151426165.jpg,3,CMD,d1c4226b98a1ecef,train
3151430402.jpg,3,CMD,c5d343bcc0ef02e3,validation
3151577248.jpg,2,CGM,91a47ebbc1872cf0,validation
3151613826.jpg,1,CBSD,c3fd76c089c688cd,test
3151692315.jpg,3,CMD,8d1273f76c0c3317,validation
3151741322.jpg,3,CMD,c14173387a6d6c9b,train
3151771502.jpg,4,healthy,db992f1ce1267a28,train
3151779462.jpg,3,CMD,cb9a25ce18c3b71c,train
3151955638.jpg,2,CGM,cb2a70389cd31d76,train
3152106744.jpg,3,CMD,d40943033a397fed,train
3152107203.jpg,3,CMD,c3a319c938d3ec59,train
3152144684.jpg,3,CMD,8cc70c2d6ddcb4f0,test
3152356017.jpg,3,CMD,859e09d517a87ae9,train
3152387697.jpg,3,CMD,94232be444937ff2,train
3152575169.jpg,2,CGM,977d3d8301bb3216,train
3152656484.jpg,3,CMD,d05f732311dba954,train
3152667123.jpg,3,CMD,8be23f3a16d960b4,validation
3152994734.jpg,3,CMD,d0e32e957f58225c,train
3153002047.jpg,3,CMD,d3b428c91bad716c,train
3153252617.jpg,1,CBSD,86ed0e927b9a89e2,validation
3153277814.jpg,1,CBSD,cece48fb15917e04,test
3153425687.jpg,3,CMD,8a9d732156467ae9,train
3153576807.jpg,3,CMD,d60d4abea50b3978,train
3153618395.jpg,3,CMD,c5886a723db55e98,test
3153719704.jpg,3,CMD,847f68a944dee266,train
3153794511.jpg,4,healthy,99eb2c3382c96736,validation
3154183706.jpg,3,CMD,c0bb1bc13473d4ce,train
3154245721.jpg,3,CMD,b3f211ce66e6045d,train
3154423873.jpg,2,CGM,c1bb049b3169379b,train
3154594813.jpg,3,CMD,eaea4294ad921b76,train
3155629912.jpg,3,CMD,a2df02eb52a939c6,train
3155962772.jpg,2,CGM,c2c527f233b36538,train
3156249894.jpg,3,CMD,c8c31bf1929970eb,validation
3156591589.jpg,3,CMD,b15a1a3c35b55e4a,train
3156981020.jpg,3,CMD,f14e704f7cd20e13,train
3157359243.jpg,2,CGM,80e54b877964793d,train
3157410360.jpg,2,CGM,c8aaf8f2b1b38585,train
3157980868.jpg,3,CMD,900fc5f0ed1771b4,train
3158054107.jpg,2,CGM,8c993268e9e35a9e,train
3158350561.jpg,3,CMD,83f17d0350fb1bc1,train
3158652079.jpg,4,healthy,90e56e13d16ece15,train
3158777284.jpg,3,CMD,94ea6c71709526bb,validation
3158939285.jpg,3,CMD,a43fae53e489231e,train
3159203508.jpg,4,healthy,dce02fd832bb1869,train
3159321423.jpg,1,CBSD,8cb16a84735f3ee0,test
3159607599.jpg,3,CMD,c6fe3ce8695c29c0,train
3160420933.jpg,3,CMD,c6d6786626835e69,train
3160733051.jpg,1,CBSD,87c57838d2e9474e,train
3160784712.jpg,3,CMD,b9e540334bf8331d,train
3160964625.jpg,2,CGM,8ea136461a7bfc89,train
3161381018.jpg,4,healthy,97aa25c51bad3646,train
3161462315.jpg,1,CBSD,919b2ba5535b292d,test
3161523772.jpg,3,CMD,c3d83bba11e3b44a,validation
3161570482.jpg,3,CMD,e4d137c1053e79c6,train
3161578706.jpg,3,CMD,95e9b4adf2a52384,train
3161586140.jpg,1,CBSD,c1ce2c7027ceae5c,train
316185189.jpg,2,CGM,c9a65e977068e89c,train
31623252.jpg,1,CBSD,9a4f716537f6041a,train
3162392075.jpg,3,CMD,83434e23c387e7a7,train
316241634.jpg,3,CMD,899ac6ea3a987595,train
3162418489.jpg,0,CBB,8dc34aae2a5d347a,train
3162425468.jpg,3,CMD,e4b3126c2d1a7679,train
3162528131.jpg,3,CMD,92f632b9e96c18a6,train
3162702851.jpg,3,CMD,99d839070e3cbc7c,train
3162830906.jpg,4,healthy,d3827ae9dc8f8164,train
3162831635.jpg,0,CBB,929373e4bf922871,train
3163012106.jpg,0,CBB,93d72993c6cc8c69,train
3163179482.jpg,2,CGM,f68c92d8c4dbc5e0,train
3163389622.jpg,2,CGM,86e31cff9182a758,train
3163683583.jpg,2,CGM,97286a1fef6158c8,train
3163759153.jpg,3,CMD,926961beacd66d42,test
3163944517.jpg,3,CMD,c1b1473b4ba22fc6,train
3164095616.jpg,3,CMD,89c5545e4f6f6134,train
316423437.jpg,0,CBB,9292735e156d859d,validation
3164252069.jpg,3,CMD,80952bb55b72ea8d,validation
316457574.jpg,1,CBSD,c0be696adc4593a5,train
3164685784.jpg,3,CMD,de50724960e4edad,train
3164729248.jpg,3,CMD,8ef013792a27d9ac,train
3164836946.jpg,1,CBSD,b9c21d62ad34da0f,test
3165059873.jpg,3,CMD,d0c864676ea76ba2,train
3165076660.jpg,3,CMD,93a9a5c43cb55a4b,train
3165173552.jpg,3,CMD,95c34693b59a6987,train
3165375384.jpg,2,CGM,cd2e36b341d31399,train
3165686559.jpg,3,CMD,ea954a1889ad36be,test
3165854835.jpg,2,CGM,81882ebff875c166,train
3165944618.jpg,4,healthy,a07f55037c47e866,validation
3165951820.jpg,3,CMD,e8b56e8e21e14f4a,train
3166344143.jpg,3,CMD,e1e41b233c4966bb,train
3166562991.jpg,3,CMD,89f7943c6ac16d70,train
3167189291.jpg,3,CMD,9cb33b1846d91cc7,train
3167350817.jpg,3,CMD,8cd32f94318fa2e9,test
3167715260.jpg,3,CMD,8d8272d2ba62c96f,train
3167842843.jpg,3,CMD,a23405ef39e338ec,test
3167998962.jpg,3,CMD,c8bb51b05bd90a97,train
3168083400.jpg,3,CMD,89e753969b8c29b1,train
3168515160.jpg,3,CMD,9ce32b3cfac83492,train
3168618201.jpg,3,CMD,caa72f6c51d3238a,validation
3168669941.jpg,3,CMD,d31e41563be742c9,train
3168873139.jpg,3,CMD,958e3561da720bdc,validation
3168989288.jpg,0,CBB,c4582ebd4fc20e7a,test
3169385678.jpg,4,healthy,c4943c6a1be6e5b1,validation
3169445535.jpg,3,CMD,8cec63316a39969e,train
3169537605.jpg,3,CMD,c6a16d84137dea95,train
3169546743.jpg,3,CMD,c3225e92349dafaa,validation
3169882716.jpg,3,CMD,be800e3f5d1bc13c,validation
316988889.jpg,4,healthy,c6e1718c8c778f0d,train
3170246612.jpg,4,healthy,94cda6a57ba132d1,train
3170450967.jpg,3,CMD,9b9d11b7314455ce,validation
3170957509.jpg,2,CGM,9cc339671e44c739,train
3171101040.jpg,1,CBSD,a0b65dab92de6c21,train
3171186747.jpg,3,CMD,9ea6a4df30e1a871,train
3171283572.jpg,4,healthy,c79998652d1495bb,test
3171294350.jpg,3,CMD,898c62fb9a6a44d7,train
3171295117.jpg,3,CMD,c7dc2ae71d102ee2,train
3171471094.jpg,3,CMD,ff80a95ba51f4454,train
3171661108.jpg,3,CMD,93165f1be93da121,train
3171724304.jpg,3,CMD,8f384dcbb851b6a1,train
31718378.jpg,3,CMD,8b6c623fd1ca6863,train
3172040723.jpg,2,CGM,c08b34fc725bc4cb,train
3172430646.jpg,3,CMD,e1bb3b2275146f12,validation
3172833266.jpg,3,CMD,95c37abc87345714,train
3172927521.jpg,4,healthy,c06d68ff42175f05,test
3173333303.jpg,3,CMD,d1ab7a9570f00cec,train
3173423403.jpg,3,CMD,94c449d178da0dfe,train
317345345.jpg,4,healthy,9e311faa87d8a8b4,train
3173958806.jpg,3,CMD,b04f701789e844ff,train
3174024778.jpg,2,CGM,d48a602d5bb86797,train
3174117407.jpg,2,CGM,83627121d4f0e79f,train
3174223236.jpg,3,CMD,edde1e51341cc22d,train
3174515175.jpg,3,CMD,c4526ee35b0c33da,train
3174632328.jpg,3,CMD,d5ee273621a19c95,validation
3175131479.jpg,2,CGM,d2964b3924c77ce8,train
3175363969.jpg,2,CGM,84c1611b3b771d7a,train
3175679586.jpg,3,CMD,8dd33f9639c2191c,test
3175808984.jpg,3,CMD,acaddae16c9604b9,test
3175825671.jpg,3,CMD,c8996e1d91aec4ab,train
3176028684.jpg,3,CMD,ceba247ab9c1059b,train
3176059976.jpg,4,healthy,bab74109139fd705,validation
3176098048.jpg,3,CMD,cea2776f2f851308,train
3176510167.jpg,4,healthy,9dd166e58cb934c8,train
3176671585.jpg,0,CBB,cbc4643a698937b3,test
3177006269.jpg,3,CMD,d0336dc68f1035bd,test
3177385615.jpg,3,CMD,8a0573faf103cc79,train
3177528845.jpg,3,CMD,d81737707ae3055c,train
3177530760.jpg,3,CMD,b3b4728b2783c4c7,validation
3177646641.jpg,3,CMD,b4b1230446dc9ffa,validation
3177907789.jpg,1,CBSD,90f83ebec9d0c19c,validation
3178152218.jpg,3,CMD,8f6516f2631a698b,train
3178167371.jpg,3,CMD,d4c3355a6f800d9f,test
3178285037.jpg,3,CMD,b3c9241b6ba58ab9,test
3178427125.jpg,1,CBSD,a0c55e2bd5143ee9,train
3178480050.jpg,3,CMD,98e517eb2692a9c5,train
3178512733.jpg,3,CMD,8dd57304b1f3613c,train
3178846375.jpg,3,CMD,a3d42ddd17d8d083,train
317953378.jpg,3,CMD,8ef3685a44b9d1aa,train
3179751044.jpg,2,CGM,abcb61e065a762ac,validation
318003084.jpg,4,healthy,ac93726e197196aa,train
3180077185.jpg,1,CBSD,c1b4094de58e39dd,test
3180112687.jpg,2,CGM,8c77238ad9473cb1,train
3180157873.jpg,3,CMD,86a66b97f24834a7,train
3180218586.jpg,3,CMD,927a69fc1d0b2e16,train
3180565716.jpg,4,healthy,91a32a39b3ee1c8e,train
3180664408.jpg,3,CMD,9fc338bf0653681a,test
3181053389.jpg,3,CMD,96e6cf38e18de884,train
3181273999.jpg,1,CBSD,8de23b1d26e87e84,train
3181362955.jpg,3,CMD,85d667796c1a21c7,test
3181538657.jpg,2,CGM,d99824b6722d52fc,validation
3181600056.jpg,2,CGM,919276adfc32a11e,train
3181988739.jpg,3,CMD,80e6306be64becf2,test
3182178940.jpg,3,CMD,d3997fc4241b21d6,train
318227226.jpg,2,CGM,917229a7d8c54ee9,train
3182540417.jpg,3,CMD,d8e16f2ac6cc1596,train
3182736637.jpg,2,CGM,cccd3f0102bc3de6,train
3183016038.jpg,3,CMD,94b5356dc8535a93,train
3183287090.jpg,4,healthy,95b4bbb083d84753,train
318350637.jpg,1,CBSD,c42d32a77171b99c,test
3183645575.jpg,1,CBSD,c5845c87ced4e978,train
3184292480.jpg,4,healthy,c2b72e80354a5bcf,train
3184329827.jpg,3,CMD,ce8339b9207db8aa,train
318471258.jpg,1,CBSD,c2cf2c10696d179f,train
3184759653.jpg,0,CBB,dac5b5c255b60c8d,train
3184771451.jpg,4,healthy,fc832d0897e08f37,train
3184782789.jpg,3,CMD,86e06db7823296ed,train
3184864595.jpg,3,CMD,91d0f1c6b5cd8c78,train
3185116011.jpg,4,healthy,d482a79175659dcc,train
3185542576.jpg,3,CMD,aaf4c96cc5c33a91,train
3185750323.jpg,2,CGM,c5993e3a71d54a45,train
3186227510.jpg,1,CBSD,d2c97552b9b13a19,test
3186269269.jpg,3,CMD,961b2fe4483a2dd6,train
3186486719.jpg,3,CMD,86b0543bae8b75d2,train
3186714136.jpg,0,CBB,c92e30c5eda6d692,train
3186872066.jpg,2,CGM,d0c56e3c721339b9,train
3187086613.jpg,3,CMD,98c473ce505625df,train
3187229916.jpg,4,healthy,844f5c5a56fcc439,train
3187532677.jpg,3,CMD,85ff1a4238c5c66b,train
3187558480.jpg,4,healthy,c4e1a0ecece3c2ea,train
3187755920.jpg,0,CBB,dda56aabb0be4058,train
3188097509.jpg,2,CGM,979678b02183a7cf,train
3188110655.jpg,4,healthy,85bf6dc1c0a13f70,test
318812072.jpg,1,CBSD,dc8b232c8cfa7178,train
3188367087.jpg,4,healthy,8cd72c8163cf74ac,train
3188371437.jpg,3,CMD,f4a93ec4075e4639,test
3188464831.jpg,4,healthy,c7c342cac6c3c7c5,train
3188727997.jpg,3,CMD,87712673ac14c9af,train
3188953817.jpg,2,CGM,daa1550e339d2c3d,train
3189096196.jpg,3,CMD,8d1f43f1594e3a0d,train
3189301622.jpg,3,CMD,d1d873af23c8a0ad,train
3189714226.jpg,4,healthy,c18c2333775b4ba9,train
3189720932.jpg,3,CMD,84ce3ca39ed8538e,test
3189838386.jpg,3,CMD,9b82465c79b6c8b5,train
3189845661.jpg,3,CMD,849b68b6d3962cb3,train
318991539.jpg,3,CMD,85c7424a1c6e5e7e,train
3190222553.jpg,3,CMD,81f802170e62ffed,train
3190228731.jpg,2,CGM,c79637e5a6942998,train
3190783471.jpg,4,healthy,8672362b34b415fd,train
3190970408.jpg,2,CGM,c1fe2ed277680187,train
3190980772.jpg,3,CMD,918f3ae28d5aee24,train
3191071294.jpg,1,CBSD,cc5334b874e80eee,train
3191091730.jpg,3,CMD,c69925a4f9e31e49,validation
3191274160.jpg,3,CMD,ad9670690e9e4ae5,train
3191507930.jpg,3,CMD,d082797dd92b4e4a,train
3191863856.jpg,3,CMD,8ffa08ea9896f0d8,validation
3192117887.jpg,2,CGM,c02f1b0c5fd9ac95,train
3192657039.jpg,3,CMD,95c6104912f74f3f,train
3192692419.jpg,3,CMD,ea01579a3eedd124,validation
3192745866.jpg,3,CMD,d1362ef14d91f24a,train
3192810952.jpg,3,CMD,d0876f9221fa1db4,test
3192892221.jpg,3,CMD,c4ce4e9163731ae6,train
3192927904.jpg,2,CGM,948d2556ba35e726,train
3192966266.jpg,3,CMD,d285ea2606a1f8fe,train
3193368098.jpg,4,healthy,efdacb8ad0a86223,train
3193568902.jpg,3,CMD,abfb40f4b05fe120,train
3193577634.jpg,1,CBSD,d56d65e032f23319,test
3193682053.jpg,3,CMD,c85f358b8cb467c4,train
3194152028.jpg,2,CGM,ced91d8e288c750f,train
3194399372.jpg,3,CMD,c79623cc733c706a,train
3194654679.jpg,3,CMD,81cd52990fec3de1,train
3194661838.jpg,3,CMD,976b254e9c532a4d,train
3194724319.jpg,3,CMD,c2b8653d1d1f6945,test
3194870771.jpg,3,CMD,85f21ecf59805f68,train
3195057988.jpg,2,CGM,8cb37e246b8537c4,train
3195152645.jpg,3,CMD,c0c0c9cdbdd157c6,train
3195215192.jpg,0,CBB,9ab6c5d98f199318,test
3195265053.jpg,3,CMD,d8b665666ccd4923,validation
3195527242.jpg,4,healthy,9ee101759e06736b,train
319553064.jpg,3,CMD,d69709db31561e0e,train
3196066673.jpg,3,CMD,997b0f27057b5207,train
3196140306.jpg,3,CMD,d1f14a99c9da25d4,train
3196317040.jpg,3,CMD,d09b7ca44390cef9,train
3196320591.jpg,3,CMD,847b071b96195f5c,train
3196839385.jpg,1,CBSD,86b3696c16eb0d8e,train
319688327.jpg,1,CBSD,d4d42a3213edacb5,validation
319690126.jpg,3,CMD,f48772690a7e29e1,test
3197107417.jpg,3,CMD,8c8c3e42797ef413,test
3197241029.jpg,3,CMD,b1d63170f82c97d2,train
3197552229.jpg,3,CMD,d2856de1ea467cb0,train
3197563521.jpg,3,CMD,94e6194b4de71b61,train
3197791330.jpg,3,CMD,948e746033af19f9,train
3197802027.jpg,0,CBB,89993186ce7371c7,train
3197848318.jpg,3,CMD,ccb7413a364bcb15,train
3198115498.jpg,3,CMD,88db6d6e34f802f4,test
3198558728.jpg,3,CMD,d6a34642c4f9f531,train
3198568472.jpg,3,CMD,90a7223d67a63373,validation
3198640904.jpg,4,healthy,e38236e790d51a97,train
3198959559.jpg,3,CMD,9af03c4b64998acf,train
3199066390.jpg,3,CMD,d3f563442de06a69,validation
319910228.jpg,4,healthy,bb91d00e43a567e3,validation
319927039.jpg,0,CBB,83b93d95852da9aa,validation
3199430859.jpg,3,CMD,91913dcde4763551,train
3199571684.jpg,1,CBSD,e48950f43fc33768,train
3199643560.jpg,1,CBSD,cdb730cecd3230c5,train
3199885439.jpg,3,CMD,b17905e80f9837e6,train
320018774.jpg,4,healthy,a3bd24b28687ae9c,validation
3200925121.jpg,3,CMD,cc847a6285c63d7e,train
3201556287.jpg,3,CMD,cec4614ea0ef1e3a,train
3201631268.jpg,3,CMD,c2db67b403206b7e,train
3202419046.jpg,3,CMD,956d57034d62535e,train
3202612395.jpg,4,healthy,d99b7bf20427125a,train
3203412332.jpg,0,CBB,85f81e79c9a3561a,validation
3203815975.jpg,3,CMD,c7ad30c0937f9459,validation
3203849568.jpg,4,healthy,c49be78b02c5b23b,train
3203913963.jpg,3,CMD,d4b25b6d39428d5c,validation
3203940789.jpg,1,CBSD,ccca377c682b6e28,train
3204045687.jpg,3,CMD,977d40e86da806f5,test
3204065904.jpg,3,CMD,adb6795d31f90608,train
3204117363.jpg,3,CMD,f14d78e00bf88a67,train
3204119669.jpg,3,CMD,8ea51de39c87a3a4,validation
3204228673.jpg,3,CMD,84532a997ad71e35,train
320442458.jpg,2,CGM,c3c71b1e8392786e,test
3204522737.jpg,1,CBSD,95898badabc726c4,train
320478670.jpg,3,CMD,c4ee213b6d23246f,train
3205007771.jpg,1,CBSD,ebe9c70bc64ac624,train
3205016772.jpg,3,CMD,c44119c733bafd4c,train
3205038032.jpg,1,CBSD,d4c22dd554565aab,train
320516441.jpg,3,CMD,853a68addbac2639,test
3205165267.jpg,3,CMD,85365b717e930c87,validation
3205290572.jpg,3,CMD,877359d6620b78e4,train
3205585005.jpg,0,CBB,a81df02acf3da8e4,train
3205636467.jpg,3,CMD,8c86a3ab9cdea2b1,test
3205640765.jpg,4,healthy,e5ba7343c1582b59,train
3205794577.jpg,3,CMD,c74427cd334da19b,train
3206142630.jpg,3,CMD,d08b36d5e7503c5a,test
3206254963.jpg,3,CMD,f3e06a3b974a0ba1,train
320647422.jpg,3,CMD,e29c2b0c0f1b6aed,train
3207502224.jpg,0,CBB,8cc93293c9bdd5d0,train
3207676164.jpg,3,CMD,cfb3258569a05ed1,train
3207910782.jpg,3,CMD,952833e51aea2ef1,train
3207964799.jpg,3,CMD,ccd32f14a9cabc19,train
3208046657.jpg,3,CMD,cdee4cc23713413e,validation
3208135631.jpg,4,healthy,93ba79453c6634a5,train
3208365182.jpg,3,CMD,d9073c131c6d1f6c,train
3208609885.jpg,4,healthy,c3363dc1c9417b2d,train
3208777969.jpg,3,CMD,ffe10e61193720ce,train
3208851813.jpg,3,CMD,94e555e245581fd3,test
3209205412.jpg,2,CGM,c9cd336e2317b21a,train
3209323639.jpg,2,CGM,ccb643cb63cc5670,train
3209363039.jpg,2,CGM,99192569d1c6ccf9,train
3210269990.jpg,3,CMD,8ce5604f6b3a5ab8,validation
3210323320.jpg,3,CMD,c896339a0dabc6bc,train
321055434.jpg,1,CBSD,919e7b7b28a183d2,train
3210631434.jpg,3,CMD,d1d32aeb6ce454a2,train
32107301.jpg,3,CMD,9652f3294f306da6,train
3210844755.jpg,3,CMD,d02936c519eef316,train
3211354842.jpg,3,CMD,d3922968d7c91ab3,validation
3211443011.jpg,1,CBSD,941d7abf2fca044a,train
3211556241.jpg,3,CMD,991d2dd2d6c9e984,test
3211666724.jpg,3,CMD,c09f38ec1017efe1,train
3211733449.jpg,2,CGM,c1c2c8dbd9575c25,test
321186710.jpg,3,CMD,fda035855875c41f,validation
3211907814.jpg,0,CBB,94b658eed82d9952,test
3212340092.jpg,3,CMD,c6c637f6242c4cd9,train
3212523761.jpg,3,CMD,f0ee7036484f68ad,validation
3212562477.jpg,3,CMD,848b1b3979db3a32,train
3212686305.jpg,1,CBSD,8e791ec46c47b097,train
3212798182.jpg,1,CBSD,9a8577165e5c584b,train
3213202083.jpg,3,CMD,d6a615e1678258e7,train
3213266841.jpg,3,CMD,e1f51bc81069af9a,test
3213310104.jpg,3,CMD,82756aa63d978d54,train
3213457591.jpg,3,CMD,d66d3c126c07caf8,train
3213489228.jpg,3,CMD,85d44a39458a2bff,train
3213680701.jpg,2,CGM,c4d8d282f18ba73b,train
3213687782.jpg,3,CMD,92a562c198d4fe2f,train
3213974381.jpg,3,CMD,91635bb51385ceb8,train
3214039367.jpg,2,CGM,84f77154591b69a9,train
3214097805.jpg,3,CMD,d8b54f8470a41fbc,validation
3214130849.jpg,4,healthy,dc1631b52ecc3dc8,train
3214572366.jpg,4,healthy,d173636361952bb1,validation
3214705014.jpg,3,CMD,99c525bd554e2f18,train
3214730186.jpg,0,CBB,8d84482d1feeece2,validation
3214849616.jpg,3,CMD,d28d01930f68bf9e,validation
3215535093.jpg,2,CGM,859155c6a3b56b35,validation
3216015057.jpg,3,CMD,f3072a750d878e93,train
3216352874.jpg,3,CMD,dad86d5c79e18486,train
3216421473.jpg,4,healthy,85d3286d26476d7c,test
3216675047.jpg,3,CMD,d5b5145727e6606a,train
3216843239.jpg,3,CMD,92b73f0b12a2e2e5,train
321709323.jpg,3,CMD,8399607e6a27175d,test
3217226349.jpg,2,CGM,cb8a39b2f12ed862,test
3217518680.jpg,3,CMD,809b2b213fe75cd8,train
321774948.jpg,3,CMD,c5fe296b780af700,train
3217927386.jpg,3,CMD,bc8d0e6e2542f636,train
3218002548.jpg,3,CMD,d13c58b51693b38e,train
321810144.jpg,3,CMD,c5008b5bb9e39ada,test
3218166132.jpg,3,CMD,84cb71dab9b08f4a,validation
3218230383.jpg,2,CGM,f1f3b8eb81a80b61,train
3218262834.jpg,3,CMD,d2272b00c14f7fba,train
3218303848.jpg,3,CMD,bdf20b3970e0536c,train
3218913875.jpg,3,CMD,c9e774d84add5484,train
3218992667.jpg,4,healthy,d7e9082bfbc94486,train
3219226576.jpg,0,CBB,c89b4d62724c63eb,train
3219439906.jpg,0,CBB,d2cb63043c3bb1d6,train
3219471796.jpg,3,CMD,c36c3163be4b914e,validation
3219569392.jpg,4,healthy,92c463e4b9f35839,train
3220061337.jpg,3,CMD,91f43f7d08235a4b,train
3220658549.jpg,3,CMD,d2cb20a157c55f56,test
3221163634.jpg,3,CMD,9a88247cf5a525f9,train
3221415774.jpg,3,CMD,d23626f33143531f,validation
3221582204.jpg,3,CMD,c15e69951af17619,train
3221655507.jpg,0,CBB,999c6c627363a696,test
3221707185.jpg,0,CBB,9d926d39e0e6f809,train
322175078.jpg,3,CMD,cec6af7b2892b490,validation
3221754335.jpg,4,healthy,85f801b572947ba7,test
32222018.jpg,3,CMD,d5b5356d09f806a5,train
3222453673.jpg,2,CGM,963136bcb9ae6862,test
3222480560.jpg,3,CMD,d59a4ee0739b148d,train
3222591815.jpg,3,CMD,81bd787241c1ec7b,validation
3222671567.jpg,3,CMD,8dd458d1d698acab,test
3222771047.jpg,1,CBSD,a41e3fcac92631d6,train
3222825564.jpg,3,CMD,94ed142acebda05e,test
3222828232.jpg,3,CMD,e3a4addbc194b186,test
3223104982.jpg,1,CBSD,a0d4289a47a35f3f,validation
3223218079.jpg,3,CMD,c4e4a6b69bb41536,train
3223282866.jpg,3,CMD,87c90f1a5e826ef1,train
3223378388.jpg,3,CMD,86b54ec81f330a7d,validation
3223500439.jpg,3,CMD,e6a8731e49d39cc4,test
3223559298.jpg,3,CMD,c787317a7b5143c4,train
3223647607.jpg,3,CMD,b092b6b4d8a0d1fd,test
3223959207.jpg,3,CMD,936232f158ecdb91,train
3224468740.jpg,3,CMD,d3917ac747688ca6,train
3224683062.jpg,3,CMD,91882b7f683e1357,train
3224710052.jpg,3,CMD,856356f8b845ee49,train
3224818576.jpg,3,CMD,dd99253e71143754,train
3224993306.jpg,3,CMD,97f56ab82c38a14b,test
322500539.jpg,3,CMD,f6a91b95245d231e,train
3225424173.jpg,3,CMD,a4f66ab85da9522a,train
3225476666.jpg,2,CGM,876373c8c91137e5,train
3225508752.jpg,3,CMD,8c73059ae796a175,train
3225863041.jpg,3,CMD,828e81efea2a6b2d,train
3226707943.jpg,3,CMD,c6414fe05cfced21,train
3226814705.jpg,3,CMD,8f6947b2518b9d54,validation
3226850517.jpg,3,CMD,fed6e8c530710794,train
3227241353.jpg,3,CMD,d2631c1cdc35e69a,validation
3227289141.jpg,4,healthy,83e77c99c164989e,validation
3227352365.jpg,3,CMD,8badbaae6498e486,train
3227590908.jpg,4,healthy,c1923ee17df51a90,train
3227667303.jpg,1,CBSD,d4d34ba5a3cb1a19,train
3227870524.jpg,1,CBSD,8b973025c35d6f70,train
3228187345.jpg,2,CGM,d291398e4e7007fe,validation
3228239886.jpg,0,CBB,c4f96ba5b0f87450,train
3228683879.jpg,3,CMD,859c73e60f5c4b07,train
3228780616.jpg,3,CMD,848b527d2fdd3207,train
3229042253.jpg,3,CMD,caab713a4b5314f2,test
3229125416.jpg,3,CMD,8cd67aa985b9a985,train
3229179609.jpg,1,CBSD,8dc07e3aa5961e6c,test
3229492371.jpg,3,CMD,d25d92539b20fc17,train
3229676096.jpg,4,healthy,f5893b7e401cc1cb,test
3229687331.jpg,4,healthy,a9ab2b2b2a7a5652,test
3230073563.jpg,3,CMD,83cf146e8573073b,test
3230113512.jpg,3,CMD,d0a30dfa031ef993,train
3230180504.jpg,3,CMD,84ab3e8c63ae6c53,validation
323035134.jpg,2,CGM,a0d8552c8f8f1b9e,train
3230471724.jpg,2,CGM,a1bcdf213d4e42cc,train
3230535852.jpg,3,CMD,955b4937356a5a1a,train
3231064987.jpg,3,CMD,c55662a4ba947e4e,train
3231194302.jpg,3,CMD,9dea68614c1ee2f1,train
3231201573.jpg,2,CGM,93cb6f8dc806a4a7,train
3231343781.jpg,3,CMD,88b23e5c34995ead,train
323199672.jpg,3,CMD,d7924ced03a703b9,validation
3232296827.jpg,3,CMD,8091b9b93a6a787e,train
3232568726.jpg,3,CMD,d4c97da9253f5281,train
3232581663.jpg,1,CBSD,c89ba6742bab74c4,test
3232686403.jpg,4,healthy,e50bc3e0b5dd3a18,validation
3232803826.jpg,3,CMD,c5c7729e015a9d47,test
3232846318.jpg,3,CMD,8a6833ec583b4bb3,train
3232885569.jpg,4,healthy,97a6207cf45d4b46,train
323293221.jpg,2,CGM,9df3075f00d1f612,validation
3233610742.jpg,3,CMD,949f2889f2d8e11f,train
3233669266.jpg,2,CGM,918c1ed9982f33f8,train
3233897514.jpg,1,CBSD,d9622f81546a0fdd,train
3233899125.jpg,2,CGM,821e2ba5f162dbca,train
3234169985.jpg,3,CMD,d9d45922b43f928d,test
3234532653.jpg,4,healthy,b5c443b1edd1b06a,train
3234847067.jpg,0,CBB,91aa714d0a6d6ba7,train
3234850846.jpg,3,CMD,cfd01c2965fcd252,train
3234915269.jpg,0,CBB,d9e66ca1660c2d9d,test
323552836.jpg,3,CMD,c5e25d5a187b2a71,validation
3235584529.jpg,3,CMD,9827795c76d041ee,train
323586160.jpg,3,CMD,b6843fb074f042db,validation
3236314013.jpg,3,CMD,c0c13d7d322eb2dc,train
323643243.jpg,2,CGM,99c8232e836e13ef,train
3236562372.jpg,0,CBB,87a470cf3e1c6539,train
3237048109.jpg,3,CMD,91b61676f008f9e3,train
3237097482.jpg,3,CMD,80f66b9bac8116ee,validation
3237226603.jpg,3,CMD,f26942070fd6794b,train
3237298284.jpg,3,CMD,83b65f6aad241c72,train
3237320140.jpg,1,CBSD,9f87243fe6c09863,train
3237441683.jpg,3,CMD,e499252f8a639aa7,validation
3237815335.jpg,4,healthy,c2fd34238dec27c2,train
3237922501.jpg,2,CGM,c7235cf934ac6a07,train
3238426139.jpg,4,healthy,90a5378b69ea6ad2,train
3238435755.jpg,3,CMD,a5fccb3248712fe0,validation
3238472745.jpg,3,CMD,d4cbcb74779b0421,validation
3238638493.jpg,3,CMD,ddd8613ff4314c88,train
3238704279.jpg,4,healthy,d0fc22b10f6dd2cc,test
323873580.jpg,3,CMD,81f005f32e0d67fa,train
3238801760.jpg,3,CMD,d91383a76f4583c3,test
3239491345.jpg,3,CMD,9cc16cd647f3a12a,train
3239751469.jpg,3,CMD,d1d937d248534e56,train
3239851865.jpg,3,CMD,81a5707d977469a9,train
3240028167.jpg,3,CMD,c7f81aa0628f6d1b,train
3240031816.jpg,3,CMD,d5806ebcb4a5ab52,train
324027470.jpg,2,CGM,89c76e2eb4714167,train
3240436783.jpg,1,CBSD,c1dc3f00afd2d0da,test
3240471476.jpg,4,healthy,afc630027acbcb36,train
3240696459.jpg,3,CMD,d372617b9be500e1,train
3240792628.jpg,3,CMD,cd3e52f9b598a221,train
3240849248.jpg,3,CMD,9cd9790f1f638119,test
3240850732.jpg,3,CMD,8cad6318664fde32,test
3241038013.jpg,3,CMD,d2fa42e839c74659,train
3241206449.jpg,2,CGM,91996bd0ab7895a3,train
3241388791.jpg,4,healthy,f1b131a7c2c71e94,validation
3241444808.jpg,3,CMD,b96f4db1d28a2239,train
3241527728.jpg,3,CMD,d19a0fe34ce33326,validation
3241593592.jpg,2,CGM,95ea62b2a48df28e,train
3241869544.jpg,3,CMD,d7bf40822ccf5b0a,train
3241980938.jpg,1,CBSD,96ab6312f89bc0e9,train
3242129784.jpg,3,CMD,922d25da9b261cdb,train
324248837.jpg,0,CBB,8c8d9b8fc7a382a9,train
3242699684.jpg,4,healthy,d5c15c3484d68cfb,train
3243085170.jpg,0,CBB,e4cd5aad305a2c3b,train
3243126254.jpg,3,CMD,c2ec3ac24423d6f7,train
3243184337.jpg,3,CMD,c5e6680e2d6a1f59,train
3243290426.jpg,3,CMD,95c9694f59244fa5,validation
3243392252.jpg,4,healthy,caf22161d92c7ee2,train
3244382279.jpg,2,CGM,87dc278c51477ac5,test
3244391551.jpg,3,CMD,93962683fef040e7,train
3244462441.jpg,3,CMD,c5763172fa706c91,train
324471712.jpg,3,CMD,9b7a3cdd652460e8,train
324493951.jpg,1,CBSD,99d1fd0d112e0737,test
3245080798.jpg,2,CGM,94b7026e72e30f9c,test
3245082312.jpg,2,CGM,946b76e1ea9c1ec0,train
3245552311.jpg,1,CBSD,92c72a6974b77432,train
3246462405.jpg,3,CMD,b0e7108f5d295667,train
3246576507.jpg,4,healthy,c48226c63f67057f,test
3246642151.jpg,0,CBB,c57278dec6d028b5,train
3246854912.jpg,3,CMD,d4d33a93372908dd,train
3247350165.jpg,4,healthy,c6bf6c8271e44959,train
3247452653.jpg,3,CMD,9db73494abb54344,test
3247545226.jpg,1,CBSD,c09e3798c97e4f50,train
3247553763.jpg,4,healthy,c39c02e176566bf1,validation
3247597074.jpg,2,CGM,99c238b3211e57be,train
3247645012.jpg,4,healthy,d5b06add3c2b5292,test
3247843719.jpg,2,CGM,8161689b5d9de533,test
3248325951.jpg,2,CGM,c1ae2aededc23898,train
3248683605.jpg,3,CMD,9ce30cf0f4916e56,train
3249179889.jpg,0,CBB,9e9461ea96797894,test
3249336274.jpg,0,CBB,94be29a694b4f4c6,validation
324973977.jpg,3,CMD,d3de1d4c027b65b0,train
3250010085.jpg,0,CBB,808fe8ef62e6e688,train
3250253495.jpg,3,CMD,d0ff4cb37c274890,validation
3250352507.jpg,3,CMD,ccf1309a4fced143,validation
3250428220.jpg,1,CBSD,bccb7401b26dd06d,train
3250432393.jpg,3,CMD,f36b07294fd2ac48,train
3250530777.jpg,3,CMD,c94f70cbc08de87a,train
3250565385.jpg,3,CMD,c4961b3956596b66,test
3250712719.jpg,2,CGM,d7271c640fdf0155,train
3251176884.jpg,3,CMD,d096294596db378d,train
3251222806.jpg,4,healthy,8ed12db3ea0732e2,train
3251464072.jpg,0,CBB,c7c4c9e24ac86ade,validation
3251562752.jpg,3,CMD,d26d5ba6c19e9066,validation
3251764098.jpg,2,CGM,8fc13b075b2d0b9c,train
3251863915.jpg,3,CMD,8834193ede4763c7,train
3251960666.jpg,1,CBSD,c0e73f960ac63437,train
3252023035.jpg,1,CBSD,c3a43c8537dd56d0,train
325202356.jpg,1,CBSD,d1806d42e1b5d2fe,train
3252199883.jpg,3,CMD,f0b03bcc30b07bdc,train
3252232501.jpg,1,CBSD,94cb483fb592744e,train
3252645466.jpg,3,CMD,c81b66e42eed1c8b,validation
3252706161.jpg,3,CMD,d4d97a3a6b07a4a4,test
3252840677.jpg,3,CMD,843b19269e1966fe,train
3253079818.jpg,4,healthy,c19376ce89ec6c0d,test
3253305739.jpg,0,CBB,80cea24f84d333bf,validation
3253672185.jpg,3,CMD,ddc32f910e4c44af,train
3253718766.jpg,3,CMD,c7b4239d6eb24568,test
3253799470.jpg,2,CGM,d55c3cd7c39a30c4,train
3253938765.jpg,3,CMD,e67c2887d1c6bc25,test
3254091350.jpg,3,CMD,c434576b24d387ec,train
3254258817.jpg,1,CBSD,d13566222e2d756d,train
3254381404.jpg,2,CGM,94f10ab756dc6e12,train
3254488090.jpg,3,CMD,93f73c825d055d61,train
3254622501.jpg,3,CMD,d00f399932d3f2d2,test
3254803718.jpg,4,healthy,d235272485e6add3,train
3255013873.jpg,1,CBSD,c4db19c1537a2c9e,train
3255212212.jpg,3,CMD,99bb3b7885c4683a,train
3255287642.jpg,3,CMD,c4993c175ec849cf,train
325567514.jpg,4,healthy,d9cadaa2a4ad9721,test
3255879416.jpg,3,CMD,9fc99ecb088fc8d0,train
325589863.jpg,3,CMD,d36c336d14dba462,train
3255912771.jpg,4,healthy,a9fd72f3428495a1,train
3256294649.jpg,3,CMD,8fcd784703925ba5,train
3256416525.jpg,3,CMD,9ec70458669433fe,train
325653540.jpg,3,CMD,d0833c3e094eeab7,train
3256753501.jpg,2,CGM,a9ddf4b2938982ac,train
3257111209.jpg,3,CMD,d23340f53f8f1a45,train
3257181321.jpg,3,CMD,81db129a79931f55,train
3257227990.jpg,0,CBB,c0392f191ee65ab3,validation
3257229839.jpg,2,CGM,91f4361b64db073c,train
325724321.jpg,2,CGM,fcf320f2470447f1,train
3257324402.jpg,3,CMD,80d43d3f120f4b77,test
3257543417.jpg,2,CGM,ce8dc6788037f453,train
3257711542.jpg,3,CMD,c88f071435dfd692,test
3257812988.jpg,3,CMD,96f038c069b7ad9a,validation
3257832958.jpg,3,CMD,c4e1667ee69a868c,test
3258193135.jpg,0,CBB,dc843bb986db2c26,train
3258475157.jpg,3,CMD,ceb07c1ea186687e,train
3258706928.jpg,4,healthy,c7142f32266b89d7,train
3258749650.jpg,4,healthy,b1928ced8b3a6695,train
3258755653.jpg,3,CMD,92d936cb56f21cb0,train
3258960112.jpg,0,CBB,dc0c6e8273f317c1,train
3259374604.jpg,3,CMD,91fa3a4c3e8de449,train
3259397427.jpg,3,CMD,cdc93f5647043c4e,test
3259441892.jpg,3,CMD,d2aa29e988c5acf5,test
3259496319.jpg,3,CMD,cda6a1ece28baae0,train
3259817213.jpg,4,healthy,d5cc42e5a4d3f095,train
3260026666.jpg,3,CMD,99cc96d74e0968d3,test
3260085272.jpg,3,CMD,d1b7b5be88244a47,train
3260439942.jpg,3,CMD,c4d03b4e71675e70,train
3260576372.jpg,3,CMD,96e25f7323854179,test
3260589642.jpg,1,CBSD,e0bd1c1e61798771,validation
3260683685.jpg,3,CMD,a7ed055cc93f41d0,train
3260907115.jpg,2,CGM,86b82d953a39195f,train
3261335812.jpg,3,CMD,c52538a7d947f618,train
3261368099.jpg,2,CGM,d7ad255262a153f8,validation
3261438787.jpg,2,CGM,9a027ed47da46b1c,train
3261671867.jpg,1,CBSD,d8d2758704765e27,train
3261726496.jpg,3,CMD,cb35583565a3272b,test
326197492.jpg,1,CBSD,d498aa5755a343e3,validation
326211712.jpg,3,CMD,88c9189e166a79df,validation
3262221593.jpg,0,CBB,ce8e187ba941568f,train
3262262555.jpg,3,CMD,813b460f37ecdb03,train
3262402201.jpg,3,CMD,a5ea2a8456caf4ec,train
326251894.jpg,3,CMD,82e26d4d4d65f2e8,train
3263547515.jpg,0,CBB,c6d52b68539f2ca4,validation
3263657130.jpg,3,CMD,943137c2495fda8b,train
326401177.jpg,3,CMD,d4aaad4cc3557a13,train
3264326594.jpg,3,CMD,82837be835b1d758,train
3264451283.jpg,3,CMD,ee8b01c7f38ece01,train
3265082025.jpg,3,CMD,d0053cbbc1ce8be3,train
3265165430.jpg,3,CMD,d9e06e3465b71ac4,train
3265398947.jpg,4,healthy,f28b4eb9c4016d3e,train
3265533609.jpg,3,CMD,d69729c380981ffa,train
326596379.jpg,4,healthy,c1ec2623997c569b,train
326599295.jpg,2,CGM,d59933420eaaeaba,test
3266592297.jpg,3,CMD,c2761136351e7ae5,train
3266655570.jpg,1,CBSD,c3823c78326cde76,train
3266675011.jpg,3,CMD,8e31e37cb9962691,train
3266717103.jpg,3,CMD,c1ac747c345b2d9a,train
3266893839.jpg,1,CBSD,c4853f3091b7b43d,test
3267005916.jpg,3,CMD,c9926b90e7ea7485,train
3267041557.jpg,1,CBSD,80ae2b96ce0a3b77,test
3267306018.jpg,4,healthy,addcb9e8c4ba90e0,test
3267434230.jpg,2,CGM,bf6b0aeab0844fb0,validation
3267515299.jpg,3,CMD,c8ea6baa26dc1587,train
3267552912.jpg,3,CMD,8eaaeee8e4e045e1,train
3267685049.jpg,2,CGM,c5045ee0c5ce73f2,train
3267697264.jpg,3,CMD,8ccc4c8a8df7bc0e,validation
3267710591.jpg,3,CMD,d8c3beb195e0b189,train
3267768763.jpg,3,CMD,97c76f62670c3924,train
3267776509.jpg,3,CMD,8aaa5b3d505937ac,test
326797939.jpg,3,CMD,dee681fe91103e38,test
3268077993.jpg,1,CBSD,f3401cdf6478a7b0,validation
3268189172.jpg,3,CMD,8c4f269358ad1eda,test
3268342184.jpg,3,CMD,f0b86ce11c87079f,train
326839479.jpg,4,healthy,d0e92ddb085469be,train
3268422734.jpg,3,CMD,81a63ee823fce187,train
326882587.jpg,3,CMD,88a27e5b293e01bf,train
3268898958.jpg,2,CGM,962c5d7a62a11eab,train
3268942286.jpg,3,CMD,c0b76fd93283c217,validation
3269115168.jpg,3,CMD,a0d51e87831f78f1,train
3269286573.jpg,3,CMD,99c61c2956faf314,train
326934481.jpg,3,CMD,8de06be130d6347b,train
3269415052.jpg,3,CMD,94ab0f93258e5e6c,test
3269539876.jpg,1,CBSD,92d363abada5441e,test
3269577527.jpg,3,CMD,da3d6aa045a99d5a,train
3269646431.jpg,0,CBB,95b6278d78426357,test
3269770474.jpg,3,CMD,f2a1c1c836df60ba,train
3269782382.jpg,4,healthy,f3b059113a4e6ba5,validation
3269859452.jpg,3,CMD,9d7f44e1a465d017,train
3269939470.jpg,1,CBSD,891e7f70053d0d7a,test
3270002383.jpg,3,CMD,83fb3c8209dd7742,train
3270245186.jpg,3,CMD,86d4398965979e65,train
327041212.jpg,3,CMD,93fe2d6f02e2b540,train
3270798775.jpg,3,CMD,e93d74ad154a24d5,train
327095430.jpg,3,CMD,915a0e54e377347c,train
3271077588.jpg,3,CMD,dcec739b27118c43,train
3271089723.jpg,2,CGM,ccce8d052da913bb,train
3271104064.jpg,2,CGM,c4e819351187fee5,validation
3271199232.jpg,3,CMD,90981f176e1e3a9d,train
3271313528.jpg,4,healthy,d29e2461e1bdf8c2,train
3271331948.jpg,3,CMD,b3161ed119d5ab45,validation
3271545920.jpg,3,CMD,84ac6ffd3510392b,train
32717492.jpg,2,CGM,98c5671f53c10dae,test
3271797853.jpg,1,CBSD,cc8ea7c098b1f4e9,train
3271812673.jpg,3,CMD,ddef49907f08448d,train
3272245508.jpg,3,CMD,94fe14b459161dd5,test
3272639018.jpg,3,CMD,d08cc2eac196bd4f,train
327273475.jpg,0,CBB,e8360c5be1ed1ad2,train
3272750945.jpg,3,CMD,c4eaf29f14054b7a,validation
3272887420.jpg,2,CGM,93a8537ba6c226b5,train
3272923042.jpg,3,CMD,91c87dd3a9a862dc,test
327309944.jpg,2,CGM,cecb63bc229c49b8,train
3273250592.jpg,3,CMD,a0d0182fcfc1bcf5,test
3273351550.jpg,2,CGM,a89d236a4651f13f,validation
3273515631.jpg,3,CMD,b16703722f0b1fb4,test
3273537907.jpg,3,CMD,c6906f847d6c3ca6,train
3273581839.jpg,3,CMD,d097699c778d5485,validation
3274424036.jpg,2,CGM,93cd7685bc9002fe,train
3274533152.jpg,3,CMD,d3d954ea340926f6,train
3274534287.jpg,3,CMD,82e026731bcadda7,train
3274661195.jpg,1,CBSD,d69167789d07417c,test
3275064872.jpg,1,CBSD,c305383734dac6eb,test
3275271521.jpg,3,CMD,9dfe63133c279422,train
3275347756.jpg,3,CMD,949c8e89cccbc3b5,train
3275448678.jpg,3,CMD,9d923b2fccc049ad,train
3275923788.jpg,3,CMD,d6d21d1a27f66158,train
3275961494.jpg,3,CMD,81de2ad62ab1b8cd,train
3276064901.jpg,3,CMD,91a97872c51f1573,validation
3276241131.jpg,3,CMD,8ede209e681eda59,train
3276257158.jpg,4,healthy,9d32388f7a495e32,train
3276292509.jpg,3,CMD,dcbf758f6301c460,validation
3276323574.jpg,0,CBB,dd872b2e16111f1b,train
3276579390.jpg,2,CGM,d9a645628479f794,validation
3276656729.jpg,4,healthy,95c875c848ef4fa4,train
3276660175.jpg,3,CMD,c5ca153a237d613d,train
3276860479.jpg,3,CMD,919722bc2f1978ab,train
327693124.jpg,3,CMD,85c83aed331c9b72,train
3276950073.jpg,3,CMD,a597ca29cc345cab,train
3277182366.jpg,3,CMD,d0814cd687d0fcbb,train
3277367101.jpg,3,CMD,c4823fe5d5c341ad,train
3277409188.jpg,3,CMD,dcad0d7c58cb1760,validation
3277846362.jpg,2,CGM,a771327809a5d31f,train
3277973908.jpg,3,CMD,d78420f626fd51c3,train
327801627.jpg,3,CMD,d1f338303ffb3120,train
3278178213.jpg,3,CMD,879a2fada9f201d1,train
3278317596.jpg,3,CMD,c30b75e60b3906fc,train
327847778.jpg,3,CMD,82ff451865a37339,test
3278657950.jpg,4,healthy,d5e26cf04b1992b3,train
3278774878.jpg,3,CMD,cfb970d0469ae8d4,train
3278834779.jpg,3,CMD,e4fa39f8488443f6,train
3279028248.jpg,3,CMD,89e576cc3b342c93,train
3279234620.jpg,4,healthy,bd8d8db3e2c2c292,validation
327962413.jpg,3,CMD,98dc338077b546b5,train
3279751533.jpg,1,CBSD,d58f256d245867b1,train
3279765825.jpg,3,CMD,d28d36755ab2231e,validation
3279881598.jpg,1,CBSD,9494694b7556768b,train
3280151930.jpg,3,CMD,919a524378dbdd43,test
3280635633.jpg,3,CMD,d48630afea9d5836,test
3281063940.jpg,3,CMD,d675198c7849d16d,train
3281185613.jpg,2,CGM,ea9c43a3971b66a4,train
3281209733.jpg,3,CMD,9567542bcea7581c,validation
3281269706.jpg,2,CGM,d80f395c52a9a796,test
3281399480.jpg,3,CMD,d4857ddb50974871,train
3281750084.jpg,4,healthy,97e661a41c1d39d9,train
3282595090.jpg,4,healthy,852d3c726752c3ad,train
3282660950.jpg,3,CMD,9cf866c339324d5a,validation
328271132.jpg,3,CMD,bbafb0c4cd965806,train
328272253.jpg,3,CMD,940d3aed1b72e51c,train
3283266203.jpg,3,CMD,9089331ec719c77b,validation
3283270801.jpg,4,healthy,9e8564dae9719e82,test
3283292871.jpg,0,CBB,d3fa626d4d260e86,validation
3283684179.jpg,3,CMD,c86a39535ad3633c,train
328383026.jpg,3,CMD,f39027909bcf3970,train
3283916939.jpg,3,CMD,ab47ff40ab4242d3,train
3283953318.jpg,3,CMD,e9561d934e2e3c38,test
3284001157.jpg,2,CGM,89f33871603e7547,test
328474315.jpg,3,CMD,8dd221969e5f61c6,train
3284887815.jpg,3,CMD,b2a04ed14a363deb,train
3284991381.jpg,3,CMD,e9dec02f309c1b17,train
3285084610.jpg,3,CMD,dccd1a94225cb67c,train
3285343961.jpg,3,CMD,e49c4f472075e6c3,train
3285461264.jpg,3,CMD,8f6e25f24ba9701a,train
3285778653.jpg,2,CGM,9bcb628d85564a6e,train
3285918057.jpg,3,CMD,a7f8c1db4c0a12fa,train
328605603.jpg,3,CMD,e12438b2a6f9bc9c,train
3286178995.jpg,3,CMD,d95b22b6146c63b3,train
3286430972.jpg,3,CMD,d21566846dc61df9,train
3286502189.jpg,3,CMD,8dd303c46e3a1fcc,test
3286807982.jpg,3,CMD,97e175d99cc88a45,train
328706922.jpg,3,CMD,90114d1cbb1ff62e,train
3287098987.jpg,3,CMD,8b8bc393c1f17570,train
3287200393.jpg,3,CMD,d887423d31d39ab5,test
3287300042.jpg,3,CMD,938e37d45e5151d2,test
3287692788.jpg,3,CMD,e5930c6f1a6c37c4,train
3287884137.jpg,3,CMD,8cb750d5adaa2e23,train
328826135.jpg,2,CGM,83d665176a279d29,train
3288339403.jpg,3,CMD,80e67ef800db2f71,train
3288990051.jpg,0,CBB,9863e8d850d7d5a5,train
3288995572.jpg,3,CMD,d6c86895f0e4e9c6,train
3289230042.jpg,3,CMD,dfca1fc12c07293c,train
3289401619.jpg,3,CMD,8fe1707b3d331a18,validation
328959114.jpg,2,CGM,c9250fcfd3922e2c,train
3289671464.jpg,3,CMD,d12347746c5b70cd,train
3289968064.jpg,3,CMD,e3ec1c721361b1f2,train
3289986496.jpg,2,CGM,9efe251e53e02d22,test
3289998998.jpg,3,CMD,9bec2e3ed81073a2,train
3290333742.jpg,2,CGM,c4451287bd167df1,validation
3290949725.jpg,0,CBB,ecd2f50f52ab5007,validation
3291079812.jpg,3,CMD,92d3239a4cdc79a9,validation
3291543405.jpg,3,CMD,c3a167c457061e7d,train
3291696815.jpg,4,healthy,814fde9045d73167,train
329174765.jpg,3,CMD,bd4e1ec90bb401be,validation
3292343702.jpg,2,CGM,c935332d558b95c9,train
3292412777.jpg,4,healthy,a3a373c3ad1f2c06,train
3292555378.jpg,3,CMD,841779f483ad52ab,train
3292800291.jpg,3,CMD,d386276a76e75214,train
3292807348.jpg,4,healthy,99866e1bb46c5b26,train
3292967761.jpg,3,CMD,89c9c99ddc5652d2,train
3293012629.jpg,2,CGM,84c75ae69831bbe1,validation
3293029468.jpg,3,CMD,d3b844e7b2fc4194,train
3293187479.jpg,3,CMD,84e779f22db53007,validation
3293589198.jpg,3,CMD,c33d7183e5521fe0,validation
3293593485.jpg,0,CBB,86946d66f30d52b3,train
3293636157.jpg,3,CMD,d06e25b7558361d6,train
3293928454.jpg,3,CMD,aca4b57f6b288949,train
3294105738.jpg,3,CMD,c8947c27ec896ec3,train
3294260404.jpg,1,CBSD,92c36c9f959c2ae2,train
3294433487.jpg,1,CBSD,94ea3bc6c8b38b91,train
3294564656.jpg,3,CMD,d59566c0f3461b63,train
3294628628.jpg,3,CMD,d0ca203f09fe69ae,train
329471118.jpg,1,CBSD,90c946bc45d87737,train
3294864038.jpg,4,healthy,85d66e13a1015ebf,validation
3295243647.jpg,0,CBB,9e946c621a4d6db3,train
3295247232.jpg,3,CMD,b4e375b0571225e5,train
329537170.jpg,3,CMD,d451ccb3c639c837,train
3295550498.jpg,1,CBSD,dba43db2839849cd,train
3295623672.jpg,3,CMD,e49a495c5b497297,train
3296169925.jpg,3,CMD,d0a4606af2557e3b,train
3296239193.jpg,2,CGM,d7e41dc86f536032,train
3296434764.jpg,3,CMD,c48b773c1b6eac48,train
3296532916.jpg,4,healthy,e0836eec09fc1b0f,train
3296590724.jpg,3,CMD,85c56e46f6ac1d38,validation
3296986189.jpg,3,CMD,f6616c8fc3163472,test
3297009135.jpg,3,CMD,80f86ce7a124f799,train
3297278191.jpg,4,healthy,c99333b67af27003,train
3297922486.jpg,3,CMD,c4d94ee636c81b3c,validation
3297949635.jpg,3,CMD,afd87003cf752c19,train
3298030379.jpg,3,CMD,c1f92c4b70c47bc6,train
3298093070.jpg,3,CMD,9dd96856d3a1b0c9,test
3298309036.jpg,3,CMD,8ae61bd5741c3e16,train
3298543306.jpg,3,CMD,d2c06a8a27eb58bb,train
3298994120.jpg,0,CBB,87736fa6f09e1904,test
3299026258.jpg,3,CMD,aab3ce0fb007da07,train
3299267468.jpg,3,CMD,95f5051c2a667657,train
3299285879.jpg,3,CMD,d0dd6e2412f32c2f,test
3299388322.jpg,2,CGM,c1bb640f1aa2af78,train
3299467445.jpg,1,CBSD,829460df7b8f1517,validation
3299560037.jpg,3,CMD,d2db776a505f80c4,train
3299747121.jpg,3,CMD,8c943a53733be9a8,train
329996274.jpg,4,healthy,90a79cb1e7c2c69c,test
3299964343.jpg,3,CMD,bca724ed56e85258,train
3300292911.jpg,3,CMD,92387daeab9d2452,validation
3300470808.jpg,4,healthy,e5093d633ec286e5,train
3300523135.jpg,3,CMD,d4f91d6cea0b6612,validation
3300885184.jpg,3,CMD,c9857fc060ffd08a,train
3300973155.jpg,3,CMD,d49965b10db37c2a,train
330151252.jpg,3,CMD,d0537a6bc78d5039,train
3301514895.jpg,3,CMD,d68d3c6a69708e33,test
3301703643.jpg,3,CMD,c11a5abc4fc64e95,test
3301808128.jpg,3,CMD,c3b421993c5b4b76,train
3301885243.jpg,3,CMD,94a37de02bb432cb,train
3302033830.jpg,3,CMD,95cf751a2a1d52d1,train
3302044032.jpg,0,CBB,8da0697b833dfc14,train
3302061437.jpg,3,CMD,98ea594336f4c2ad,train
3302742656.jpg,3,CMD,c5f826ab695c6e50,train
3302767613.jpg,3,CMD,d0e1636169f172e6,train
3302901627.jpg,3,CMD,81dc60e266fd770c,train
3303047563.jpg,3,CMD,d48d6ac31c07ffc0,train
3303116849.jpg,1,CBSD,80b93ffb29ca24b8,train
3303141240.jpg,3,CMD,8bb5700e2d4ff131,train
3303165486.jpg,3,CMD,d4f4b47871910d9e,train
3303186178.jpg,3,CMD,f6a6e0e4a84c4d5d,train
3303422256.jpg,3,CMD,c5ba2f64367e422a,train
3303464216.jpg,3,CMD,8c73359cd2cb186e,validation
3303586699.jpg,1,CBSD,89be36d1cfcc8262,train
3303794877.jpg,1,CBSD,9de229bf8285f898,test
3303796327.jpg,3,CMD,9bb42d9e932b243c,train
3303866506.jpg,1,CBSD,fd4403a904f65aeb,train
3304054356.jpg,3,CMD,8e91547bb2d92157,train
3304481536.jpg,3,CMD,c9393b776d84d448,train
3304581364.jpg,3,CMD,d0b13b5e9345c68b,test
330459705.jpg,2,CGM,ab8115ad4add087f,train
3304610004.jpg,3,CMD,f50f717b4cc10c0f,train
3304643014.jpg,3,CMD,f0483f3b24cd5c47,train
3304963858.jpg,2,CGM,db8619ca2e293d8b,train
3305068232.jpg,3,CMD,a7fc8307f819089f,train
3305232077.jpg,1,CBSD,968c6978262b1f6e,train
3305328622.jpg,2,CGM,d4967e9ab5940e68,test
3305364109.jpg,2,CGM,d2c0976fb394e08d,train
3305375245.jpg,2,CGM,e4c052dd2b08d7b7,validation
3305821160.jpg,4,healthy,dcd6621cb62e998c,test
3305945509.jpg,1,CBSD,cde5427a32a789c9,validation
3306053383.jpg,3,CMD,c19d2e621de77d80,train
3306255309.jpg,0,CBB,cdeb7884c837898e,train
3306940309.jpg,3,CMD,9cbc121a5cd57669,train
3307087307.jpg,3,CMD,d1673c8364f31cb4,train
3307190669.jpg,3,CMD,8691bdeaa5a58783,test
3307346645.jpg,1,CBSD,88d56a8a67fe7282,train
3307432740.jpg,0,CBB,8d563625d469aa3d,train
3307925077.jpg,3,CMD,d2d282f2e2d1c7e2,train
3307939113.jpg,2,CGM,c4bb14b7702c9b1d,train
3308167803.jpg,4,healthy,9a6c3ade0ac66d23,train
3308221091.jpg,3,CMD,e5b160bc834939cf,test
3308245641.jpg,3,CMD,94cd7e463b589683,train
3308263183.jpg,3,CMD,9dca0a75458dcdb1,train
3308311414.jpg,3,CMD,e1b30e83748f689e,train
3308322126.jpg,3,CMD,d9a81fe2e3177812,train
3308361838.jpg,4,healthy,c0d766927abf0368,train
3308428199.jpg,2,CGM,c7722463e39d4e89,train
3308641241.jpg,3,CMD,c8b578c137ad4716,test
3308855031.jpg,3,CMD,92896736c1eb3939,train
3308950118.jpg,1,CBSD,dce930ca0fb110fb,train
3309005078.jpg,1,CBSD,fe06fe2100f00efe,validation
3309053365.jpg,3,CMD,ced057ea308f8ba4,train
3309247762.jpg,3,CMD,915b7b65767050f0,train
3309321224.jpg,2,CGM,87e3283a1810f7df,validation
3309495553.jpg,3,CMD,8cd36403ad65f19e,train
3309760178.jpg,1,CBSD,8ef5067c006f733c,test
3310109012.jpg,1,CBSD,991d6164daa626f6,train
331060034.jpg,3,CMD,8c6b3c2b586f2b34,validation
3310982329.jpg,4,healthy,93cf72c153705953,test
3311389928.jpg,2,CGM,87cb5ab627265c31,validation
3311545583.jpg,3,CMD,acf336e44c4a358d,train
3311561810.jpg,3,CMD,dd4129e5562cda96,validation
3311927682.jpg,4,healthy,d4cc5e0d6e2b25a5,train
3312082353.jpg,3,CMD,9528657e5ba31572,validation
3312341608.jpg,3,CMD,9f5800ba33d0f9cb,train
3312370190.jpg,3,CMD,96f30d042fe23acd,train
3312423009.jpg,3,CMD,8cc76ae8741e6963,validation
3312515424.jpg,2,CGM,a9d4296b3e288bae,test
3312551187.jpg,1,CBSD,d1c939b13eb8710e,validation
3312736716.jpg,1,CBSD,d8c9044b27eb87ae,train
3312765725.jpg,3,CMD,ac97605669af5a52,train
3313004189.jpg,3,CMD,87f2208c7d7e1aca,test
3313281323.jpg,3,CMD,91d99dd0f817b24a,validation
3313590869.jpg,3,CMD,c8ce56a3d466cb46,test
3313790300.jpg,3,CMD,d116386e7b0796e1,test
3313811273.jpg,2,CGM,879f41111b872fd9,train
33138536.jpg,0,CBB,824d5c90a9d7e93b,train
3314217997.jpg,3,CMD,9c995a245d6a79c5,train
3314463308.jpg,3,CMD,d16c7fb30765028e,train
3314830802.jpg,3,CMD,d4501dbc35057f2d,train
3315008356.jpg,3,CMD,c0983773acd9178e,test
3315174323.jpg,1,CBSD,f4f4549496878753,train
3315347026.jpg,3,CMD,91ca7e1a3da71649,train
3315504598.jpg,2,CGM,c9c1c5878bafa3a4,validation
3315826749.jpg,0,CBB,d1462cb1760d39f6,train
3315868108.jpg,2,CGM,cdb1051fed601acb,train
3315979770.jpg,3,CMD,9393f7b412d6d049,test
3316115656.jpg,3,CMD,87d571b651e046cb,train
33163324.jpg,2,CGM,92e0c0fb487af32b,train
3316569726.jpg,2,CGM,d0f946b4f0e4361d,train
3316783738.jpg,3,CMD,f0e74a1bd9134ce2,train
3316789883.jpg,3,CMD,b58a60d69b97283e,test
3316874782.jpg,4,healthy,c3bfa0bfb12c2924,train
3316969906.jpg,3,CMD,fad0861f67e63070,train
3317135400.jpg,3,CMD,d6f80d9818b4d07f,validation
3317252237.jpg,3,CMD,c59a06a617b152ef,train
3317706044.jpg,1,CBSD,93876f8c84131eed,train
3317926809.jpg,2,CGM,e9f0e8f4f7860603,train
3318106936.jpg,3,CMD,82d37995686d692b,train
3318136026.jpg,3,CMD,95d6741639bd9161,train
3318141754.jpg,3,CMD,97cc6933c8dcb183,train
3318282640.jpg,3,CMD,c29530d2d1bbf1e1,test
3318291016.jpg,3,CMD,89d3e3a6690aef09,train
3318576508.jpg,3,CMD,92307dead847e487,train
3318782289.jpg,3,CMD,8bfd0b5160f6ab05,train
3318816619.jpg,4,healthy,94bb2b1f1cd3490e,train
3318985729.jpg,2,CGM,fa39386293f21ce1,train
3319077836.jpg,1,CBSD,80cb3ba56da4734b,validation
3319344936.jpg,3,CMD,d40a636822fcde3b,train
3319672374.jpg,3,CMD,aa070f1cc8c43f3f,test
3319706331.jpg,3,CMD,8df05135d1f2a5f0,train
3320071514.jpg,2,CGM,918d7c0c4f58c1fd,validation
3320078483.jpg,1,CBSD,809a6ebaa2ec33cb,test
3320878508.jpg,3,CMD,9ee5528421bbb566,train
3321193739.jpg,4,healthy,bf25158e4ac6c674,test
3321211825.jpg,3,CMD,8db61e39c23ecc4c,validation
3321411338.jpg,3,CMD,cdb973371024eb91,train
3322439675.jpg,3,CMD,d7d7919131b784c4,train
3322556830.jpg,3,CMD,87b027dc03f37253,validation
3322844251.jpg,3,CMD,9b5737c9a49803ba,train
3323135755.jpg,2,CGM,dd953bb1d5982891,train
3323187538.jpg,2,CGM,c5d12a38713b2677,test
3323262594.jpg,3,CMD,8d7a78565fc40327,train
3323406159.jpg,3,CMD,917d6c1f6ea96860,train
3323944074.jpg,3,CMD,c5cee8f48a3325b8,train
3323965689.jpg,2,CGM,98933df401407def,train
3324270352.jpg,3,CMD,89cc13e267876e99,test
3324645534.jpg,4,healthy,8dae263233959ecc,train
3324814841.jpg,3,CMD,fbc6f8e09f660106,test
3324852988.jpg,3,CMD,a07f07fd1a860b3c,validation
3324881806.jpg,2,CGM,86c4703e74b713ec,train
3324977995.jpg,4,healthy,d48777e923d51415,train
3325565280.jpg,3,CMD,99d663b5d4fc6102,train
3325640914.jpg,2,CGM,8e344291e1e0ff9e,test
332565654.jpg,3,CMD,c4a9b0f84f6d1d70,train
3325973632.jpg,4,healthy,d8b0418f7c7167d1,train
3326029378.jpg,3,CMD,924a299397b3e695,train
332612328.jpg,3,CMD,97c37f527e299810,train
332662053.jpg,4,healthy,ebe500fe409f3ce0,test
332671800.jpg,3,CMD,d08a251d4ed3bbd8,validation
3327243247.jpg,3,CMD,c19e72d684d8e6d8,train
3327250048.jpg,0,CBB,99f8aaa96b484d59,validation
3327540813.jpg,3,CMD,c69d1ecf36e188a2,train
3327914155.jpg,3,CMD,9cc452e6993da87c,train
3328116890.jpg,3,CMD,c3bc26c41b4c732f,train
3328646358.jpg,3,CMD,fc8f57edb5025084,train
3328736018.jpg,1,CBSD,8e33668bcc871b9c,train
3329131799.jpg,4,healthy,c0f870810faeea7b,validation
3329397596.jpg,3,CMD,8ae41ff22b4f7902,train
3329640569.jpg,4,healthy,e5e76bf480126a3c,train
3329805464.jpg,3,CMD,c4a2739e6c673d18,train
3330242957.jpg,3,CMD,87d347f816a6a496,train
33304341.jpg,1,CBSD,95d36e6869c5c08f,train
3330447837.jpg,3,CMD,d0eb727315932527,test
3330498442.jpg,2,CGM,f39f84e63093b981,train
3330912544.jpg,3,CMD,829b6a267d959d0b,train
3330924681.jpg,2,CGM,d1c1e0631e0f67b5,train
3330987820.jpg,3,CMD,c7b97cc6938d8c12,train
3331063078.jpg,3,CMD,c8a1f1cb2733a497,train
3331347285.jpg,2,CGM,9609377b0442ebfc,train
3331601570.jpg,0,CBB,86c738e3e3e6c0d8,train
3331923226.jpg,4,healthy,9993f5d115fa2a28,train
3332120006.jpg,3,CMD,f7f92556a0625227,train
3332273342.jpg,3,CMD,92c7c7f37186710a,validation
3332452096.jpg,3,CMD,95fc2b13b8cc3619,train
3332684410.jpg,3,CMD,80f92e991edc09f5,train
3332777100.jpg,3,CMD,d7ed23775110161d,train
3332850647.jpg,3,CMD,d5ae72e106006dfe,train
3332882233.jpg,3,CMD,995474ef720994d9,train
3332998611.jpg,2,CGM,95620dfacd947ab0,test
3333099414.jpg,3,CMD,83f97e0d0de88ae8,train
3333295936.jpg,3,CMD,94b31b69646c4abb,train
3333666077.jpg,3,CMD,d1c3663d463afd01,validation
3334315579.jpg,3,CMD,cba55490357be08f,validation
3334543433.jpg,0,CBB,d5f16617e9f8b002,train
3335092693.jpg,3,CMD,8fa454f5355ce3a0,train
3335121390.jpg,0,CBB,c51e78653dd30ec8,train
3335254269.jpg,3,CMD,94e5ebc6122c7d38,validation
33354579.jpg,1,CBSD,c4d866026df309fb,train
3335580523.jpg,3,CMD,fdd2606ddc61da80,train
3336095258.jpg,4,healthy,ff0472b706d36832,test
3336158925.jpg,3,CMD,c0a73ac3eb4437d8,test
3336393454.jpg,3,CMD,d817689f12c4f6f0,test
3336631270.jpg,3,CMD,91fd401aaf40f51f,train
333668754.jpg,3,CMD,99e80c1e678e85d7,train
3336885904.jpg,3,CMD,c2f877c428b32ed4,train
3337091008.jpg,1,CBSD,989b632f0f9c10f3,train
3337181304.jpg,1,CBSD,c44327ea9bc6ec31,test
3337505387.jpg,3,CMD,8fad7b32593640a3,train
3337726252.jpg,1,CBSD,d8ce199c40d3d9ec,train
3337773185.jpg,3,CMD,cde70a45b3178c72,test
3337851974.jpg,1,CBSD,d395628e3fe06568,train
3337893773.jpg,3,CMD,f4193986cdf43662,train
3337923677.jpg,3,CMD,80c576f9fa1d7809,train
3338027863.jpg,2,CGM,daae59a69bac0163,train
3338093655.jpg,3,CMD,9e4f6139f258171c,train
3338201201.jpg,3,CMD,cdc9241f35e403f5,test
3338457815.jpg,3,CMD,8da37e1c329872da,test
3338521890.jpg,2,CGM,d781270c39573e27,train
3338567894.jpg,3,CMD,d9847eba0cdac117,train
3338591847.jpg,3,CMD,d5c22f84343e3b95,train
3338988321.jpg,1,CBSD,84f22f97247cac93,validation
3339139247.jpg,2,CGM,c1c667731f83235c,train
3339442833.jpg,4,healthy,d8a566a8a6d93467,train
33394773.jpg,3,CMD,81df18d3645c7cd2,train
3339501644.jpg,2,CGM,d07f2ae86f99430a,train
333968590.jpg,2,CGM,c7d038e6d517322e,validation
3339804809.jpg,3,CMD,95f04dbac58497d8,train
3339923406.jpg,4,healthy,b4b50b6df4b44a4a,train
3339979490.jpg,3,CMD,d3984c0e4ad374ed,train
3340093291.jpg,3,CMD,d5da69e1e2e13232,train
3340101218.jpg,0,CBB,eabdf0bef4808498,test
3340196015.jpg,3,CMD,9affb6d3ea802488,train
3340211522.jpg,0,CBB,aa9271d64e23696d,train
3340494007.jpg,0,CBB,98cf430a2536f7b8,test
3340835800.jpg,4,healthy,bd83fca4c1053f61,test
3341009374.jpg,3,CMD,d7d431fcb56c0ca0,train
3341146922.jpg,3,CMD,da84e1e72ff0e105,train
3341233301.jpg,3,CMD,d8e370d27adc4638,train
3341399978.jpg,3,CMD,83c427da3bec4867,test
3341646206.jpg,3,CMD,c49d0bac2f4b307d,train
3341661960.jpg,1,CBSD,f586c94d915f780a,validation
3341672080.jpg,1,CBSD,8cce269469b98cf6,train
3341706471.jpg,2,CGM,d2cc0da60e8f38fa,train
3341713020.jpg,2,CGM,d1aa34d64c975e49,train
3342133064.jpg,3,CMD,cab107a88e4a6df6,train
3342257718.jpg,4,healthy,d9f63f830c4254cb,train
3342275506.jpg,3,CMD,d8e02229f4d38fb5,train
3342658520.jpg,2,CGM,85fb718978b60333,train
3342824780.jpg,3,CMD,d45457b27b78406d,test
334288239.jpg,1,CBSD,ddab98ccb72b801a,train
3342918940.jpg,3,CMD,c5be336027382bd6,train
334306326.jpg,3,CMD,c0ad6cf4018c6def,validation
3343110057.jpg,1,CBSD,8acc257a356d55b4,train
3343661138.jpg,2,CGM,87c24c59f3e3c594,train
3343671398.jpg,4,healthy,848370f4fcac33e9,train
3343675403.jpg,3,CMD,97ca6cc651d73131,train
3343910675.jpg,4,healthy,c0d578b434cb4ecb,train
3343975940.jpg,0,CBB,87a76e3a58706aaa,train
3344007463.jpg,1,CBSD,929c7cb91f16a31a,train
3344155406.jpg,3,CMD,d195b7ab2a2a23e2,test
3344181813.jpg,3,CMD,84fbcbd04d9b3486,train
3344412896.jpg,4,healthy,ffc7002b3d58823d,test
3345130558.jpg,3,CMD,e0d2381d0ae7cdd6,train
3345225500.jpg,3,CMD,85337aec912e33c6,validation
3345325515.jpg,3,CMD,90abe0b58f721ee1,train
3345354138.jpg,3,CMD,91d22d3142d5f1eb,train
3345407491.jpg,3,CMD,d58660edb88f0af2,train
3345498406.jpg,3,CMD,8c3d26ced0c27e35,train
3345535790.jpg,3,CMD,d4c36b343b8d1d2c,validation
3345615928.jpg,4,healthy,c1077a7f1e941b92,train
3345887379.jpg,4,healthy,c4db685f718eb00d,train
3346048761.jpg,2,CGM,80e436ad77494fb2,train
3346469766.jpg,0,CBB,f18638c668d73c63,train
3346966351.jpg,1,CBSD,d5dc58e9b5a5600b,train
3347247220.jpg,2,CGM,d22a3e9d8237c327,train
334728567.jpg,3,CMD,81be3fd06a1ff041,train
3347371792.jpg,3,CMD,d9b02f4863d69173,train
334748709.jpg,3,CMD,c5f643d17906f20d,train
3347545196.jpg,1,CBSD,839e552f5cf90869,train
3347580987.jpg,3,CMD,d1dc23db186fcc06,train
3347678996.jpg,3,CMD,c5e9054e169e69cb,train
3347996516.jpg,1,CBSD,8ad2a58b56a16e3b,train
3348372516.jpg,3,CMD,d8b9214c2ababcf4,train
3349101171.jpg,3,CMD,8ed62934f2992cbc,test
3349107107.jpg,3,CMD,929d61a39dc26c6b,train
3349377732.jpg,3,CMD,9864667b633465dc,test
3349471928.jpg,3,CMD,85aef95255b4a44e,validation
3349562972.jpg,3,CMD,e09e49873e495d56,train
3349715326.jpg,3,CMD,c0b1389b2efa9c9c,validation
3349716864.jpg,2,CGM,87e6109b6594ca3f,test
334971941.jpg,3,CMD,ea1f5bc94a849176,train
3350054434.jpg,0,CBB,d29ab4b7e7d00750,train
3350363363.jpg,4,healthy,a6ac2cca5a5e46d3,validation
3350458674.jpg,3,CMD,c6be33d93422465b,train
3350526163.jpg,3,CMD,d21758377884bccb,validation
3350533771.jpg,4,healthy,e10b0f9614e773b4,train
3350687852.jpg,3,CMD,8a562bb1a5b4e2ea,train
3351011429.jpg,3,CMD,c0e74ad8633df02d,train
3351292220.jpg,3,CMD,d3643883bc982ef5,validation
3351580101.jpg,3,CMD,bc2510b3639e1f71,validation
3351638946.jpg,3,CMD,959772644d4ad8f8,train
3351784812.jpg,4,healthy,d8f665719e8e2903,test
3351939654.jpg,3,CMD,84fe63b533e27007,validation
3351977110.jpg,1,CBSD,d6296e288d9a99d3,train
335204978.jpg,4,healthy,c4da6cb9b3c518a6,validation
3352750997.jpg,3,CMD,d7d6230c438ba177,train
3353595234.jpg,2,CGM,99d87a233e1eaca4,test
335373931.jpg,3,CMD,d7b948c16e9b62e0,train
335378674.jpg,0,CBB,c17e2fa087c263b9,validation
3353855259.jpg,3,CMD,c9d99d9313b43552,train
3354273498.jpg,3,CMD,96f9633ee1960954,train
3354494955.jpg,3,CMD,85a5649dc37a60de,train
3354624529.jpg,3,CMD,d2c930decd961a63,train
3354660448.jpg,2,CGM,90ab63d7d41991bc,train
3354881630.jpg,1,CBSD,e1c30f7e8dc8293c,train
335513070.jpg,4,healthy,c0133e6b6c10fa7b,train
3355673967.jpg,3,CMD,918f2eec0d4d49e6,train
3355854804.jpg,3,CMD,e813856c9f41dba6,validation
3355858515.jpg,3,CMD,94882ab97dce6ab8,validation
3356154075.jpg,4,healthy,9b904ec7443f1f34,train
3356448488.jpg,3,CMD,8cfc47f654e246c8,train
3356619304.jpg,3,CMD,aa4b404e1e7239fe,test
3356668206.jpg,2,CGM,ca9995c22a2b6cf9,validation
3356800378.jpg,3,CMD,c8ec7e0884b5778e,train
3356818703.jpg,4,healthy,d4ba3bd370b0144f,train
3357188995.jpg,2,CGM,d3e03337ba4a44ad,test
3357707292.jpg,4,healthy,98f17af0c09cc7ac,train
335771441.jpg,3,CMD,c7d660e457332d0e,train
335787453.jpg,0,CBB,f8f24ee1f1c616c0,validation
3357913578.jpg,3,CMD,cca22d89562d29ef,test
335796643.jpg,1,CBSD,8ae1709a63da6177,test
3357990838.jpg,3,CMD,cc017189f2b776a5,train
3358035906.jpg,3,CMD,8a2c68d1c4ad6bed,train
3358566810.jpg,1,CBSD,95ca7dae315222b9,train
3358660933.jpg,3,CMD,9ec1d23968293b2f,train
3358836074.jpg,3,CMD,c7ca3aa0039933ef,validation
335890028.jpg,3,CMD,c8976c621ccd17d5,train
3359054336.jpg,3,CMD,81fa28b25f792ce1,test
3359054351.jpg,1,CBSD,a4861349f9baecb8,train
3359731885.jpg,3,CMD,c6e4430b3eb370f1,test
3360020335.jpg,3,CMD,d5843f876094a8fd,train
336032005.jpg,3,CMD,cee71088536c36eb,train
336066168.jpg,3,CMD,d9782a1625f5eb0c,train
3360732633.jpg,3,CMD,db81736760071f8e,train
3360808507.jpg,3,CMD,d4f668996a218f1b,validation
336083586.jpg,1,CBSD,e9fe7e4c054616a8,train
3361062779.jpg,3,CMD,952d42d27f797888,train
3361179403.jpg,3,CMD,d2c132ff4d61c52c,train
3361317754.jpg,0,CBB,d3df6a62652eb021,train
3361498980.jpg,1,CBSD,9aa1fe833c1b0d9a,test
3361673129.jpg,1,CBSD,80eb7ca13ee233e2,validation
3361738601.jpg,4,healthy,ff804ab7f003fe08,test
3361965890.jpg,4,healthy,d4b67b189496d24b,train
3362401438.jpg,3,CMD,c4ffa1b459496aa8,train
3362446113.jpg,3,CMD,d3821ecbf8b427a4,validation
3362457506.jpg,3,CMD,bcba7978514103f6,train
3362714719.jpg,2,CGM,c19f2535333539e1,test
3362743829.jpg,4,healthy,91cdbeb195b08175,train
3362755131.jpg,3,CMD,9fe81fc7023172e1,train
3362918699.jpg,3,CMD,99877cb24ff0904d,train
336299725.jpg,2,CGM,c9333a3a550abdf0,train
336319648.jpg,2,CGM,9fc64178698687d5,train
3363322638.jpg,3,CMD,d47366912f8b21ad,train
3363323405.jpg,3,CMD,83fc02ff01aee329,train
3363529103.jpg,3,CMD,f890326dec8dc59c,train
3363710081.jpg,4,healthy,caee71c7ce8b0a82,validation
3363949719.jpg,2,CGM,8c923a7bdca55a61,validation
336414125.jpg,3,CMD,d8e9377ac561ba04,validation
3364167135.jpg,2,CGM,c7df2210384ddf86,train
3364571008.jpg,3,CMD,9c9267742b59da92,train
3364800512.jpg,3,CMD,cf86627c49603acf,train
3365043679.jpg,3,CMD,ca45300e5e17f5da,test
3365094524.jpg,3,CMD,c4de78f28ce54b28,train
3365264596.jpg,4,healthy,c19dc4b97ee21e06,validation
3365267863.jpg,1,CBSD,8cb63bc32d209adb,train
336544470.jpg,3,CMD,8ec21ece46ceda94,train
336550.jpg,3,CMD,d14d2d1c73c91774,train
3365524748.jpg,3,CMD,92ac62e3f83b1ed0,train
3365603380.jpg,3,CMD,d8e74cd8a51e7823,train
3365979055.jpg,3,CMD,c19f5b6432f93930,train
3366388775.jpg,3,CMD,d1f26cd8b64d6885,train
3366502239.jpg,3,CMD,87d86e82cd7e9b01,validation
3366534207.jpg,3,CMD,93bd71170a9d3199,test
3366887504.jpg,3,CMD,d7095ed23da53912,train
3366933888.jpg,3,CMD,d3917cab2d463d05,train
3367003264.jpg,3,CMD,8d934acd36561567,validation
3367580056.jpg,3,CMD,c58a6dd64b615279,train
3367950793.jpg,1,CBSD,ebe969e91ea8281a,validation
336804409.jpg,3,CMD,c63b78c733e04b58,train
3368063139.jpg,3,CMD,d1a5079a487336de,test
3368271822.jpg,0,CBB,d4fa65947a4d0e32,train
3368294276.jpg,3,CMD,d78a7af1951a94e0,train
3368374284.jpg,0,CBB,bafa3f5302034bc3,test
3368457880.jpg,2,CGM,c5a00fbd0cbff540,test
3368505651.jpg,0,CBB,d490417693a93d7e,validation
3368561907.jpg,0,CBB,c9aa33431a6466fd,train
3368595399.jpg,0,CBB,859e047734f0cecb,test
3368623570.jpg,3,CMD,8528323567b726f6,train
3368939733.jpg,3,CMD,c1fc2b14ca781f27,train
3368974436.jpg,3,CMD,cd5d11a569033dab,test
3369053476.jpg,3,CMD,99c53916edad0716,train
3369073457.jpg,3,CMD,ed167d826d6205b9,test
3369127189.jpg,4,healthy,d88977e96e0d7640,validation
3369161144.jpg,3,CMD,903c4ecc6db0d69d,train
3369247230.jpg,3,CMD,c4ff12725e152b1a,train
3369247693.jpg,4,healthy,956b365c9a18d31d,train
336962626.jpg,4,healthy,b04d712acf97e0c6,train
3369678617.jpg,3,CMD,d2a66a69ab29695a,train
3369957757.jpg,3,CMD,d1776ee19c202f64,train
3370131164.jpg,3,CMD,c7a23bc2425ba69d,train
3370367169.jpg,2,CGM,d12b4d19d2e86cf2,train
3370446446.jpg,1,CBSD,c0a52eda7b92913d,train
3370458852.jpg,0,CBB,c37864217c96fdd0,train
3370552221.jpg,3,CMD,84d737c9698478b3,train
3370579462.jpg,2,CGM,dc6372703e590d78,validation
3370597486.jpg,4,healthy,85f427179f533318,train
3370670803.jpg,3,CMD,9ce866fd70832636,test
3370734006.jpg,3,CMD,c3bc1653e2a75d05,train
337105713.jpg,1,CBSD,9d83c965643c0e3f,train
3371308764.jpg,3,CMD,94b44f7a2be34c8c,train
3371574415.jpg,3,CMD,dc92377ed104a58d,train
3371705834.jpg,3,CMD,bcca2a995d1dc83c,train
3371718731.jpg,1,CBSD,84a43bf6c4b7f805,train
337193250.jpg,0,CBB,b827852f84b75e98,train
3371952476.jpg,3,CMD,910e69881ebf58e7,validation
337218970.jpg,0,CBB,cc2166fc99237678,test
3372358709.jpg,0,CBB,c3ad2ef263494335,train
3373304739.jpg,3,CMD,8d6314d20fd9e31d,validation
3373453090.jpg,3,CMD,87b17143a1e4cf36,train
3373536107.jpg,3,CMD,e8964e7f18ce384c,train
3373631271.jpg,4,healthy,92c93633649efb81,train
3373743927.jpg,3,CMD,9750dd518b38293f,train
3374362215.jpg,1,CBSD,85c12f1d343f9327,train
3374850417.jpg,3,CMD,9a63162671d859af,train
3375224217.jpg,3,CMD,95bb25c627b60e49,train
3375409497.jpg,3,CMD,914e6a351e39e729,train
3376184680.jpg,3,CMD,9366190f9a53b1cd,train
3376245698.jpg,3,CMD,8896ac93aba1e36b,train
3376270553.jpg,3,CMD,89b27b79345b0f05,test
3376371946.jpg,3,CMD,c92435d361e1f25b,train
3376406341.jpg,3,CMD,add2451b296965b3,train
3376559838.jpg,2,CGM,a5afe2501aa22b5f,test
3376635954.jpg,3,CMD,dcc62fd8c1c26339,validation
3376788870.jpg,3,CMD,867c21e6617b66cc,train
3376893895.jpg,3,CMD,e79011f942f64dcc,train
3376905285.jpg,3,CMD,d08b26b70f033b7a,train
3376933694.jpg,3,CMD,c586205dd70dd93e,test
3377004222.jpg,1,CBSD,91e4f56c62998a97,train
3377176469.jpg,3,CMD,cede1e7172b00467,validation
3377436038.jpg,3,CMD,8ccc1a871d7775c1,train
3377483023.jpg,3,CMD,c3c96e3c1326487f,test
3377803887.jpg,3,CMD,8080d0dff771a95d,validation
3377838107.jpg,2,CGM,dcf466d638b248e2,validation
3377872611.jpg,4,healthy,dbd8341e42c7354e,train
3378106142.jpg,4,healthy,89c41f0739876df2,train
3378163527.jpg,3,CMD,976966c1190ad5be,train
337824398.jpg,3,CMD,86df7aa43bec2144,train
3378264998.jpg,3,CMD,b2f3f4cccd080bac,train
3378344380.jpg,3,CMD,c19a318f3f797481,train
3378843879.jpg,0,CBB,c1c87e992837f534,train
3378948686.jpg,2,CGM,e293c4803d5c3bdb,train
3378967649.jpg,4,healthy,c6da6e84202ef772,validation
3379081921.jpg,3,CMD,94d32837ac91d6ad,validation
3379826408.jpg,1,CBSD,afc43e5cb858b458,train
3380501855.jpg,4,healthy,8fa938c3d6692e45,train
3380508499.jpg,3,CMD,c1446a682d1fd37b,train
338055646.jpg,3,CMD,96befee662a0b090,train
3380920477.jpg,3,CMD,86e05c9e976549e3,train
3380981345.jpg,3,CMD,9f897a84c087e99b,train
3381014274.jpg,3,CMD,90c82e7fd2c0c7dc,train
3381060071.jpg,1,CBSD,c5c853d65e2b0cd9,train
3381235013.jpg,3,CMD,c4ab2b8d6a2dc1ce,validation
3381316827.jpg,3,CMD,869b366d11262dbe,train
3381529133.jpg,3,CMD,8ad43a39a5d7c16a,train
3381835844.jpg,3,CMD,e38c186565bc4c7d,validation
3381887181.jpg,4,healthy,98c57b1eec298f60,test
3382206175.jpg,3,CMD,96d4532846bf343b,train
3382391338.jpg,3,CMD,dca637d2a0bd1c1a,train
3382468735.jpg,3,CMD,96e11cebb91e2b28,train
338249302.jpg,2,CGM,91997943e2cc6c6d,train
3382566517.jpg,4,healthy,8bf67872c0e0cef0,train
3382648793.jpg,3,CMD,d2f21be96d1d300e,train
3382800297.jpg,3,CMD,d0636a3f49d090df,train
3382927919.jpg,3,CMD,c1fc169a97c03d96,train
3383147575.jpg,4,healthy,d2edecb1570a0d94,train
3383255347.jpg,4,healthy,dbba0c0370ff0738,train
3383325389.jpg,3,CMD,8aa4749b5bb2e15c,train
3383385001.jpg,1,CBSD,dc9f226524a893b7,validation
3383545626.jpg,1,CBSD,c9823b9a66729be1,train
3384036560.jpg,3,CMD,9a663cb516c26d71,train
3384095978.jpg,0,CBB,c4ec1ba53a4a659b,validation
3384250377.jpg,3,CMD,94925dc22f7b2e58,train
3384300864.jpg,3,CMD,d8370f27b3c308e5,validation
3384415464.jpg,2,CGM,a0c0551f8de5553f,train
3384483790.jpg,0,CBB,cccc73f1f2862893,train
3384499774.jpg,4,healthy,89e28e6b443fd433,train
3384690676.jpg,1,CBSD,91a90e6f654917da,test
3384693576.jpg,3,CMD,dea4191633649d37,test
3384875851.jpg,3,CMD,848c9cdfdbc34361,train
3384944329.jpg,0,CBB,91eee41a2e8c9eca,test
3385144102.jpg,3,CMD,d0627af91b593aa4,test
3385271207.jpg,0,CBB,948163073f7df0c3,train
3385309388.jpg,0,CBB,d0bf6cc4b29942ea,train
3385789384.jpg,3,CMD,929d55e035ac15ee,train
3385811418.jpg,4,healthy,c3e8f2de60cb8e30,train
3386180554.jpg,2,CGM,959a3eac02a565ee,validation
3386258598.jpg,3,CMD,cff2614d78126da2,train
3386572570.jpg,4,healthy,82edaab578664d4c,train
3386628365.jpg,3,CMD,99e53c36648332b7,train
3386706185.jpg,3,CMD,99c67bf5409b34c2,validation
3386959846.jpg,3,CMD,95a153b4b4cd265b,train
338729354.jpg,4,healthy,d9d3078f4da28d46,test
3387497035.jpg,3,CMD,d3c82eb19c78e2c6,train
3387521198.jpg,1,CBSD,c43e6f643294951f,train
3388143466.jpg,2,CGM,c02b6696dbd336a8,train
3388224314.jpg,3,CMD,cd423e72b525d11b,validation
3388237026.jpg,3,CMD,d0fd2aef79291128,test
338838513.jpg,3,CMD,d58f75cb1862b8c8,train
3388412714.jpg,3,CMD,84d37bd06fe45c48,train
3388533190.jpg,3,CMD,b9d87dac4a2a9658,test
3388540769.jpg,1,CBSD,d2da295f3e214e64,train
3389284339.jpg,2,CGM,978f633924ec492d,validation
3389417378.jpg,3,CMD,91e962f2f0ed1b0a,train
3389583925.jpg,3,CMD,c5b697e992a94ac2,train
3389713573.jpg,3,CMD,c4d427d042f38e7d,train
3389764166.jpg,3,CMD,e8b533d42844fe96,train
3390516449.jpg,2,CGM,c14536836f703b4f,train
3390815225.jpg,3,CMD,d2e01acd3e44f89d,train
3391232032.jpg,1,CBSD,88984f21ce573f9c,train
3391462998.jpg,2,CGM,c3ad5a368c4ad4ad,train
3391710930.jpg,3,CMD,d3931efe36116063,validation
3391940260.jpg,2,CGM,83e46952b7add892,train
3391947376.jpg,3,CMD,c9ddcb6216762654,test
3391958379.jpg,1,CBSD,84936b215ebaddc2,test
339203133.jpg,2,CGM,d0cf197a13af88b2,train
3392379896.jpg,3,CMD,9cda35144bd452eb,train
3392605234.jpg,3,CMD,cc9764bb57d09906,validation
339278657.jpg,2,CGM,cb9d34f28c28673c,validation
3392805793.jpg,1,CBSD,90991d9c98dccf66,train
3392953344.jpg,3,CMD,d1af48b13956d38c,validation
3393105874.jpg,3,CMD,a19d44934373cd5e,train
3393471148.jpg,2,CGM,810a9da7b9094bfd,test
3393956189.jpg,4,healthy,de9000a73ddd728e,test
3394364486.jpg,3,CMD,bd2c196d44707ed4,train
3394465312.jpg,3,CMD,943b6410dffc038f,test
3394885984.jpg,1,CBSD,c80876373b9f5ce0,test
3394985928.jpg,3,CMD,c1e3b9a9a8a93aca,validation
3394998114.jpg,3,CMD,c7d224c6d26d4733,train
339511319.jpg,1,CBSD,d2d758c6f196a4a1,train
3395212339.jpg,4,healthy,dbdc7c1cb82309d1,train
3395550776.jpg,2,CGM,d2633c93a4274b9d,train
3395591441.jpg,4,healthy,b6c3e1aba2a547a2,train
3395654717.jpg,3,CMD,93c03d167d586c2f,train
3395726663.jpg,4,healthy,8c3b3c96471669d6,train
3395851593.jpg,2,CGM,cab9649f31a594c6,train
3395914437.jpg,3,CMD,81b2560b3e709fcb,test
339595487.jpg,3,CMD,f19dba12b374a886,train
3396364831.jpg,1,CBSD,fa83959ed8c849c5,validation
3396517826.jpg,2,CGM,9b977c09aae2c274,train
3396595680.jpg,2,CGM,82f92b9a36aa93e4,train
3396657560.jpg,3,CMD,85db6e8eb021d5e1,train
3397166306.jpg,3,CMD,9cc223ddf04313fa,train
3397396466.jpg,4,healthy,c8132458c7c78bf7,train
3397650599.jpg,1,CBSD,d7c3371360f0e165,train
3397768172.jpg,3,CMD,d69f6e4c40a693d2,test
3398011052.jpg,3,CMD,fcc35091527ed664,train
3398058834.jpg,3,CMD,9fc90ecf30867742,train
3398069947.jpg,3,CMD,f38731427b86b48e,train
3398356924.jpg,3,CMD,cbf7534b284662b1,validation
3398785705.jpg,2,CGM,849723b738197979,train
3398807044.jpg,3,CMD,93c61d074c0e3dfa,train
3398825087.jpg,0,CBB,be9111096b7ae2b3,train
3398892397.jpg,3,CMD,cce4373d3c0b2d8a,train
3398915024.jpg,3,CMD,c5aa5f2556ad4aa4,test
3399115002.jpg,3,CMD,cfc7941364ea5994,train
339926479.jpg,3,CMD,9c9b66da249edc14,train
339933006.jpg,1,CBSD,b4c73dc4279922cb,train
3399565382.jpg,2,CGM,929cc563da7e3388,validation
3399701289.jpg,3,CMD,cc846bcb5acb61a5,train
3399816878.jpg,3,CMD,85e66f39da8b8194,train
3400049406.jpg,3,CMD,95a71ad0808fedf4,train
3400088809.jpg,3,CMD,9577ca3e74ca6411,train
3400099278.jpg,3,CMD,d7e85586391726ac,validation
3400218369.jpg,3,CMD,d5f114d20f6121fd,train
3400236325.jpg,3,CMD,8799396453e1a6f1,validation
3400328693.jpg,3,CMD,999f225646ddc6c2,train
3400761486.jpg,3,CMD,83f07a8370db0f74,test
3400845479.jpg,1,CBSD,88c77ca9a7f16c84,train
34008971.jpg,3,CMD,c3533baa62935d49,validation
340110323.jpg,4,healthy,ceea71a572d105ac,train
3401150171.jpg,2,CGM,d4d6d4dc98c5e381,test
3401409874.jpg,2,CGM,d18e2fc4a49b7e11,train
3401755120.jpg,4,healthy,c6d1738d34263bd4,train
3401765971.jpg,4,healthy,fce0316f424707a7,train
3401893530.jpg,1,CBSD,859570c63893def2,train
3401928000.jpg,1,CBSD,81f039c73a98ef2c,validation
3402053246.jpg,2,CGM,96c837e9d4a12756,train
3402201686.jpg,4,healthy,9dba46db454a168d,train
3402340235.jpg,3,CMD,ccd8782566d9e619,train
3402404465.jpg,2,CGM,d4a109c3714f4fdc,validation
3402428593.jpg,3,CMD,d5d01b3ecbe921c1,train
3402470233.jpg,3,CMD,cff56cd209c2e132,train
340248030.jpg,3,CMD,98d536a526c9af46,train
3402601721.jpg,0,CBB,99db5dcd6cc51412,train
340296463.jpg,2,CGM,d8ca146f0d6c93b3,train
3402978861.jpg,3,CMD,eca125f006fd17d2,train
3403529762.jpg,1,CBSD,d09d1f9e0f11744e,train
3403536238.jpg,2,CGM,c7da6224799ea41b,train
3403682785.jpg,4,healthy,f986366d17d02966,test
3403726678.jpg,1,CBSD,b28d62f9e46d1b24,train
3403835665.jpg,4,healthy,86f7fcca2ae2148c,test
3404380134.jpg,3,CMD,8ef1210cb7726bd1,train
3404585769.jpg,3,CMD,d3a279b46a926c8b,train
3404780145.jpg,3,CMD,c0ca6de3c4f7c360,train
3404947416.jpg,3,CMD,dbb01fc70347e0c3,validation
3405050538.jpg,3,CMD,83f07e88a5a73173,test
3405285507.jpg,4,healthy,8ca22b5ad3de11d3,train
3405477653.jpg,3,CMD,888c7e8b4ff87312,validation
3405775835.jpg,3,CMD,84e21a8d497b9c7d,train
3406705095.jpg,3,CMD,c6cb3b4290f8ad9c,train
3406720343.jpg,4,healthy,ec906fb7600f9a70,train
340679528.jpg,2,CGM,848d3c6c4e6e2757,train
3407371843.jpg,3,CMD,c4b936cb2e529ed0,train
3407674645.jpg,4,healthy,cab6a2c3a8e2e5b8,train
3407709856.jpg,3,CMD,826db754e61f0553,train
3407710748.jpg,3,CMD,86c4634f6a0e7c9d,validation
3407890503.jpg,2,CGM,a9892d77dc597540,train
3407973340.jpg,3,CMD,b9d6c7e1045be628,test
3408364070.jpg,3,CMD,c0e2a3962e4ea76d,train
3408460296.jpg,3,CMD,c9db60e01c5d0f97,train
340856242.jpg,3,CMD,c631677a2997d8c1,validation
3408566327.jpg,4,healthy,d469443af19768e5,train
340885349.jpg,3,CMD,c8d249c57f5d6648,test
3408858113.jpg,3,CMD,cc883bf8a516baa5,test
3408901143.jpg,3,CMD,b0ac74bd5ac31bd0,validation
3408953915.jpg,1,CBSD,cfce70313351c9cc,train
3409149175.jpg,3,CMD,86fa79d0c2bc2a2b,train
3409229517.jpg,3,CMD,91b038bcb0b9f8f8,train
3409236010.jpg,3,CMD,a5ae0cd819e77985,train
3409314423.jpg,3,CMD,90c44b2739c375de,test
3409353205.jpg,3,CMD,f098437e44ea95ad,train
3409439748.jpg,3,CMD,91983fe8b705f4c1,train
3409768955.jpg,3,CMD,d5c3493573cc3cc2,validation
3409781631.jpg,3,CMD,b8366897676c07d8,test
3410015128.jpg,1,CBSD,948b1b5647332d7a,train
3410127077.jpg,3,CMD,94e033a743799cd6,train
3410174460.jpg,1,CBSD,c3df63918fd49052,validation
3410422779.jpg,3,CMD,9d98417bcad57a05,validation
3410500965.jpg,2,CGM,91f878652b6670f1,test
3410668826.jpg,4,healthy,c8ae259555964ad7,validation
3411630012.jpg,3,CMD,d0cd6f3b182c94b3,train
3411831481.jpg,3,CMD,8ca3790c17696df4,train
3412091699.jpg,3,CMD,8c673725181cdddc,train
3412184648.jpg,3,CMD,d6a629fb681905ec,validation
3412345556.jpg,3,CMD,d4ab42a64d9227f6,validation
34123892.jpg,3,CMD,93ed7892338b4c71,train
3412389628.jpg,2,CGM,86b101bea383f6f8,train
3412620463.jpg,4,healthy,94c77a10435774f5,validation
3412651605.jpg,3,CMD,c19e60873acd5be4,train
3412658423.jpg,3,CMD,d9d323691932765c,train
3412658650.jpg,3,CMD,a6ba39f1d24b4456,validation
3412688501.jpg,3,CMD,8d573d497191a32d,train
3412709405.jpg,3,CMD,c5f238583cba525b,train
3412736398.jpg,3,CMD,904f28df5869665b,test
3412879833.jpg,3,CMD,cdaa339d28e14a5d,train
3413149507.jpg,0,CBB,c5c032c38bc8eee7,train
3413220258.jpg,3,CMD,d0bb1b93133264b7,validation
341323855.jpg,3,CMD,8498631b743077fb,train
3413288947.jpg,3,CMD,9aa36ca94b3c15d6,validation
3413335395.jpg,3,CMD,c5855b4a60a79ebc,train
3413587734.jpg,1,CBSD,941b6c736187337c,train
3413647138.jpg,3,CMD,948807a550b7ddd7,train
3413715358.jpg,4,healthy,cb7e6fa02ab161c1,train
3413855723.jpg,1,CBSD,d027d69d66d42578,train
3414355940.jpg,3,CMD,f172637282949e6d,train
3414625841.jpg,3,CMD,86d73f091d864bcc,train
3414712004.jpg,3,CMD,cde4608db64657b2,validation
3415013179.jpg,0,CBB,c5f84abaf8a41517,validation
3415036819.jpg,3,CMD,9c6b446a4bfe5614,train
3415080050.jpg,3,CMD,c0d077070febe8a5,train
3415144054.jpg,3,CMD,97b04b9c2aec2735,train
3415211920.jpg,3,CMD,8cca6be1318c4df6,train
3415500491.jpg,3,CMD,c4987e42b64e3e39,train
341610432.jpg,3,CMD,943c5db12e9b066e,validation
3416552356.jpg,4,healthy,d5d7e5a4a2b61216,validation
3416568166.jpg,0,CBB,94806ab1c597a37f,train
3416705012.jpg,1,CBSD,d3e44eea23b43c98,train
3416720700.jpg,4,healthy,c8e8367522703ef6,train
3417074387.jpg,1,CBSD,e8a82fdf30803e6e,train
3417433157.jpg,2,CGM,d5f61b3882956a2e,test
3417990628.jpg,3,CMD,943e7dc833fb4481,train
3418110218.jpg,3,CMD,c0c93f3f381c8c7c,train
3418246039.jpg,4,healthy,8efd5a8347801bab,train
3418474102.jpg,3,CMD,c23127796f8543b9,train
3418761424.jpg,3,CMD,cced7c7cc668448a,train
3418946872.jpg,2,CGM,d58394f687d0d585,train
3419381051.jpg,3,CMD,dcea0399aa5d6a8c,train
3419496365.jpg,3,CMD,c44b6827b1dc532f,validation
3419507688.jpg,3,CMD,c0986ce7bc52f507,train
3419613818.jpg,1,CBSD,9ecc679358822b8f,test
3419650756.jpg,2,CGM,d6924dc431c76db8,test
3419884089.jpg,4,healthy,d0c626f8dca394d6,test
3419923779.jpg,4,healthy,95ea0aaf2918579b,train
3419984011.jpg,3,CMD,87ae60b39c946d6a,train
3420082946.jpg,3,CMD,93be4298796e38d1,validation
3420194097.jpg,3,CMD,e7f20838ff38ea40,test
3420341724.jpg,3,CMD,c03bcb3b421bcc76,train
3420386896.jpg,3,CMD,d4cb74a63bb8180f,test
3420404935.jpg,3,CMD,d9d63919514d0be9,train
3420596297.jpg,3,CMD,c0ba1f2cbac33ad1,train
3420855674.jpg,2,CGM,94c67b833e69274c,train
3421109276.jpg,3,CMD,b8861d875a65fe0a,train
3421134001.jpg,3,CMD,c78e68f530e83353,train
3421208425.jpg,2,CGM,f5560f2f2b696821,train
3421593064.jpg,1,CBSD,96e93c5289b4b16d,train
3421838606.jpg,3,CMD,c29d37238d96d25a,train
3421898013.jpg,3,CMD,84671c87f2fa6370,test
3422235635.jpg,3,CMD,e653a59217de7061,train
342227867.jpg,3,CMD,9eac1a9b45997166,validation
3422450809.jpg,2,CGM,90b97a30639e5b1d,test
3422700982.jpg,3,CMD,d3999cba12f27e08,validation
3422756299.jpg,3,CMD,874f1ca9636327e8,validation
3423354338.jpg,2,CGM,86875ad1c97c1a3e,validation
3423497186.jpg,3,CMD,f6dc365f0f32040d,train
3424272432.jpg,3,CMD,d9d20679213fbb18,test
3424307098.jpg,3,CMD,a38d99facac90c4e,train
3424618786.jpg,3,CMD,9aec12a2d1b669f8,validation
3424798095.jpg,1,CBSD,c98f0b93349966dc,train
3424914349.jpg,3,CMD,815e5a8c5751b6b3,validation
3424923425.jpg,3,CMD,d4d85ce2daaf9814,train
3425056051.jpg,2,CGM,8df2361c7a44db98,validation
3425405002.jpg,3,CMD,d7872e3974455217,train
3425536750.jpg,3,CMD,d19d46265b51e92e,validation
3425850136.jpg,1,CBSD,95b66e9469d8664a,train
3426035333.jpg,3,CMD,d98505dedb39e8a0,validation
3426267905.jpg,3,CMD,a146893dbe43f02f,train
342634878.jpg,3,CMD,c675709f1ce34523,train
342641109.jpg,3,CMD,85e86a732c4f3a1b,train
3426576546.jpg,2,CGM,c78d23f45542964f,test
3426851780.jpg,3,CMD,9bf906bc4ec1429d,train
342704060.jpg,3,CMD,c9b0d72715e918f4,train
3427258437.jpg,3,CMD,97cb753369d2420d,train
3427279599.jpg,1,CBSD,8494369349337bfa,train
3427302906.jpg,2,CGM,939ba39b99111f15,train
3427476782.jpg,1,CBSD,93b3f4b49cd05346,train
342796483.jpg,3,CMD,918e29f17c3d2e38,train
3427992979.jpg,3,CMD,dcf523eb0d5a3884,train
3428039754.jpg,3,CMD,c41e66ef1b0369e1,test
3428113072.jpg,4,healthy,cbe66c89a3e488cb,train
3428660638.jpg,3,CMD,f0977e18dc2f11c8,train
3428953677.jpg,3,CMD,caf61f5e0c0205bf,train
3429167683.jpg,3,CMD,8cd32b145ae77cb0,train
342958683.jpg,0,CBB,eef8c2a55803a1d7,train
3430075887.jpg,3,CMD,cbc831f635790b62,train
3430083704.jpg,4,healthy,dd953be44613198d,train
3430125708.jpg,3,CMD,c1894b3a98abbad9,train
3430274277.jpg,3,CMD,93595f126e07e952,train
3430441640.jpg,4,healthy,d24d73d2b5944e4c,train
343101443.jpg,3,CMD,ee91641a4bfa3c26,validation
3431266352.jpg,3,CMD,f4fa6de432150e31,train
3431321737.jpg,1,CBSD,83c63ca9a47b6e1c,train
3431741471.jpg,3,CMD,f68d72c3a4413cf2,train
3432135920.jpg,2,CGM,9292bbe0686565e7,train
3432260875.jpg,3,CMD,f0067f49780f34f4,train
3432358469.jpg,1,CBSD,855c6bf4b1363913,train
343243475.jpg,3,CMD,ca9ab9af0651c8cd,train
343259772.jpg,3,CMD,d5b16a94144ae47f,train
3433580973.jpg,4,healthy,8d3231cbda34e5a3,train
3433794190.jpg,3,CMD,891c4f70358ee5ab,train
3433962885.jpg,3,CMD,d0ed36d229e8e496,validation
3434116989.jpg,4,healthy,9290b7bde009abf8,test
343493007.jpg,0,CBB,92f67863463e01ee,train
3435254116.jpg,3,CMD,85a21ddd38537f48,train
3435427625.jpg,2,CGM,94eb2c81db532e2d,validation
3435646093.jpg,2,CGM,b48a5ab0c9ca73dc,train
3435885572.jpg,0,CBB,fc992f2c20663ee1,validation
3435954655.jpg,1,CBSD,92e00ffbc49c6b07,train
3436107326.jpg,2,CGM,d79da78c838384e3,test
3436142956.jpg,4,healthy,96841d9cb813773e,train
3436413534.jpg,3,CMD,d54b0f22c3af251b,train
3436774116.jpg,4,healthy,98616596de791c9c,train
3436918118.jpg,3,CMD,c5506d334c7297dc,test
343725230.jpg,3,CMD,c2e12d6159c78e7a,train
3437755112.jpg,0,CBB,8b8e6273057c3e8b,train
343786903.jpg,3,CMD,cc0817b9297b8e3d,train
3438055789.jpg,4,healthy,97c11f1a672b0c97,train
3438108559.jpg,4,healthy,c09c343b693a6ce7,train
3438538629.jpg,3,CMD,8d2767eae1c31c54,test
3438550828.jpg,3,CMD,c3e1e3cf931336a0,train
3438580244.jpg,3,CMD,94e31fe90cc232d7,train
3438896526.jpg,2,CGM,d3e650d34695c16e,train
3439001168.jpg,4,healthy,d1c86fa91ac33ce4,validation
343905993.jpg,3,CMD,86fc81711ff21768,train
3439168363.jpg,1,CBSD,c9c703dbe6096279,train
343946447.jpg,3,CMD,c7dc5819a8a7ed60,test
3439535328.jpg,3,CMD,c7a98fd961969807,train
3439578627.jpg,3,CMD,cfb53101e1ee6c1a,train
343990809.jpg,1,CBSD,d0e82c876fb1c32e,train
3439967670.jpg,4,healthy,e5d07a0b5acae88d,validation
3440246067.jpg,3,CMD,87c43045bfd94e53,train
3440475449.jpg,0,CBB,b6dd0a1545a60dfa,train
3440654667.jpg,3,CMD,d0fc072f27867265,train
344091913.jpg,2,CGM,8fd60c35868d6d59,train
3440965079.jpg,2,CGM,ddf869a1145155f1,train
3441163294.jpg,3,CMD,94d553f81533a731,train
3441281524.jpg,3,CMD,91cb1df265986798,test
3441335676.jpg,2,CGM,bae3984fe0ca56b0,train
3441360877.jpg,2,CGM,94eb1a9e07b79c11,validation
3441418915.jpg,4,healthy,a507671e5ad05e17,train
3441642787.jpg,3,CMD,dde40c75d0aef920,test
3441715093.jpg,3,CMD,b3ad520164766bb5,validation
3441914965.jpg,3,CMD,98b013ebec371599,train
3442029144.jpg,3,CMD,958c48e90cf11df7,train
344213225.jpg,3,CMD,c4b92ff62d4b7084,train
3442194922.jpg,3,CMD,c4a4acd0acc0bffc,validation
3442222586.jpg,2,CGM,f449c938e7b22555,train
3442406076.jpg,3,CMD,d98babcba9c8c4c4,test
3442513768.jpg,4,healthy,d0ee7ac14d39a790,train
3442647074.jpg,3,CMD,974c2f992ae58237,validation
3442867405.jpg,3,CMD,b422c7df2cc9d825,validation
344288315.jpg,0,CBB,93a151fcc499937c,train
3442992249.jpg,2,CGM,d2a536f52a1ec48e,train
3443403628.jpg,3,CMD,95c36fb553784941,train
3443521560.jpg,3,CMD,b1b82d81fcbc98b4,test
3443567177.jpg,3,CMD,c09e6af04d2e9973,validation
3443576181.jpg,1,CBSD,89b364939ba5d26a,train
3443596857.jpg,3,CMD,95f278f991e03313,train
3443846811.jpg,0,CBB,8fa9aac9cc1e4ea1,train
3444265249.jpg,3,CMD,d59a03e17ad0fb0a,train
344427708.jpg,1,CBSD,bfd725c2c1c14237,validation
3444347549.jpg,3,CMD,c384334e59734f1d,test
3444356227.jpg,3,CMD,cdf9793c0624c8a7,validation
3444439898.jpg,3,CMD,c5990fb2526d3e0b,train
344462592.jpg,2,CGM,968f6e8617d1c299,train
3444851887.jpg,3,CMD,944b6b93976c129b,train
3445006321.jpg,2,CGM,95e3308d6db056ab,validation
3445164485.jpg,3,CMD,c68c1c23376758cf,train
3445484006.jpg,3,CMD,8d6027bc7bc74a25,train
3446250532.jpg,3,CMD,96676a22e1b99aa6,train
3446252418.jpg,3,CMD,8f36f5e744962530,validation
3446353254.jpg,4,healthy,ec1790ead7514627,train
3446435120.jpg,4,healthy,d0592c07768b7d74,train
344715777.jpg,3,CMD,d2ea39967095178d,train
3447949159.jpg,2,CGM,d5e523ad99614f30,train
34481998.jpg,3,CMD,dda54971d2531c56,train
3448607006.jpg,2,CGM,90966ecadb592a2d,train
3448635186.jpg,3,CMD,91df38b02a495ff0,train
3449080403.jpg,3,CMD,d3a549113e2aa7ad,train
3449177598.jpg,3,CMD,d1ed58270d7ca23c,train
3449220829.jpg,3,CMD,cecb46cd2b34a549,train
3449233944.jpg,3,CMD,83a66d2e7873d283,validation
3449271409.jpg,3,CMD,83d7235178da69e2,train
3449482809.jpg,4,healthy,ce6033996cc663f1,train
344993238.jpg,0,CBB,cbe91d46cdbc2c0c,train
3449954031.jpg,3,CMD,94e163ba18b92fc9,train
3450753218.jpg,3,CMD,91a2b2b2c9c76e63,train
3451069987.jpg,3,CMD,a7d34ca4965b5549,train
3451141305.jpg,4,healthy,dde47585a35151a9,train
3451340587.jpg,3,CMD,b1b63b3cc69c8919,train
3451525469.jpg,3,CMD,83c163296e59b74e,train
3451817748.jpg,4,healthy,8aa23371580b5f3f,train
3451871229.jpg,2,CGM,80c0a9173f3fb9e1,test
3452080171.jpg,3,CMD,fbc12b2c5c9f10ca,train
3452098908.jpg,4,healthy,95936ee5646a2aa9,train
3452368233.jpg,3,CMD,ef16050b92ed98f4,train
3452699248.jpg,3,CMD,e8d285c7f77820e8,train
3452736649.jpg,0,CBB,c8d304ff134adf50,train
3452847789.jpg,1,CBSD,d0ee6a811ef8a70e,test
345296543.jpg,3,CMD,9c9f6e0472c21ff0,validation
3453071010.jpg,4,healthy,e8921da15cc31e77,train
3453138674.jpg,3,CMD,d02c5a971b12f5da,train
3453324178.jpg,3,CMD,ccb23ce7106e7a94,train
3453542818.jpg,3,CMD,8596246ce8f9e9e2,train
345359010.jpg,1,CBSD,929a78742fe53626,validation
3453811343.jpg,3,CMD,ebe4c5c304bf0da4,train
3453865390.jpg,1,CBSD,94417ee8e3bf029c,train
3453883090.jpg,3,CMD,d1e7f3a5a1e96009,train
345425805.jpg,3,CMD,c76e2d4e728132b5,test
3454506248.jpg,3,CMD,c67ebfb1a900425b,train
3454534975.jpg,0,CBB,939668e36d643a87,train
3454772304.jpg,0,CBB,8b8b4a663539ccdc,train
3455270966.jpg,3,CMD,cf8c34e35b4c8f41,train
3455295356.jpg,3,CMD,8b7b309b9c0ea770,validation
3455364465.jpg,3,CMD,8adc1e73971e10b3,train
3455409383.jpg,2,CGM,c5c82f911eb47966,train
3455486710.jpg,4,healthy,c9a9979756a070ea,test
345568500.jpg,3,CMD,c49b4438cc5b9ce7,validation
3455730172.jpg,3,CMD,c4f935e659da2464,train
3455944883.jpg,3,CMD,d99aeee0b0c603ce,validation
3456093874.jpg,3,CMD,d8986bd73c92362c,validation
3456257914.jpg,4,healthy,dec8239e697a0e07,validation
3456289388.jpg,2,CGM,93c46a6c35da92f1,train
3456327181.jpg,3,CMD,e44246f51c6339b7,train
3456366970.jpg,3,CMD,d5994ce5395954d2,train
3456403702.jpg,3,CMD,86d85da24fe72178,test
3456476470.jpg,1,CBSD,8bd16774242e8fa5,train
3456540970.jpg,3,CMD,daa7218bb7b03d44,train
3456541997.jpg,3,CMD,97813acf14dc69cc,train
3456634270.jpg,1,CBSD,859c7268adb596d2,train
3456823667.jpg,4,healthy,85f94c935072af66,validation
3456979841.jpg,2,CGM,c3b879cc994c3696,train
3457037921.jpg,3,CMD,89a9e1c65ebb60c9,train
3457201271.jpg,4,healthy,ac78436334dd5e0b,train
3457349388.jpg,1,CBSD,d41b31e93bb04cce,train
3457432982.jpg,0,CBB,dc9c4d69d921ca36,validation
3457494065.jpg,4,healthy,dce0319621bf5c93,train
3458185025.jpg,3,CMD,88947b25e6731796,train
3458199144.jpg,3,CMD,c88c3731f433f869,train
3458427180.jpg,3,CMD,dc923d0734a373f0,train
3458429968.jpg,3,CMD,cedd65231ede480a,test
3458620243.jpg,3,CMD,c59c2ef817698f30,train
3459158750.jpg,3,CMD,97673824048fcd7b,train
3459217743.jpg,3,CMD,94c7333264568ddb,validation
3459239609.jpg,2,CGM,c4f2133eec092aee,train
3459275499.jpg,3,CMD,95df7be350d16300,train
3459380101.jpg,3,CMD,c494f9d98c9ea6c4,train
3459489785.jpg,3,CMD,c91265a847d953e7,train
3459805310.jpg,3,CMD,ccda7af5f8404361,train
3459977804.jpg,3,CMD,92994ce6602779e7,train
3460186370.jpg,1,CBSD,c0df2ff083d1426b,validation
3460216646.jpg,3,CMD,81b67bc52e192baa,train
3460239592.jpg,1,CBSD,8aaa5aa02fcf6ae1,train
3460410538.jpg,3,CMD,ddf63ad05221e0cb,train
3460751312.jpg,3,CMD,819f3cc81df66985,validation
3460883505.jpg,4,healthy,d8852782d69c6fa6,validation
3461250443.jpg,3,CMD,93c66e28f835d28d,validation
3461338622.jpg,3,CMD,9096682dd7f39ca1,train
3461803618.jpg,3,CMD,d01b3e44bfe40cad,validation
3461945356.jpg,3,CMD,90477ece6444e94f,test
3462014192.jpg,2,CGM,94676e023711b56f,test
3462353552.jpg,3,CMD,94cc36614b5edd1a,train
3462467027.jpg,3,CMD,d5c23744b30f5578,train
3462722131.jpg,1,CBSD,ecc0542f7ab5f016,test
3462734747.jpg,2,CGM,d8c9607f11b3b961,train
3462747162.jpg,4,healthy,c2e0bde091ffea20,train
3462778369.jpg,2,CGM,e9a860051d6ff695,train
346303870.jpg,0,CBB,e7d24bf1d08b9c06,test
3463125654.jpg,4,healthy,9d77639c99165c82,test
3463523179.jpg,4,healthy,96a9696eb42d70c3,train
3463628642.jpg,3,CMD,d3cc7c18ca03a5de,train
3464231569.jpg,2,CGM,c4df29a63ce9a438,train
346440736.jpg,3,CMD,93f11dfd710b3203,train
3464607854.jpg,3,CMD,c69d8b04bb786b2c,train
3464808111.jpg,1,CBSD,b3905be3650f9714,train
3465175091.jpg,2,CGM,9dba298e65702be1,validation
346537461.jpg,3,CMD,8a7448dc1b9dccb5,test
346540685.jpg,2,CGM,8b942e89c4cbfc35,test
3465555642.jpg,0,CBB,87e753c6a34c4275,train
3465620541.jpg,1,CBSD,86ec6f53a1215ed1,test
3465652063.jpg,4,healthy,9f4742ae0fe134d1,train
3465728572.jpg,2,CGM,f0c739904f711f13,train
3465822891.jpg,3,CMD,81ef654f41f81f03,validation
3465867956.jpg,1,CBSD,d90c669bec065e65,train
3466223968.jpg,0,CBB,88c077852dbaea5e,validation
3466335859.jpg,4,healthy,d37b6f512684423e,validation
3466379543.jpg,3,CMD,85b75183dd82c877,train
3466388717.jpg,3,CMD,d2dd276b39492c26,train
3466589829.jpg,2,CGM,c489093b6e5e94be,train
3466878993.jpg,4,healthy,95d84caaa36f6a64,test
3467344869.jpg,3,CMD,c1f9e9cc8883add8,train
3467403043.jpg,2,CGM,d4bc0e81e2767279,train
3467700084.jpg,3,CMD,94ff108e651ac7d4,train
3468010447.jpg,4,healthy,ee936ea266797028,validation
3468150881.jpg,1,CBSD,c4fa48c23eeb0ab3,train
3468200884.jpg,3,CMD,d5ce11c346e50dc7,test
3468269081.jpg,3,CMD,85f57c854be9606a,test
3468269778.jpg,4,healthy,d2857d230eb9f1c2,train
3468310197.jpg,2,CGM,dac13f9b148e465c,train
3468662921.jpg,3,CMD,d9d3786125e8e43c,train
3468766688.jpg,2,CGM,932d608ffc132f58,train
3468802020.jpg,3,CMD,b2f829ce095f98d8,test
3468985035.jpg,3,CMD,81cd919e70857dc7,validation
3469093921.jpg,0,CBB,998f2673ccf93910,test
3469814138.jpg,3,CMD,86554869f55e5b1c,train
3469950332.jpg,3,CMD,879397f470c24a8f,test
3470304349.jpg,3,CMD,c8b62c1bb6d42d5a,validation
3470341002.jpg,1,CBSD,94d878923fb34c66,train
3470374968.jpg,4,healthy,90965dcf68497a63,test
3470652629.jpg,4,healthy,9f9c1ccceea46223,validation
3470984818.jpg,3,CMD,832e3cc54c4b3fd2,train
3471100023.jpg,3,CMD,c8836bb1187df389,validation
3471139319.jpg,3,CMD,837e3de72c3230ac,train
3471257556.jpg,3,CMD,d04bba8374c736d8,train
3471284965.jpg,0,CBB,d18c30e344f17ff0,train
3471469388.jpg,3,CMD,85f91a94d4c563c7,train
3471472230.jpg,3,CMD,95b33a9a0fe4e360,train
3471618012.jpg,3,CMD,85bc57f4e5c91941,train
3472250799.jpg,1,CBSD,943652730f2aad57,train
3472375086.jpg,4,healthy,86973443c13e9bb5,train
3472675178.jpg,1,CBSD,d1e71a9b0d197c0e,train
3473125611.jpg,1,CBSD,a366626378b8fc1c,test
3473193669.jpg,3,CMD,80f86b93094dcf1f,test
3473324487.jpg,3,CMD,99985724ae8c5de9,train
3473517572.jpg,3,CMD,84890cb3eb87dee1,train
3473533262.jpg,3,CMD,8dfe60b53669848d,train
3474016452.jpg,3,CMD,94b1305a15a93ff6,test
3474078431.jpg,3,CMD,d4ec7ab70ce2c231,validation
3474085074.jpg,1,CBSD,d66c6998f8472479,train
3474174991.jpg,3,CMD,c28c1c4e41f47ebd,train
3474356023.jpg,2,CGM,d89c36b351f98a43,test
3474522679.jpg,0,CBB,ccb3230ea6dce913,train
3474657752.jpg,0,CBB,ed9e6f8b03a61982,train
3474671575.jpg,3,CMD,8cdd5781675c50f2,train
3474948035.jpg,3,CMD,d0e54ea5ee2825ea,train
3474960927.jpg,4,healthy,d7906935667aee20,train
347499278.jpg,4,healthy,d7ce2e361013d9e8,test
3475478548.jpg,3,CMD,abdaa5e329a5c684,train
3475526281.jpg,3,CMD,81cf1d3571e294bc,test
3475528953.jpg,2,CGM,939e3888d87d9b62,train
3475815024.jpg,3,CMD,85ca7feb2832c394,train
3475929309.jpg,3,CMD,87ab1392298dc73d,test
3476081387.jpg,0,CBB,82cd33d236a96c9e,test
3476106510.jpg,4,healthy,db116b9195bd189c,train
3476126646.jpg,3,CMD,909df293173617f0,train
3476129770.jpg,3,CMD,ddfa208186686db7,train
3476502562.jpg,3,CMD,8768353962bc4e5e,train
347680492.jpg,3,CMD,c6de328103fa6e63,test
3476880261.jpg,4,healthy,ce973427e04874f9,train
3477094015.jpg,1,CBSD,cf5e129760a8571b,test
3477169212.jpg,1,CBSD,857a7a94344bd3a6,validation
3477615133.jpg,2,CGM,8dc44ee7a5a4e398,validation
3478004447.jpg,3,CMD,91997e730c67c453,train
3478340192.jpg,3,CMD,fa05915e33390f8b,train
3478362469.jpg,3,CMD,96e33a15d43155b5,test
3478417480.jpg,3,CMD,85d55c931acb3da1,test
347862395.jpg,4,healthy,bc1d324d16c83bd6,validation
347892415.jpg,2,CGM,a5dd50273c34cbe4,train
3479006083.jpg,4,healthy,d1176c6c4b7b4362,train
3479082158.jpg,1,CBSD,c49c8cfe5cd03175,train
3479361153.jpg,1,CBSD,b2f84b836cc05ee6,train
3479436986.jpg,3,CMD,d7e4388c65dbd105,train
3480025724.jpg,3,CMD,84f966e81e3ca0ed,train
3480423264.jpg,3,CMD,93ace7526e184e3c,train
3480553170.jpg,3,CMD,92bc798b91d25aa6,train
3480744448.jpg,3,CMD,948e3b7b78c172e0,train
3480857039.jpg,3,CMD,84c93bce5aba3417,test
3481061190.jpg,3,CMD,9cde7aaea44544c6,train
3481276167.jpg,2,CGM,c68f1e8e0f0fa68c,train
3481424043.jpg,3,CMD,a4ef38657ce24878,train
3481431708.jpg,3,CMD,b4e937865451f1b2,train
3481611394.jpg,4,healthy,bdb76c10e9a97409,test
3481763546.jpg,3,CMD,972a46e5c967155c,train
348185554.jpg,3,CMD,80733fc22bbf1b84,train
3481863039.jpg,3,CMD,deba33c68c7840e3,validation
3482108906.jpg,3,CMD,f483c9736d0ac4ea,train
3482221509.jpg,3,CMD,d1b628279ee1473a,validation
3482255294.jpg,3,CMD,d19152664b449efb,validation
348236985.jpg,3,CMD,97cc191e675864b3,train
3482378150.jpg,3,CMD,c8b3a0dc90e7669d,validation
348249198.jpg,4,healthy,93ec73b01c746b2c,train
3482976598.jpg,3,CMD,9c22747489feb1a5,test
3483301254.jpg,0,CBB,c58db6d1b3c65a18,train
3483344406.jpg,0,CBB,9bb9641d4da43993,train
348338717.jpg,3,CMD,90a462935f4b2d7e,train
3483612153.jpg,2,CGM,84a234f75fca32a6,train
3483686543.jpg,1,CBSD,d7dd390e49e109e4,test
3483976821.jpg,0,CBB,8aca2b8d56aaa9e9,train
3484015955.jpg,3,CMD,cec42e3dca311c1f,train
348412624.jpg,3,CMD,97ab67c872ac206d,train
3484288413.jpg,3,CMD,876752c72bc91c3a,train
3484566225.jpg,1,CBSD,98c16df894cc997c,train
3484643093.jpg,3,CMD,97ca135ef07170d1,test
3484852968.jpg,2,CGM,e1d132ed0bd3334a,train
3485236762.jpg,1,CBSD,99dd420f53632eb2,train
3485380949.jpg,3,CMD,e2946836633c65eb,test
3485603790.jpg,0,CBB,dd14a9c20653e7d5,train
3485779259.jpg,3,CMD,958b07f43462e1ee,validation
3485831468.jpg,2,CGM,82ed76884b5ad396,validation
3485849218.jpg,3,CMD,c1e72db91c1a1e9a,validation
3485891168.jpg,0,CBB,96e1622e2db113f6,train
3485931790.jpg,2,CGM,caf896094f7214cf,train
3485950795.jpg,4,healthy,9469653f8cd42bac,validation
3486225470.jpg,3,CMD,9cbc690a5c565747,train
3486341851.jpg,1,CBSD,d0f724c82b6a3d2b,train
3486448713.jpg,2,CGM,84ae137975512b75,train
3486487741.jpg,3,CMD,99e8796f5c1c8698,test
3486801022.jpg,3,CMD,e4dd4934b8369c4b,validation
3487010355.jpg,4,healthy,808b394d1f6e7792,validation
3487169055.jpg,3,CMD,851a3d81ceaf653c,validation
3487600092.jpg,3,CMD,f8270bc12c4bedb8,validation
3487720304.jpg,3,CMD,af64c4fa528b313a,train
3487772130.jpg,3,CMD,8fcd1e80f84293af,train
3487867690.jpg,4,healthy,e1d20f6455e14ff0,train
3487985458.jpg,3,CMD,ca85343d3b9c3c4b,test
3488113907.jpg,3,CMD,d2ad76fc21051bcc,train
348828969.jpg,3,CMD,9de7428d6caa6654,train
3488764658.jpg,3,CMD,9bb216b0a699ca67,train
3488960155.jpg,4,healthy,99b07b2f4e436589,train
3489203710.jpg,3,CMD,d6a4e1d06fd631e0,train
3489269448.jpg,3,CMD,903c27d375b6429d,test
3489269748.jpg,3,CMD,c7e814b113dc76c6,validation
3489285599.jpg,3,CMD,c29720aab9a74fd8,train
3489514020.jpg,3,CMD,d6ec70364663943d,train
3489692619.jpg,0,CBB,91872f387531157e,train
3489780896.jpg,0,CBB,d5982f2935666b46,train
3489790909.jpg,1,CBSD,9c34766f674049d9,train
3489995637.jpg,3,CMD,8e8d5cbe30d96c23,validation
3490066061.jpg,2,CGM,c8f2381d36d0d8eb,train
3490253996.jpg,1,CBSD,ccdb73034c9355c6,test
3490424347.jpg,3,CMD,8deb6ad363712684,train
3490931185.jpg,0,CBB,d9ad134b2cb0f346,train
3491035063.jpg,4,healthy,fd97fa28e500529a,validation
3491318122.jpg,4,healthy,c3cc27630c5b5d5a,train
3491333559.jpg,3,CMD,c1ae33d2889ff0e4,validation
3491458662.jpg,3,CMD,b7a123d54b91ed82,train
3491462483.jpg,2,CGM,8ba0ada8b1b9b59c,train
3491804538.jpg,3,CMD,c76f1a4a4cb039c7,validation
3491811228.jpg,3,CMD,8bc33367a35cc269,train
3492042850.jpg,4,healthy,92f429434adbcf91,train
3492066669.jpg,3,CMD,b0f0f0edf0ae070b,train
3492114933.jpg,4,healthy,91c6c513e629fc69,test
3492280117.jpg,3,CMD,c4fe8139e1cd1c8d,train
3492352245.jpg,4,healthy,d1cc36636c26634f,train
3492572077.jpg,3,CMD,858e7de88fa80a5b,train
3492822806.jpg,3,CMD,d2d871c9d5545f44,train
3493200468.jpg,3,CMD,d1bf52cc16982cb6,train
3493232417.jpg,3,CMD,c1cd470f33a58f68,train
3493323158.jpg,3,CMD,d1de36215e0e6d45,train
349341849.jpg,4,healthy,ccc442cb59c7d565,train
3493597952.jpg,0,CBB,cae2659596e37096,validation
3493737288.jpg,3,CMD,91fe28c633a67c4a,train
3494097307.jpg,3,CMD,c09d1b2730b2f3e3,train
3494142100.jpg,4,healthy,81872bc3af3d311d,train
3494510902.jpg,3,CMD,da3e9179868be254,train
3494906160.jpg,3,CMD,aedb254bd21ae905,train
3495009786.jpg,3,CMD,d6bb2947c4317a98,train
3495064488.jpg,3,CMD,85e7798952ae2c3a,train
3495104174.jpg,2,CGM,c6c647ff9a908929,train
3495162607.jpg,3,CMD,dc0d6b76985825e6,train
3495209227.jpg,0,CBB,c1e262e53ed88f0e,test
3495378844.jpg,3,CMD,87e72da2db0c144f,test
3495802939.jpg,3,CMD,84921727ae67d275,train
349583210.jpg,4,healthy,c6c328aea9b55595,train
3495835530.jpg,3,CMD,84f30e9c699b56b4,test
3496093986.jpg,3,CMD,d517dc8d3b1a3143,train
3496438505.jpg,4,healthy,d3d729084cfc3e2a,train
3496476132.jpg,4,healthy,93e47cd9651a60e5,train
3496886670.jpg,3,CMD,91c929e9707d98b6,validation
3496923861.jpg,3,CMD,89fba419671ac64b,train
3497274935.jpg,1,CBSD,d23b6488e3547b87,test
3497672058.jpg,3,CMD,c9346875b65a8957,train
3497832029.jpg,3,CMD,82f152ed65cce2cc,train
3497871722.jpg,3,CMD,c4292bb9d96aa4e6,train
3497908336.jpg,4,healthy,81b73d8456f9b413,train
3498042875.jpg,3,CMD,903e073ba61fc9e1,train
3498094604.jpg,2,CGM,d2ad39d20587e27a,train
3498150363.jpg,2,CGM,d5bd65a60e3a151a,train
3498789307.jpg,3,CMD,81953ed7294a3d56,train
349886633.jpg,3,CMD,fec02ce3cc9d0d89,train
3499032065.jpg,3,CMD,dfb00f112fd11f18,train
3500044378.jpg,4,healthy,f8f8f2a09708e27c,train
3500204258.jpg,2,CGM,d18e352348b4f2f3,train
3500303969.jpg,3,CMD,d88e779c6c0e9b50,train
3500765426.jpg,3,CMD,c4a278f83b8556cb,train
3500812508.jpg,4,healthy,a7beada3b8a1a821,test
3500864054.jpg,3,CMD,d57e5e1429e84a17,train
3500950357.jpg,1,CBSD,de420e3ae1703b5d,test
3501013253.jpg,3,CMD,c3bf045bb2237b41,train
3501100214.jpg,1,CBSD,c30b2cb5fe7872a0,train
3501238872.jpg,2,CGM,848b673a72e7198b,test
3501265654.jpg,4,healthy,d1e968f30e61d287,validation
3501360011.jpg,3,CMD,c17939ca6f2886ae,test
3502149543.jpg,1,CBSD,80b5799e123b62fc,validation
3502618132.jpg,3,CMD,c45d66cbd1909d95,train
3502675900.jpg,3,CMD,a91c2117fca05fab,train
3502747322.jpg,3,CMD,915d2d9cc326f2c6,train
3502946321.jpg,1,CBSD,d885185f33c5d693,train
3503733848.jpg,3,CMD,94c70be13fe17590,train
3503950534.jpg,3,CMD,c5ca09f224bca8fd,test
3504150572.jpg,3,CMD,80d3356b5b8d1e36,train
3504347958.jpg,4,healthy,91253b7a5e7425cc,train
3504544363.jpg,3,CMD,978568856d847e37,test
35045621.jpg,3,CMD,9c627396a4ec5993,validation
3504608499.jpg,1,CBSD,bec05177ee241571,train
3504669411.jpg,3,CMD,d1a88c9886ede1db,train
3504674817.jpg,2,CGM,c5eb74822c57b516,validation
350475912.jpg,4,healthy,f49f6b4160fa86b0,validation
3504889993.jpg,3,CMD,9cc960f29f8fb1c0,train
3504991692.jpg,0,CBB,85fc214318caf8f7,test
3505140945.jpg,3,CMD,bf84bc458a1ea4b9,validation
3505403837.jpg,3,CMD,c5ca62c19eb2bb92,train
3505471795.jpg,3,CMD,a9a36d7a2d562869,train
3505521147.jpg,3,CMD,8f9c61ed36ec8b02,test
3505613184.jpg,3,CMD,885c4b932e35e9ce,train
350584113.jpg,4,healthy,d491239cf88d3e35,test
3506109237.jpg,3,CMD,dbf71444941e6175,train
3506364620.jpg,1,CBSD,d4d0279c49437af3,validation
3506387687.jpg,3,CMD,c4fea91dc0ac6ac5,train
3506685694.jpg,3,CMD,96e9559c63a40b1f,train
350684447.jpg,3,CMD,826a03b965926fb7,train
3506949016.jpg,2,CGM,c06f31ae1c29fa35,train
3507045403.jpg,4,healthy,92a46ee99718fa85,train
3507114461.jpg,1,CBSD,d48b6d8298933fcc,train
3507556647.jpg,3,CMD,88e605a9734cb9db,train
3507637025.jpg,3,CMD,8ea2179f82939bd8,train
3507643613.jpg,3,CMD,9fa27e5a4f711403,test
3507655543.jpg,2,CGM,8c9e0c4633fac6f4,train
3507965498.jpg,3,CMD,e88659d92433db0f,test
3508043582.jpg,2,CGM,c5a6326f2207bdd4,train
3508055707.jpg,1,CBSD,c1be744c2634b37c,test
3508700743.jpg,3,CMD,da9022ba26dbc937,train
3508836759.jpg,1,CBSD,c1996d08b56e29e7,train
3508895074.jpg,3,CMD,80363b4f7667f0e0,train
3509094717.jpg,3,CMD,87e443593f261e0f,train
3509493147.jpg,1,CBSD,dde227914bb44707,test
350981246.jpg,3,CMD,8705398c56df4e56,train
3510423937.jpg,3,CMD,85c22752edc79d91,test
3510536964.jpg,3,CMD,c0c81f8e6f93399c,train
3510615761.jpg,3,CMD,91c665915a88ecfe,train
3511001525.jpg,3,CMD,c7c50b193fd68652,test
3511031067.jpg,3,CMD,896e715d19ca7057,train
3511281649.jpg,1,CBSD,882e6a31db691f47,train
3511388715.jpg,1,CBSD,8dd668eb14eb8594,train
3511420562.jpg,3,CMD,94ed6b626b017d8a,train
3511444147.jpg,4,healthy,d1fa7117029dd946,train
3511671285.jpg,1,CBSD,d0df2e7a1f2238e0,train
351175754.jpg,2,CGM,d8b33f6f27023834,train
351189555.jpg,3,CMD,95c21e5267e36b34,train
3512092684.jpg,4,healthy,d4f8102a2f6d65e5,train
3512220415.jpg,3,CMD,d3a15e4c694e2a97,train
3512376578.jpg,3,CMD,d38b686c5af23b21,validation
3512385051.jpg,4,healthy,9ce97fa4c481534b,validation
3512587072.jpg,3,CMD,eee60b74702740e7,train
3513031039.jpg,3,CMD,8c7c639b0c97cc69,train
3513035899.jpg,3,CMD,eca535b496850f78,train
3513397687.jpg,4,healthy,84ed2d3236393579,train
3513806994.jpg,3,CMD,9c1e6f3c81c7b4e0,test
3513809597.jpg,3,CMD,94b479e49587c36c,train
3513851865.jpg,3,CMD,ace37998d4e116d4,train
3513881408.jpg,1,CBSD,d3b31c99f88416ec,train
3514103579.jpg,3,CMD,d0574b01b395336f,train
3514164612.jpg,4,healthy,c7816cec04fbf384,train
3514238899.jpg,1,CBSD,a3c978f4e0b609d5,train
3514373354.jpg,3,CMD,92c6cef82e2839cd,train
3514484389.jpg,2,CGM,c1f33b010a564f6f,test
3514594574.jpg,3,CMD,dbce293364c0c3d6,train
351468773.jpg,3,CMD,c0d83e8763b76469,train
3514831407.jpg,0,CBB,92966dcb2eea443c,train
3514874274.jpg,3,CMD,c49a153fe84b7ca4,train
3515249327.jpg,3,CMD,c0f43e1bca9c92c7,test
3516111318.jpg,3,CMD,b6da30ef1c3682ca,train
3516286553.jpg,3,CMD,97b73c191c28765c,train
3516340499.jpg,3,CMD,cce04ec870d6ded2,train
3516352675.jpg,2,CGM,f09ed174e11b2762,train
3516405434.jpg,2,CGM,88e337c8c30f3673,validation
3516413675.jpg,0,CBB,94f5749696a34659,train
3516555909.jpg,3,CMD,a1eb531c692e437a,train
3516603497.jpg,0,CBB,c9e320dcd3c84f66,validation
3516709559.jpg,1,CBSD,95d9342eb3314c7c,train
3516777712.jpg,3,CMD,d7870e2669491b6d,train
3517084381.jpg,3,CMD,df82221f023fa4bd,train
3517179673.jpg,1,CBSD,9f9e7c066010e77c,train
3517580594.jpg,2,CGM,d7d261b621f039b8,train
3517828847.jpg,2,CGM,c4c06eb17a67b31a,test
3517991317.jpg,3,CMD,9cd767321acc3694,train
3518069486.jpg,3,CMD,d96e33873070ccf1,validation
35180724.jpg,3,CMD,a58a740eb9643bec,train
3518716660.jpg,3,CMD,d4e1333d15ccbc38,train
3518898572.jpg,3,CMD,82f965976a2db0ca,validation
3518916516.jpg,3,CMD,938c70a1bea2ad75,train
351896540.jpg,3,CMD,818e2fe97a8847d6,test
3519042554.jpg,3,CMD,d396262d7e013d96,train
3519124623.jpg,4,healthy,89732e484f9c74b5,validation
3519335178.jpg,3,CMD,c4e63700fbcf7809,train
3519733706.jpg,3,CMD,b89d757553c246c8,train
3519888949.jpg,3,CMD,d1d43f58642b6cf0,test
3519898.jpg,3,CMD,d0317a543731bd3c,test
3520135769.jpg,3,CMD,851a35c317cc3b3b,test
3520858185.jpg,3,CMD,95c73aad26203f87,train
3520980908.jpg,4,healthy,d0d1931203dadbf9,train
3521051310.jpg,4,healthy,a582e1371bbc4be2,validation
3521140941.jpg,3,CMD,87132e217b4afe92,test
3521311489.jpg,3,CMD,9fe76943211c7174,validation
3521313788.jpg,3,CMD,91fc7265b974828b,train
3521428910.jpg,1,CBSD,84cc2ff52869f21d,train
3521581942.jpg,3,CMD,d0d94ebca7126279,train
3521763231.jpg,2,CGM,8cab434c7ed0f1f0,train
3521908689.jpg,3,CMD,c33e03b0316f6e87,train
3522070938.jpg,2,CGM,c2f0f7dbd0c681b0,train
3522526655.jpg,1,CBSD,84fa63acd9471cb4,train
3522543975.jpg,2,CGM,d01d69ea2c0577f4,test
352262850.jpg,3,CMD,9af55e1419a6532d,train
3523079938.jpg,3,CMD,81eb372049bef0ab,train
3523309825.jpg,2,CGM,d3c1117a70e72f46,train
3523363514.jpg,3,CMD,cad3363f291c05ae,train
3523396173.jpg,3,CMD,c6192d590e3df21d,train
352362036.jpg,3,CMD,c52527073db4b578,test
3523659784.jpg,0,CBB,d3907576c45d4c6c,train
3523670880.jpg,3,CMD,96e61dbd1a922c55,train
3523831557.jpg,3,CMD,a29735e4055e59a7,train
3523883527.jpg,3,CMD,90b216696d9b666e,train
3523980600.jpg,3,CMD,c1dd4b0d3d43a49e,validation
3524134049.jpg,3,CMD,c3be9cf94e1906c1,train
3524416743.jpg,3,CMD,c4a52b5a4fd71174,train
3524470850.jpg,2,CGM,a5c23d9a21f32b78,test
3524684066.jpg,3,CMD,d4c8739e6fb3084c,train
352468512.jpg,4,healthy,9dd86124fc979c61,test
3524748781.jpg,2,CGM,88be438d3e0b3df0,test
352475125.jpg,3,CMD,c2c62f751ad9a4b2,train
3525134748.jpg,2,CGM,c4c639d923cb12dd,train
3525137356.jpg,3,CMD,a1fc4c761c59a4b5,train
3525273765.jpg,4,healthy,c43d55757c42d853,test
3525376871.jpg,3,CMD,80a5569fbce760a3,train
3526706530.jpg,3,CMD,cc481fb4a497e3b1,train
3526787181.jpg,0,CBB,d8fba0c0006e7e7d,train
3526942797.jpg,3,CMD,efcb5292e3920e29,train
352708690.jpg,3,CMD,c4f231bd62d34927,train
3527165610.jpg,1,CBSD,d1b629b6329b38d2,train
3527494805.jpg,3,CMD,89d5272b15b31f83,validation
352762760.jpg,2,CGM,c5813fd484db7552,train
3527693882.jpg,3,CMD,85f4047bf70626ad,validation
3527770435.jpg,3,CMD,89d33c2b1a27587b,train
3527846650.jpg,3,CMD,90e97ff5090ba711,train
3527849751.jpg,3,CMD,9dcc293b3c197670,test
3527982471.jpg,3,CMD,c4b160dbb395a587,train
3528124006.jpg,3,CMD,80d8666e9de3965c,test
3528647821.jpg,3,CMD,c386617f78981c3e,train
3528796531.jpg,2,CGM,c00f6835a9d9fb68,train
3529056691.jpg,3,CMD,95f82f2f889d15b0,test
3529087945.jpg,4,healthy,c2ea3f0d433456d5,train
3529355178.jpg,2,CGM,f4ce06c03485eb3f,validation
3529758139.jpg,2,CGM,d29858f2b525967c,test
3529904728.jpg,2,CGM,c56e6ac92893399b,train
3530097754.jpg,1,CBSD,893a69bd8006fee3,train
353010876.jpg,3,CMD,9245326ff289c79a,train
3530560257.jpg,0,CBB,93c6ba382c399cdc,train
353070250.jpg,3,CMD,bfe03fdad84060a3,validation
3530853460.jpg,3,CMD,94183e666ceb368d,train
3531276963.jpg,0,CBB,a9ea4ed5b25883cc,train
3531650713.jpg,3,CMD,d6904fd90ae75ac4,train
3531700878.jpg,3,CMD,84fa16cb1e61c71e,train
3532098475.jpg,2,CGM,d0a582b8e7dae926,train
3532319788.jpg,3,CMD,a6abe6f730195c48,train
3532532206.jpg,4,healthy,c0c3c9a7a885d9ee,train
3532602386.jpg,3,CMD,cd9669462edb6a14,train
3532787636.jpg,3,CMD,dd6e32c8a4b03d5a,train
3533090711.jpg,3,CMD,d99c476fb8478125,train
3533209606.jpg,0,CBB,da95332fb1f1c224,validation
3533375796.jpg,4,healthy,c2da1acd4e24afd8,train
3533408117.jpg,3,CMD,c9ec2e1f313a0e47,train
3533486523.jpg,4,healthy,9483633c567b7329,train
3533493433.jpg,1,CBSD,c4f93ff956036016,validation
3533539817.jpg,2,CGM,9bf50ac62d7a350a,validation
3533572818.jpg,3,CMD,d3ce3cb1c2267c19,train
3533601057.jpg,0,CBB,949266781bde1ab5,validation
3533779400.jpg,3,CMD,94cb19de6936ca15,train
3533832269.jpg,2,CGM,859866c73b73652c,validation
3533888163.jpg,1,CBSD,f1fe1c19f5c62124,test
3534101489.jpg,3,CMD,c4cb186f1a7d6a92,validation
3534426782.jpg,3,CMD,d4f8d8c84b5db08d,train
35345736.jpg,4,healthy,d9c02bb532fb90c9,train
3535017534.jpg,0,CBB,c585325ecec194eb,train
3535078664.jpg,4,healthy,8995365d284babce,test
353518711.jpg,2,CGM,845877d795b4a2e2,train
3535260857.jpg,4,healthy,c52e3d655cc39730,test
353529214.jpg,1,CBSD,9ca64fea702b6a4c,train
3535332195.jpg,3,CMD,c169d284363e27d7,test
3535439109.jpg,2,CGM,cec40e65687874e7,train
3535670903.jpg,3,CMD,9cf16b9f70202b27,train
3535797339.jpg,3,CMD,cbc97ccc5dcc0a8a,validation
3535986345.jpg,1,CBSD,c3cd2a8778c329d6,train
3536394674.jpg,1,CBSD,84cd2f72583c1d4f,train
3536435427.jpg,0,CBB,c1f32111f0687e7b,train
3536918233.jpg,2,CGM,8597462a0bd86dee,test
353746186.jpg,0,CBB,90d07c33634fc778,train
3537482032.jpg,3,CMD,a28504ea7a357b7a,validation
3537514783.jpg,3,CMD,847b54437b8c3f64,train
3537549143.jpg,2,CGM,d667274609ad1ccd,train
3537608391.jpg,2,CGM,85704d23cbca36b7,train
3537905845.jpg,3,CMD,d1c02f699d0ce5b3,train
3537938630.jpg,4,healthy,80da34da76b16e69,train
3538224667.jpg,3,CMD,dd90c2be4b451bb4,train
3538242745.jpg,1,CBSD,9dd8713333bc1362,validation
3538579595.jpg,3,CMD,8d961b38b6b43a8d,test
3538960735.jpg,2,CGM,d02b2c617dbca29e,train
3539102165.jpg,3,CMD,95a128ddd9bb898c,train
3539619673.jpg,1,CBSD,85df4851eda61596,train
3539750453.jpg,3,CMD,c056178badc75393,test
3540055410.jpg,3,CMD,d7de2e1322a095bc,train
3540255449.jpg,1,CBSD,d8fc3c022f9ba9c8,train
3540316536.jpg,3,CMD,c8cf177c071b249e,train
354035542.jpg,2,CGM,c5eb70f1eec01694,test
3540543335.jpg,1,CBSD,92ba7afa3ae0e068,train
3540765435.jpg,3,CMD,d35f6f760d883224,train
3540803278.jpg,0,CBB,88d3742ee80e5c7b,train
3541075880.jpg,3,CMD,d0ce066e2e3565d3,test
3541407601.jpg,3,CMD,cc215fd0123b3eea,train
3541514279.jpg,3,CMD,a1f59c250107aff5,train
3541933479.jpg,4,healthy,9d946eb3457a604b,train
3542007623.jpg,3,CMD,9de11c6d09b7a41d,train
354223592.jpg,1,CBSD,93903f34cbc9d691,train
3542276259.jpg,3,CMD,94b76859e31cf14a,train
3542289007.jpg,4,healthy,909466362dccc7cf,train
3542364531.jpg,3,CMD,9a1304b76c247bf5,test
3542508952.jpg,3,CMD,c11feb3127e0616e,train
3542602589.jpg,3,CMD,c5f5707e620c587a,train
3542768898.jpg,3,CMD,db8a7abe8e847068,validation
3543215896.jpg,3,CMD,b1ba0983dc745379,train
3543731892.jpg,2,CGM,90b27ad86c26bd99,test
3543872440.jpg,3,CMD,f8b42d41e14b7b38,train
3544220328.jpg,4,healthy,86b6294953be5674,train
3544289270.jpg,3,CMD,91cb23a861ecbcb9,train
3544838139.jpg,3,CMD,c16a207d2cf706f5,test
3545118265.jpg,4,healthy,89c52a9a3459fb99,validation
3546224869.jpg,2,CGM,8798628535fd2759,test
3546315607.jpg,3,CMD,845b4f231fc73b90,test
3546582626.jpg,0,CBB,95b2327d336a3790,train
3546777867.jpg,2,CGM,c1f62935520b85f7,test
3547149808.jpg,3,CMD,96c64962c783b769,train
3547196560.jpg,3,CMD,80c71ff158034d7f,train
3547244996.jpg,3,CMD,9cc72d351c9c78d8,test
354756762.jpg,4,healthy,88d5759f92717b08,train
3547635948.jpg,3,CMD,8bf62e818fcb6d20,validation
3547680343.jpg,4,healthy,a6723ac24a2f71da,train
3547700492.jpg,3,CMD,879132c66d78f945,train
3547980997.jpg,3,CMD,f2814d5f44185b77,train
3548061880.jpg,3,CMD,b8df2921117991bd,train
3548238505.jpg,1,CBSD,d7d22c1ad8744a67,validation
3548257728.jpg,0,CBB,c2f317d6d58d482a,train
3548292259.jpg,3,CMD,969f416a251d64bb,train
3548679387.jpg,3,CMD,d1c77951e5744970,train
3548684702.jpg,3,CMD,a3ca6b04b5e317e2,train
3548816902.jpg,3,CMD,e1ca2b3c36abd09c,train
354906125.jpg,3,CMD,c9c0709fa397f305,train
3549065230.jpg,3,CMD,d4d029e5324ab9f9,train
3549070816.jpg,1,CBSD,94e658a56fd8255a,validation
354915584.jpg,3,CMD,95f230b74c26e7e0,train
3549527627.jpg,3,CMD,938276527ba1fd42,validation
3550082135.jpg,3,CMD,87f03b47b40e2d1e,validation
3550628898.jpg,3,CMD,83672e4c7923327b,train
3551024298.jpg,3,CMD,e9f04ff8057a0e0e,train
3551086821.jpg,1,CBSD,d3967ae2c8b028b7,train
3551135685.jpg,0,CBB,97aa2aa13bbaa0a7,validation
3551156826.jpg,1,CBSD,f8c1472d34ea33e2,train
3551608318.jpg,3,CMD,d6ef431b6534a318,train
3551690103.jpg,1,CBSD,d4d963918d8a0b5f,train
3552298032.jpg,3,CMD,8cdb7a6117a6e891,train
3552533630.jpg,3,CMD,9cca6c8669a8d756,test
3552888499.jpg,3,CMD,95bc1f4d07e540b5,test
3552954566.jpg,3,CMD,e5c4a11ebfa043ba,validation
3553008271.jpg,3,CMD,976f3cf22d52a418,validation
3553238343.jpg,3,CMD,dccc1a0e99dce09b,test
3553494327.jpg,2,CGM,c2e9d269e02355af,train
3553602549.jpg,3,CMD,dc28d0fa43c069df,train
3553878956.jpg,0,CBB,ccc646f6602d9cf2,test
355442728.jpg,3,CMD,93da6c8ce4137a87,train
3554706720.jpg,1,CBSD,82fc4a88dca34ede,train
3554722517.jpg,2,CGM,81c676da4cb11767,train
3554938501.jpg,2,CGM,813c3c4bcfda9271,validation
3555014613.jpg,3,CMD,a4fbd10f6f30b221,train
3555144754.jpg,3,CMD,d3ee351f0c6629a8,validation
3555410429.jpg,0,CBB,c7073e1ecd770834,test
3555472303.jpg,3,CMD,98d32cc34ecabd52,train
3555694863.jpg,4,healthy,9115add809ed5cad,train
3555762005.jpg,3,CMD,d8b4650770cf3e4a,train
3556012035.jpg,3,CMD,a9995bca11b71cd1,train
3556041775.jpg,2,CGM,97b14ea49b450bdc,train
355609204.jpg,1,CBSD,91c632be9e796911,train
3556505634.jpg,3,CMD,8f3a6368adc836c9,train
3556554979.jpg,2,CGM,9183b68347655dcd,validation
3556578053.jpg,0,CBB,839e7927f803f5c0,test
3556675221.jpg,0,CBB,852d7beb02de211b,train
3556946646.jpg,3,CMD,c3ebe3e2a5b4a488,train
3557261189.jpg,3,CMD,95cc5453db0f602f,train
3557354369.jpg,3,CMD,d7e439c1039d6d68,test
3557422910.jpg,3,CMD,d305412b39ee62f6,train
3557789910.jpg,3,CMD,957a4e9d760da942,train
3557979582.jpg,3,CMD,c9b46aa125375e71,train
3558035737.jpg,1,CBSD,e18b6bb471903b65,validation
3558082230.jpg,3,CMD,cdd923584cf46578,train
3558210232.jpg,2,CGM,d2153142cf3c67d3,train
3558309774.jpg,2,CGM,d33b52073fb0925a,train
3558352705.jpg,3,CMD,de4e6fe5a5518148,validation
3558354971.jpg,3,CMD,819c27e40ef9c38f,validation
3558474952.jpg,3,CMD,e9ff1241520e253f,test
3558515424.jpg,3,CMD,ca8e29e07fe101dd,test
3558865995.jpg,4,healthy,b0f378d9c4d2e889,train
355895842.jpg,3,CMD,d51d2b646964395e,train
3559005240.jpg,3,CMD,dbc17525240b363f,train
3559812873.jpg,4,healthy,a0ca1fec144a5b7b,train
3559842969.jpg,4,healthy,d5a22a48721cd97f,validation
3559981218.jpg,2,CGM,d09339ee12c787f0,train
3560526778.jpg,3,CMD,cc6b6f9083527ac9,train
3560558038.jpg,4,healthy,8c8889f5d9e37127,train
356095707.jpg,4,healthy,818062f77feea950,train
3561069837.jpg,3,CMD,d0f5359c3868ce78,train
3561279698.jpg,3,CMD,d6902a2dc1cfcdcc,train
3561411595.jpg,3,CMD,fce439a1c2e0ecc6,train
3561701886.jpg,2,CGM,c8db0dac64be05d6,train
3561890099.jpg,2,CGM,f4b0a0b9f8c95959,test
3562110262.jpg,3,CMD,94b929975c816a6f,train
3562133791.jpg,2,CGM,9f72013ad918773c,train
3562291336.jpg,4,healthy,b0c13a3a4cf2b13f,train
3562534439.jpg,3,CMD,86971e1a3f96a692,train
3563080812.jpg,3,CMD,8d502e3d727c62b5,train
3563392216.jpg,1,CBSD,874970b75c34c9ce,train
3563506474.jpg,3,CMD,89b33b01b6ad720f,train
3563733619.jpg,1,CBSD,c3fe2226bce364a1,test
356379628.jpg,2,CGM,d0d56fc82b643347,train
3564058701.jpg,4,healthy,ab81ce93918f87e2,train
3564085262.jpg,3,CMD,d26d676e79343182,train
3564216441.jpg,3,CMD,d1b20fe41e13e83d,train
3564557522.jpg,3,CMD,ce9c17f870c7a231,validation
3564758380.jpg,2,CGM,d1fc5a2b54521d8e,train
3564821723.jpg,3,CMD,fbba19156d65052c,validation
3564843091.jpg,3,CMD,98b330fee819dc61,validation
3564855382.jpg,3,CMD,c399614e72f8dc86,train
3565140358.jpg,3,CMD,95921fb83fac0707,train
3565572156.jpg,3,CMD,b60539dd20b637cc,train
3565771004.jpg,3,CMD,bbe852e00bd2c58f,test
3565861174.jpg,3,CMD,93dc5a531be02d4d,test
3566226674.jpg,3,CMD,c1ca7cb3196d9887,train
3566642646.jpg,4,healthy,89b626b97e6c21f0,validation
3566652312.jpg,0,CBB,cf9a33073e782163,train
3567018385.jpg,4,healthy,a9dc073a1cef104f,train
3567077195.jpg,3,CMD,c098b3989ef32fc4,validation
3567260259.jpg,3,CMD,c5b9620f38763c87,train
3567421807.jpg,4,healthy,c6ac0d72334cb799,train
3567455683.jpg,3,CMD,e9867ed09ce41f03,validation
3567504840.jpg,3,CMD,bd463c41f58670f4,train
3567679401.jpg,3,CMD,a7ce48bda1904b6d,train
3567720440.jpg,3,CMD,97ba7dc9298d98c0,train
3567747023.jpg,3,CMD,9d3e6625391b524e,train
356788255.jpg,3,CMD,868f393d4a8a925f,train
3568424320.jpg,3,CMD,d31965d4e80b35ce,train
3568561283.jpg,2,CGM,c5fe22361b79940b,train
3568729258.jpg,3,CMD,819b104f7acef9b0,test
3569608450.jpg,4,healthy,afda5f092d08e1e2,train
3569836367.jpg,3,CMD,93655a6599bf4c03,validation
3570056225.jpg,3,CMD,aac56d2fc0360eb6,train
3570121717.jpg,3,CMD,8dbd1252adc93a47,train
3570493435.jpg,3,CMD,831706d85c996dee,train
3570666116.jpg,4,healthy,db902358c5ab50fb,train
3570668460.jpg,3,CMD,c23e3993a6f9023e,validation
3570893205.jpg,3,CMD,81f83323237475be,train
3570937947.jpg,3,CMD,f3b718998ec03279,train
3571106948.jpg,3,CMD,916cbb5698a66ea2,test
3571158038.jpg,2,CGM,c18f3d2a5e2c4abc,train
3571158096.jpg,3,CMD,b0c12ef121defe28,validation
3571228905.jpg,4,healthy,c0afe10ff0f26e90,test
3571405769.jpg,4,healthy,83503c4b78b7f295,train
3571564283.jpg,2,CGM,b2c8796699a4c33e,train
3571570121.jpg,3,CMD,80ab666a4d4ee8eb,train
3571646827.jpg,3,CMD,919c0e1f8dd96917,validation
357178051.jpg,3,CMD,d42d20b33fc5e619,train
3571866681.jpg,0,CBB,8edad8cc7986287c,train
3571912380.jpg,4,healthy,b6a648b0dbd9d485,train
3572033976.jpg,3,CMD,85af8fa7870f1213,test
3572284920.jpg,3,CMD,95f21f416b2ae41e,train
3572465399.jpg,3,CMD,84fe03fb23705dd0,train
3572608712.jpg,3,CMD,9cea2ebd30062eec,test
3573249940.jpg,0,CBB,9c153d2c6c7e69a8,validation
3573601815.jpg,3,CMD,92af69476446572b,validation
3573857618.jpg,2,CGM,cc79231619e3ceac,train
3574007533.jpg,3,CMD,9eda6d2f2e9040ea,validation
3574308503.jpg,4,healthy,98b743da73923986,train
3574527119.jpg,4,healthy,9ad86c8ef4b2c266,train
3575126062.jpg,3,CMD,e106b31ac9bb4d6a,train
3575313452.jpg,3,CMD,c8caece8e9e8e1a8,validation
3575391896.jpg,0,CBB,f0811f331e236e67,train
3575454686.jpg,4,healthy,d4f43a9d919a7829,test
3575673908.jpg,4,healthy,dab9e5cd2292534c,train
3575732526.jpg,2,CGM,87f109f95a7c0c47,test
3575970076.jpg,3,CMD,8d7d1af46337c00e,train
3575986967.jpg,3,CMD,87d3693669a442eb,train
3576532910.jpg,3,CMD,9bd323850c2f63ec,train
357655527.jpg,3,CMD,926d2a1fe08daaad,test
3576773066.jpg,3,CMD,d62c36197c4f07e1,train
3576795584.jpg,4,healthy,cc3b3ccb2a4e1cc5,test
3576823132.jpg,2,CGM,9258737262de9c9a,train
3577187521.jpg,4,healthy,ff818bfda485a08a,train
3577442172.jpg,1,CBSD,cd8d29c9f6b0496c,train
3577988630.jpg,3,CMD,f374879233ea50a9,train
357815961.jpg,3,CMD,919526da708f662f,train
357823942.jpg,3,CMD,8057d8a674da2bf1,train
3578241644.jpg,3,CMD,97e147323b5f2152,train
3578383260.jpg,3,CMD,9fdc4c2a32d2b64a,train
3578509329.jpg,3,CMD,93e033c658f940ef,train
3578509810.jpg,3,CMD,d98b2263a6d4c2eb,train
357852038.jpg,3,CMD,88b3464c7aed8acb,train
3578719931.jpg,4,healthy,b0976f684997b684,train
3578870027.jpg,3,CMD,c61b4f6c58c3935c,train
3578968000.jpg,3,CMD,c2b76ee005ad8f19,train
3579018611.jpg,2,CGM,e7b03d24964b45b9,train
357924077.jpg,3,CMD,d799719aac94506d,validation
3579477391.jpg,3,CMD,90f167345ac3cb78,train
3579768234.jpg,3,CMD,c59f2893703d07f8,train
3579904762.jpg,0,CBB,c4eb7b01b2b3a1f0,train
3579980941.jpg,3,CMD,c3ee3bb36801b531,validation
3580225233.jpg,1,CBSD,83fc1eb821e1bec1,train
3580388018.jpg,3,CMD,d4dc782bc3cd2817,train
3580451894.jpg,4,healthy,d00f31fcaf70a562,validation
3580781184.jpg,3,CMD,8c774aa0370bedb8,train
3581057203.jpg,3,CMD,feb202c0f49636f2,validation
3581438236.jpg,0,CBB,c3f8fc963990d2e0,validation
3581888901.jpg,2,CGM,f3c008a5d6f7d2c1,test
3581889839.jpg,3,CMD,d742514d0b1fa9da,train
3582052804.jpg,3,CMD,d4bb589b65a7b024,test
3582059053.jpg,3,CMD,d7ac74d1256a0ee4,train
35829857.jpg,3,CMD,d3ca366c3cf04a8d,test
3583015430.jpg,3,CMD,818f7be2e84e2593,train
358323582.jpg,2,CGM,94b67a69d41ea8e1,train
3583520806.jpg,3,CMD,94ba7f62f0712619,train
35835458.jpg,3,CMD,808f3b341e5235f7,train
3583911271.jpg,3,CMD,9bb6339121b4c36d,train
3583970190.jpg,1,CBSD,84d14f2c73297f0e,validation
3584128107.jpg,1,CBSD,d2a116eda4eb0eb8,train
3584346239.jpg,2,CGM,d6c3489625a1f93e,train
3584687840.jpg,3,CMD,fda50b02ef0077d1,train
3585245374.jpg,3,CMD,d1a73cb32d8232ec,train
3585442386.jpg,3,CMD,d3b4439e33df0309,test
3585488682.jpg,3,CMD,df83489fa6bc2078,train
3585984436.jpg,4,healthy,8c1377a6ce9b2670,train
3586284239.jpg,3,CMD,b9ec6234c6268bab,validation
3586867158.jpg,3,CMD,97c23529fac96271,train
3587386761.jpg,2,CGM,dbefb4e1958d1018,train
35875939.jpg,3,CMD,dea42e3c323a2b0f,train
3588105586.jpg,3,CMD,c6716b283d4d5e8c,validation
358823158.jpg,3,CMD,de69401463ec767c,train
3588363246.jpg,4,healthy,dd62303cc7f1988e,train
3588796233.jpg,4,healthy,969c6ce6c30f58f0,test
3588848424.jpg,3,CMD,ad48511d37ca672d,train
3589093765.jpg,4,healthy,d5f261cac8a73626,train
3589106075.jpg,3,CMD,e6c279e688d8cb64,train
3589151807.jpg,3,CMD,88c379374f917456,train
3589202621.jpg,0,CBB,c03dc2c97be30af4,validation
3589203147.jpg,3,CMD,973a5e48332bc6c3,train
3589354639.jpg,3,CMD,a69cd2fb658225c9,train
3589419894.jpg,3,CMD,95d254ae1637a6d2,train
3589688329.jpg,3,CMD,99666b89fd1d4c03,train
3589849323.jpg,1,CBSD,d3852c7a0ea77994,train
358985142.jpg,3,CMD,81856a170cfffc64,train
3589892630.jpg,1,CBSD,81cf7fb885e70aa0,test
3589976431.jpg,3,CMD,80acb2e5fee4a3a2,train
3590297517.jpg,3,CMD,9f9d108f6774d850,train
3590341908.jpg,3,CMD,cfb998cf5a4050b3,train
3590711392.jpg,3,CMD,cb9b7f0c2e98052b,train
3590920692.jpg,2,CGM,a51c69c84bdcb07d,validation
3591344011.jpg,3,CMD,bb999dc22e2c3515,train
3591384657.jpg,2,CGM,8af9732caca42f16,train
3591651493.jpg,3,CMD,d4b125de7e0646c5,validation
3591683248.jpg,0,CBB,c986377df940823d,train
3591786089.jpg,3,CMD,88f86b5478cb1ed1,train
3592412479.jpg,2,CGM,d9c4263635c74673,validation
3593281807.jpg,3,CMD,a7af51575ae8881a,train
3593372059.jpg,3,CMD,95872948659d6b1f,train
3593387125.jpg,3,CMD,b2cbd6639a5a5314,train
3593973663.jpg,4,healthy,aa972e34f1e50b49,train
3594319135.jpg,2,CGM,976b081b692cbd71,train
3594347232.jpg,4,healthy,e9c98d8c5e3253a3,test
3594393384.jpg,4,healthy,ddf340c0f83533b1,train
3594689734.jpg,1,CBSD,c5e9375a788606e9,train
3594707809.jpg,3,CMD,cccc07b764694537,train
3594749275.jpg,0,CBB,d8de662781c859b5,test
3594763599.jpg,3,CMD,cacae0a0e4eeb70e,test
3595436298.jpg,3,CMD,d0b676f0e1ea01cd,train
3595601854.jpg,1,CBSD,b3bb6d6f068541c1,validation
3595772932.jpg,2,CGM,e15814e73a7db4a2,train
3596057855.jpg,2,CGM,d4a2221cc97d7f26,train
3596100932.jpg,3,CMD,d1297a9586d63353,validation
3596488550.jpg,3,CMD,8db63d8662f59648,validation
3596852477.jpg,3,CMD,fb1ea108ab5aef80,train
3596960807.jpg,2,CGM,855639260e1fd6f8,test
3597180880.jpg,3,CMD,8577000995bd777c,train
3597319965.jpg,3,CMD,81c8799e13e4e6ec,validation
359752915.jpg,2,CGM,870f2f1a89179bc5,test
3597631740.jpg,3,CMD,c55a3b76290a4adb,train
3597887012.jpg,3,CMD,ad14231f0afe18ed,validation
3598252026.jpg,3,CMD,ce95480f3d7768e0,train
3598395242.jpg,3,CMD,c2c307c7662e8e1f,train
3598509491.jpg,3,CMD,f0a957b993320975,train
3598862913.jpg,3,CMD,c34d34e236f259d2,validation
359920987.jpg,3,CMD,cabd69563ec021e5,validation
3599676329.jpg,3,CMD,c0b47f4c35b4e625,train
3599843092.jpg,3,CMD,d785e00913fe66b4,test
3600247673.jpg,3,CMD,839cfaaaadb18507,train
360024971.jpg,2,CGM,92a5411f62e7dd98,validation
3600266837.jpg,0,CBB,d1e068c0e3627ef3,validation
3600273120.jpg,3,CMD,819672aeb8bb94c3,validation
360076327.jpg,3,CMD,9e6c869a73932a47,train
3600838809.jpg,3,CMD,c0b452e934cbea73,train
3600904463.jpg,3,CMD,8f9534445b726d4d,validation
3600939032.jpg,4,healthy,d9ecb2563c902eac,train
3601015067.jpg,2,CGM,b3a444ad8ff8a3a1,test
3601095535.jpg,4,healthy,92aa356342e1f877,train
3602005087.jpg,2,CGM,d7ac69432d6d34c8,train
3602124236.jpg,3,CMD,89826d5e69d08e6f,test
3602570969.jpg,3,CMD,d2a57c984a6b67d0,train
3602601818.jpg,3,CMD,84f9438d73ec7a12,train
3602702041.jpg,0,CBB,98b80f0a061df5fb,train
3602788146.jpg,3,CMD,a4a5ff4b82e4c1d8,validation
3602819316.jpg,3,CMD,94e42e262f82b6bb,train
3602830290.jpg,4,healthy,cf98165d33325c4d,validation
3603182788.jpg,3,CMD,f7b80b8618475bcc,train
3603508570.jpg,2,CGM,81de6fac60e1996c,train
360356909.jpg,1,CBSD,c39d6a712da2eb84,train
3604023591.jpg,3,CMD,981c1b3c6813fae7,train
3604550259.jpg,4,healthy,85e93e0b60fd0778,train
3604608395.jpg,3,CMD,8dbf52230b9f3069,train
3604705495.jpg,3,CMD,c6b807c1c3b6c1cf,train
3605605369.jpg,3,CMD,c3cc5c875730513f,validation
3605939235.jpg,3,CMD,81a925adb2a267f5,train
3606039415.jpg,3,CMD,85f8319902f7df09,test
3606325619.jpg,3,CMD,85f20cfab3f41558,validation
3606444660.jpg,2,CGM,9a31276932d3c7d2,train
3606656144.jpg,3,CMD,94ec189b635f2d26,test
3606660804.jpg,3,CMD,d39e2bd4bd704d20,train
3606759049.jpg,1,CBSD,82d92479a65ce796,train
3606832271.jpg,3,CMD,b6e01e6365981acf,train
360692391.jpg,3,CMD,dcbc3d0c12c67999,validation
360706290.jpg,4,healthy,e48b42b425ecf0f5,train
3607083147.jpg,3,CMD,92ec932cab360dec,train
360723691.jpg,3,CMD,d95e648560c2fab3,train
3607291396.jpg,1,CBSD,c5342aa550ed65eb,train
3607705689.jpg,3,CMD,e8f0c0929133bd3f,train
3607739406.jpg,3,CMD,85cb266893ed347a,train
3608078575.jpg,3,CMD,8d932c3d70493f3a,test
3608346654.jpg,3,CMD,fa8605bd4ce93aa2,train
3608399345.jpg,1,CBSD,d0e278859539dce6,train
3608563385.jpg,1,CBSD,c2cd3689ef760992,train
3608578044.jpg,3,CMD,96f3b4cfe41b2680,test
3608785177.jpg,3,CMD,b41a109d8f2fe33c,train
3608836660.jpg,4,healthy,d4859bbaa3268c3e,train
3609064277.jpg,3,CMD,c12c36bbe18ee3a1,train
3609190919.jpg,3,CMD,a5325295ad6b4f54,train
3609231676.jpg,0,CBB,d3d4646be7666844,train
3609260930.jpg,4,healthy,d2ee59662a8b8d51,validation
3609301419.jpg,4,healthy,d6f1191846ed36e4,train
3609350672.jpg,1,CBSD,934c7637269d646c,train
3609442058.jpg,3,CMD,d91a6ca27729b6d0,train
3609593420.jpg,3,CMD,949971bc6394db31,train
3609925731.jpg,3,CMD,97e04fa68e9ba072,validation
3609926287.jpg,3,CMD,904f6cb2b41e197d,train
3609986814.jpg,4,healthy,cc3063dd338f3706,train
3610072266.jpg,3,CMD,d0296bcfa7990659,train
3610554342.jpg,1,CBSD,95e731907c86ae6a,train
3610667873.jpg,3,CMD,83bd75d83a1463e2,test
3610820560.jpg,2,CGM,91a00d4537756fcb,train
3611370404.jpg,0,CBB,8ab53d3b720336e4,validation
3611460254.jpg,3,CMD,c5fef2c0878f2a84,train
3611848629.jpg,3,CMD,d030633a5c8fb7e4,train
3611961543.jpg,4,healthy,b7133b3847964d89,test
36120366.jpg,3,CMD,da6a26e7a114d07b,train
3612093736.jpg,3,CMD,b1b466f601996ec9,test
3612135004.jpg,3,CMD,c788669a78e4bdc2,train
3612201451.jpg,2,CGM,cfdf501a3e462968,validation
3612391519.jpg,4,healthy,818080a5d6ef5f6f,validation
3612685548.jpg,3,CMD,dbf862e2d8994b60,train
361286161.jpg,3,CMD,91c631e319f16dac,train
3612886181.jpg,1,CBSD,bf91c46d3f1090e5,train
3613193696.jpg,3,CMD,91167a1852dacbcf,train
3613374145.jpg,3,CMD,81c87e3f4850d7ce,test
3613383486.jpg,1,CBSD,931e1e860770e7f2,train
3613817114.jpg,3,CMD,d6b569a5b0531a5c,train
3614486203.jpg,1,CBSD,d1fc3eb02341e3e4,train
3614778275.jpg,0,CBB,866b6a9649d543e6,train
3615278412.jpg,1,CBSD,9d985ab636b434d8,train
3615279906.jpg,3,CMD,8fcb3092643763da,test
3615317579.jpg,3,CMD,d1b33632a99c2ecc,test
3615381155.jpg,1,CBSD,cc3378d1bc6c13b4,train
3615848396.jpg,3,CMD,86b0639216f50df7,validation
3615856215.jpg,4,healthy,94bd266b4d4c4dd8,validation
3615932083.jpg,4,healthy,c9d9c5cb79c186c8,train
3616264908.jpg,3,CMD,ded05c1c9ae8da23,train
361657951.jpg,3,CMD,c497236c6947d656,train
3616608533.jpg,3,CMD,856e60633f196ba9,train
3616773582.jpg,2,CGM,95d52eae8694d90d,train
3617067141.jpg,2,CGM,c1fc2f617af18312,test
361728700.jpg,3,CMD,90ce6abb1f469345,train
3617536726.jpg,3,CMD,8adb5bed6aa03186,train
3617547715.jpg,3,CMD,afa436a23b31d714,train
3617701525.jpg,3,CMD,940679b699499ed5,train
3617734118.jpg,3,CMD,d1834a6e7983d669,train
361789228.jpg,2,CGM,d192086fb1b947ba,train
3617925227.jpg,3,CMD,8b8b46581de57935,train
361834940.jpg,4,healthy,d4ac7bcf8516103d,train
3618440101.jpg,2,CGM,859978fbc1223f94,train
3618946483.jpg,3,CMD,c36a6a52b0bfb491,train
3619174521.jpg,3,CMD,d555870949746a9f,train
3619415337.jpg,3,CMD,d3a40e16e9e696d1,train
3619447229.jpg,3,CMD,efef1311ddc20c11,train
3619611335.jpg,4,healthy,cca14c96527971e7,validation
3619673783.jpg,3,CMD,c3ad3ef5613805d2,train
3619872017.jpg,3,CMD,93d66d61f02299dc,train
3620010252.jpg,4,healthy,93b42cd3b49c8d9c,train
362012495.jpg,3,CMD,949ce43b2b2b2f4c,validation
3620351834.jpg,4,healthy,8691a5d9792f07d4,train
3620408034.jpg,1,CBSD,953c3761e627644b,train
3620445770.jpg,3,CMD,d8077939534baab2,train
362056367.jpg,3,CMD,a1eb6bc3355a4934,test
3621100767.jpg,3,CMD,94e66f8d1de17488,test
3621162819.jpg,3,CMD,cd0203e74c7e9a5e,train
3621477021.jpg,1,CBSD,922dad762d966592,train
3621524311.jpg,2,CGM,c9324fba071ec8c7,train
3621652754.jpg,2,CGM,95cb2a65d67a8932,test
3621710176.jpg,4,healthy,86e74b70a539b4b8,test
3621719262.jpg,3,CMD,ddb25d51a15d3a18,train
3621755616.jpg,3,CMD,90e0487a988df76f,test
362190021.jpg,2,CGM,d1a934f179e36c09,test
3622486808.jpg,0,CBB,f1e54d4c7c910b6a,train
3622844742.jpg,3,CMD,cb43c8665fe50a35,train
3623190050.jpg,1,CBSD,ec887b0bbd15e528,train
3623375685.jpg,2,CGM,f1e185fe06f54819,test
3623482214.jpg,3,CMD,9b167a64b74dc223,train
3623486148.jpg,3,CMD,8cb90fc20fde6887,train
362383094.jpg,1,CBSD,9c927cd006e6717e,train
3624397846.jpg,3,CMD,e9a13d987644d31b,test
3624421327.jpg,0,CBB,d7870d410fba29d9,validation
3624585.jpg,4,healthy,94c40997ed85db71,train
3624802208.jpg,3,CMD,ceb0251a3dfe40cb,train
3625017880.jpg,3,CMD,94dac9e515d6941e,test
3625051881.jpg,3,CMD,c5e86987a6b70b46,train
362517802.jpg,3,CMD,80c659ff38632ad5,train
3625681825.jpg,3,CMD,836135a967ce365c,test
3626179883.jpg,3,CMD,c28b6bc0352d17f6,train
3626187971.jpg,3,CMD,dc94ecc2934f9661,validation
3626224621.jpg,3,CMD,d188314b6dd84af7,train
3626400961.jpg,3,CMD,87897ab929932bac,test
3626571313.jpg,3,CMD,c78d70616d9e193a,test
3626614655.jpg,3,CMD,d5ad3e5101bbaab0,validation
3626709069.jpg,3,CMD,d4f090dcfd39249a,train
3626834994.jpg,3,CMD,aedc4a2781db8f18,train
362695786.jpg,2,CGM,d8d9379ec231e8c2,test
3627247947.jpg,3,CMD,c6c688d9dad2d2d1,train
362737838.jpg,3,CMD,a11f77da3381d815,test
3627502987.jpg,3,CMD,88f976626be5d484,test
3628530406.jpg,3,CMD,85b62fa136a3ec64,train
3628771349.jpg,1,CBSD,c32a637c9547d269,train
3628996963.jpg,4,healthy,93ff39cc28e033c4,test
3629348411.jpg,3,CMD,d1db06eb09789d62,train
362952900.jpg,3,CMD,8cd74bc832fe03ac,train
3630015138.jpg,1,CBSD,8dfb7d9034147d22,test
3630227153.jpg,3,CMD,f3e5252cf1a60d58,validation
3630255820.jpg,3,CMD,f13501463ce58df9,train
3630310282.jpg,3,CMD,d9c904ee6e9e4896,test
3630665946.jpg,4,healthy,c8837f7c32415d8d,train
3630818125.jpg,3,CMD,c08b2d7497da90cf,train
3630824057.jpg,3,CMD,84fd10473ba26be6,train
3631173203.jpg,2,CGM,e7282c942bdee05e,validation
3631281208.jpg,3,CMD,ea163e4e50273357,train
3631344439.jpg,3,CMD,9ee44ae15c597790,validation
3631359549.jpg,3,CMD,c58b7d4c1465666e,train
3631877554.jpg,3,CMD,c77c69f3629412a3,train
3631962148.jpg,3,CMD,85a6aee4fce64740,train
3632711020.jpg,3,CMD,c39a4c573bac90d3,train
3633084327.jpg,3,CMD,85d3667fa31ec130,train
3633249375.jpg,3,CMD,c3925cc70e8e3877,validation
3633380986.jpg,4,healthy,c69c78326d6724d3,train
3633484440.jpg,3,CMD,d5f14b5c04ae36aa,train
3633505917.jpg,2,CGM,879a65b3a45720fc,validation
3633530356.jpg,3,CMD,80b27d522c9399df,train
3633631625.jpg,4,healthy,817f12ee24f02fa3,train
3633769528.jpg,3,CMD,8ce1729b3486d1e7,train
3634020849.jpg,4,healthy,98e824b97b2126df,train
3634041994.jpg,1,CBSD,c81a70e8cebe5c66,train
3634094582.jpg,3,CMD,c9c9612f06b0ed9e,train
3634180437.jpg,3,CMD,8ee1e4f465cc4d98,validation
3634357776.jpg,4,healthy,f79e4ed463300273,train
3634361180.jpg,3,CMD,983061f7f64f0627,train
3634822711.jpg,2,CGM,80be1b3e6d847996,train
3634843546.jpg,3,CMD,9bb83eb1b4616643,train
3634957874.jpg,3,CMD,849b35a68feeb412,validation
363497551.jpg,3,CMD,93927b1c5dde2c05,train
3635315825.jpg,3,CMD,947e0fc04f727334,train
3635783291.jpg,3,CMD,fecd4d506236344d,train
3635870628.jpg,3,CMD,8cd97b692164ad0f,train
3636294049.jpg,0,CBB,8e954662cb9f68a9,train
3636364733.jpg,1,CBSD,d5b16b6e94943836,test
363639242.jpg,3,CMD,d98e4cb273341e39,train
3636648343.jpg,3,CMD,82817efe1df1069a,train
3636744360.jpg,3,CMD,d4e72aa49696ba86,train
3636807150.jpg,3,CMD,99b371b1260c6dc7,test
3636873900.jpg,4,healthy,8ecd4c9c991c39f1,train
3636948632.jpg,2,CGM,8c0ece0f9f8329f1,train
3637072824.jpg,2,CGM,86973b5a51555e45,train
3637314147.jpg,3,CMD,d3f220dcf30fc292,train
3637332157.jpg,3,CMD,84f9638f18dcf740,train
3637370040.jpg,3,CMD,9a4c2cda3b8c56ad,train
3637416250.jpg,1,CBSD,c40c52b856dba3be,train
3637527280.jpg,0,CBB,c0833f5983a3de0f,train
3637589170.jpg,3,CMD,d0e35f59278e7188,train
3638122648.jpg,3,CMD,d9a6301f3de11768,train
3638262712.jpg,3,CMD,86f47d0929e91d71,validation
3638291703.jpg,3,CMD,d5ca2ee0c8faaa25,train
3638322339.jpg,4,healthy,8c972dd556f51318,train
3638899737.jpg,1,CBSD,c1dd07246c3afe70,train
363909221.jpg,3,CMD,a3dd312dbd225163,train
3639594578.jpg,3,CMD,83d8073f4d966b1a,train
364035626.jpg,3,CMD,d193f391f5e99440,train
3640588854.jpg,4,healthy,85a67a2d2d98f896,test
3640609321.jpg,3,CMD,9e832b9de2d82955,train
3640776569.jpg,1,CBSD,d3d53063fff48202,train
3641010137.jpg,1,CBSD,97c5c652b1b59386,train
3641844972.jpg,3,CMD,8c9b06070ae75aef,train
3641913937.jpg,3,CMD,c7b8673c57c1941a,train
3641985438.jpg,2,CGM,9663175c258f18f5,train
3642529029.jpg,3,CMD,c1bf341ce4273b31,train
364253152.jpg,4,healthy,c5632c2f728d23bc,train
3643017082.jpg,4,healthy,c68e604fadde0758,test
3643032888.jpg,0,CBB,ac958acbdda51552,train
3643168529.jpg,3,CMD,d2ca279d726d6407,validation
3643261845.jpg,4,healthy,88d5775b7c081a6d,train
3643332812.jpg,3,CMD,90c8462fdad7b552,train
3643428044.jpg,3,CMD,c9896f15d7b5b060,train
3643480526.jpg,0,CBB,c19c2ea627db019f,test
364372778.jpg,2,CGM,d5180a7507c27f3d,train
3643749616.jpg,3,CMD,8df077cf162c8da0,train
3643755636.jpg,3,CMD,89e25b967a54a61b,train
364424510.jpg,3,CMD,b4d24a3e157a4c57,train
3644271564.jpg,3,CMD,94b3383e8ec94db4,validation
3644380116.jpg,3,CMD,90660f9f788de6c2,validation
3644516431.jpg,3,CMD,96934fd1da93cc41,validation
3644532063.jpg,3,CMD,c9b32b52cf314a1e,train
3644657668.jpg,3,CMD,d69225f43b5f41c1,test
3644704769.jpg,3,CMD,d4a33f3e2939604e,train
3644786375.jpg,3,CMD,b61bcbcd6ec11328,train
3644897265.jpg,3,CMD,d623f698268d0fb1,train
364494537.jpg,3,CMD,c2eb66be5c093689,train
3644947505.jpg,2,CGM,ccb32ef82688706f,train
3645203518.jpg,3,CMD,94cc7243e8ecd6d2,train
3645241295.jpg,1,CBSD,c88b2ba3b3fb40b1,train
3645245816.jpg,2,CGM,c2bd5a832f1c722b,train
3645381564.jpg,4,healthy,d3a365c466525bca,train
3645419540.jpg,2,CGM,8c8f3dd4c5cea8a4,validation
3645775098.jpg,0,CBB,929275aca94f1c9e,train
3645813895.jpg,3,CMD,97579638292741ed,validation
3646158543.jpg,3,CMD,849667996c7b49ca,train
3646458335.jpg,3,CMD,d68d3c9867ed4d20,train
3646738568.jpg,4,healthy,edd623a8995162a7,train
3646752638.jpg,3,CMD,9ffa60a7881c9a39,train
3646934132.jpg,3,CMD,95c66bf421a77c90,validation
3647124621.jpg,1,CBSD,c5a2300d1ffc787a,test
3647297248.jpg,3,CMD,97e91b0783833f4c,train
3647482405.jpg,3,CMD,c0e7597d4c2487d3,train
3647655176.jpg,3,CMD,87bc02957713f1e2,train
3647699133.jpg,2,CGM,d3d034a3475ef8e0,train
3647735432.jpg,3,CMD,813a572ee5ef4a41,train
3648712643.jpg,3,CMD,d9bb13dd3c4d5500,train
3648737263.jpg,2,CGM,ddb22d9403ecd94c,train
3649128911.jpg,3,CMD,b4a4cef93cc8c625,train
3649285117.jpg,1,CBSD,d6a95d894e2c4ae6,train
3649693860.jpg,0,CBB,99d2672d49726c99,train
3650033539.jpg,2,CGM,9db26c8ee0d232ad,train
365063197.jpg,3,CMD,92fe4919e4f1186b,train
3650775304.jpg,2,CGM,80f5ea257d2bb84a,train
36508013.jpg,3,CMD,db83ba81e5093c7c,train
3650945359.jpg,0,CBB,ced631c19990733b,train
3651348948.jpg,3,CMD,94031df330e35ee6,train
3651447352.jpg,4,healthy,c4a83b5bc6e83d15,validation
3651722659.jpg,3,CMD,c8f02fe35add428c,train
3651922136.jpg,3,CMD,c6d2272a6557a995,train
3651930392.jpg,3,CMD,84f524c7364f3e1a,test
3651958252.jpg,3,CMD,8db574c768599664,validation
3652003929.jpg,3,CMD,98bc98999c78db4c,train
3652033201.jpg,1,CBSD,95ce6a3395cc6a32,train
3652093161.jpg,1,CBSD,c6cc697243a70797,train
365212553.jpg,3,CMD,91e00f3f059c1f2f,validation
3652439351.jpg,3,CMD,cc1f73440b2da7b8,train
3652447934.jpg,0,CBB,d7fb10d1a4038c7e,validation
3652677598.jpg,3,CMD,837365616a2ead5a,train
3652860388.jpg,3,CMD,e2ae27d454876bc4,test
365293292.jpg,4,healthy,cdda402e2416ff0f,validation
3653076658.jpg,4,healthy,8cdc6c657171b7a0,train
3653109500.jpg,3,CMD,847e7149a3b56ca9,train
3653286071.jpg,0,CBB,f9810f3a71734353,train
3653409238.jpg,3,CMD,c6ad3328f1cc2795,test
3653619329.jpg,4,healthy,d4a07cd9ea5c18b9,train
3654485108.jpg,3,CMD,8c9366b79ae43e22,train
3654524052.jpg,2,CGM,c9740eb9928ebcc3,train
3654735645.jpg,1,CBSD,ee3e7988527912d2,train
365488535.jpg,1,CBSD,d8e4c9d33c5594f0,train
3655257116.jpg,2,CGM,daf330eb4506d14d,train
3655347834.jpg,3,CMD,c8bb6554710f7742,test
3655511142.jpg,2,CGM,8eb33c63656671a2,train
365554294.jpg,2,CGM,f48859996326ecdc,train
3655868207.jpg,3,CMD,98850fab44da8f1f,train
3655961680.jpg,3,CMD,88d73b5642b72473,train
3656044201.jpg,3,CMD,ca1d752d3624e8b6,validation
3656310012.jpg,3,CMD,944b61c696dadb49,train
3656334422.jpg,3,CMD,85856d85e5a1e66b,train
3656419119.jpg,0,CBB,d0a17ada0f56630f,test
3656581158.jpg,3,CMD,879e6a9125496bb5,train
3656627426.jpg,3,CMD,8c270e621e1eef8e,train
3656932751.jpg,3,CMD,86ae55eb51315e64,train
3656998236.jpg,1,CBSD,d4c12e36dd4c1778,train
365712595.jpg,1,CBSD,9589640f7dbb0393,train
3657702836.jpg,3,CMD,d4997a6993293966,train
3658178204.jpg,3,CMD,94ef37330307f0a9,train
3658421599.jpg,3,CMD,94a143c2287fb6eb,validation
3658513961.jpg,2,CGM,c7e83bcbe829c861,train
3658535011.jpg,4,healthy,91be6d94780b56ca,train
3658819051.jpg,3,CMD,99e67319014cbd37,train
3659088750.jpg,1,CBSD,85b9201f8fc5e85e,validation
3659739302.jpg,2,CGM,d9f450a370b0df68,validation
3660043858.jpg,0,CBB,9df3219f88692794,validation
3660194933.jpg,3,CMD,89e72e21678a1f3c,train
3660495903.jpg,3,CMD,94f149cd51f833a6,train
3660503479.jpg,3,CMD,9ae6230d59f8d685,train
366050903.jpg,3,CMD,8884696d269b557f,test
3660846961.jpg,4,healthy,8961276ed1cdcf06,test
3660919522.jpg,3,CMD,86d32a2c25d6bf29,validation
3660965690.jpg,2,CGM,96cf24cd450f7991,train
3660982576.jpg,3,CMD,d0a55ac72d6231bb,train
3661246371.jpg,3,CMD,ec3367ad2b8619c2,train
3661832136.jpg,2,CGM,99b2541f69e369b0,train
3661855694.jpg,3,CMD,96e8270a3c5bcad5,validation
366195058.jpg,3,CMD,c5ec23f724c9ac43,train
3662018109.jpg,4,healthy,c7be25d70324d545,train
3662625055.jpg,3,CMD,d5524d61675b78a4,train
3662748819.jpg,3,CMD,8ef4332718292b7b,train
3662840429.jpg,3,CMD,9d3c6e43883be3c4,train
3662919995.jpg,3,CMD,9ee10ef98e1203b7,train
3662975294.jpg,3,CMD,aca5e382d7c9d851,test
3663085773.jpg,3,CMD,9cb8546e6a65455b,test
3663138135.jpg,3,CMD,dae19d307e180fe1,train
3663205279.jpg,3,CMD,d81c870616f74ce7,train
3664108047.jpg,3,CMD,e14121cbed838ff8,train
3664478040.jpg,4,healthy,d1e32a2412bdd6da,train
3664608014.jpg,3,CMD,a4d12bce3d3b6234,train
366475437.jpg,3,CMD,d0e91bb0299becc9,train
3664934784.jpg,3,CMD,d4e13dc07bf8121e,test
3665275868.jpg,3,CMD,d5cb3c523dd18a49,test
3665306245.jpg,4,healthy,c4973f131f05c7e0,validation
3665324057.jpg,3,CMD,867f3bc831c9ac92,validation
3665766829.jpg,3,CMD,9a34774cb869cf44,train
3666308381.jpg,3,CMD,9bd935435b3170c5,train
36663927.jpg,3,CMD,dd332ca12e77454a,validation
3666469133.jpg,3,CMD,c0823e9e437bf855,test
3666803306.jpg,3,CMD,8fc0687b17c1cf2a,validation
3666805736.jpg,3,CMD,c5802b961b597f27,train
3666834091.jpg,3,CMD,dea52cdaf0ac1938,train
3667237103.jpg,3,CMD,fafca8d0812547ba,train
3667619405.jpg,4,healthy,a314b06bc323deb5,train
3667636603.jpg,3,CMD,813a2eb3b6924f2d,validation
366838317.jpg,0,CBB,d1c32e533514f636,train
3668854435.jpg,4,healthy,d3ad299e921f2949,train
3668890746.jpg,2,CGM,98a0274f9b396e0f,train
3669244109.jpg,3,CMD,c5cc6fe502a7152b,train
3669617106.jpg,3,CMD,958220f2e1e5fc4f,train
3669979796.jpg,2,CGM,91401b6e9a2f55de,train
3670039640.jpg,3,CMD,d4e278dc9e4d8e03,train
3670188705.jpg,4,healthy,c4693719e6ca3935,validation
3670288988.jpg,3,CMD,c5b15a346f9295c9,validation
367042340.jpg,4,healthy,c886ee9f37804b99,train
3670635448.jpg,2,CGM,d22e71d518b2b53c,train
3670733580.jpg,3,CMD,88942da55e4e96af,test
3670821722.jpg,1,CBSD,c5a73e51359e03c3,train
3671009734.jpg,3,CMD,96e839179e7a2274,validation
3671270578.jpg,3,CMD,84ab6ec63337a923,train
3671497223.jpg,3,CMD,898f85a1ebbfac10,train
3671711005.jpg,3,CMD,d69832a5301fa76e,train
3671786743.jpg,3,CMD,f6c46230fe25e1a6,train
3671992135.jpg,2,CGM,83c23f3a5ca3c82f,train
3672037226.jpg,3,CMD,94da05394e3ef0e9,train
3672292589.jpg,3,CMD,c8e7149c2b78875b,validation
3672364441.jpg,3,CMD,8587270e2d7e1e2e,train
3672385003.jpg,4,healthy,f2cc04249f837a3f,train
3672574295.jpg,3,CMD,97b47239a4c32da6,train
3672575801.jpg,2,CGM,843b50ab9d42bcee,train
3672629086.jpg,3,CMD,86846fdf430ee12d,train
3673046362.jpg,3,CMD,960f1d7ca511e2f1,train
3673168571.jpg,2,CGM,c8d3386e1d61cb99,test
3673362357.jpg,3,CMD,d251780f69bbc0ce,train
3673489781.jpg,3,CMD,83dc6692f26c25a7,test
3673540918.jpg,1,CBSD,d0a7473574c1a7b1,train
3674280452.jpg,4,healthy,d39c36c64b47c325,validation
3674354159.jpg,0,CBB,94eb7346cb991c38,train
3674440571.jpg,3,CMD,b5c15cba02b76ba4,train
3674636373.jpg,3,CMD,938806f2ea353e6d,test
367487965.jpg,3,CMD,90a13dfd7c1b0b0b,train
3674975223.jpg,3,CMD,a48f94f8821f5e4b,test
3675230616.jpg,3,CMD,93ecc33ec039b196,train
3675527864.jpg,3,CMD,e5e249e530743fc2,train
3675661095.jpg,1,CBSD,9fa81eb0cb680eea,train
3675828725.jpg,3,CMD,85cd72323f1a2ccd,train
3675829567.jpg,4,healthy,d0c878bd2d1e4bc6,train
3676057452.jpg,0,CBB,d1f92e2c2595d3c2,train
3676238683.jpg,1,CBSD,d5e52bc3029325f9,train
3676307859.jpg,4,healthy,c1ce3a91f2f45265,train
3676426779.jpg,2,CGM,992a175b1a65e9e4,train
3676581137.jpg,3,CMD,958d722ab690b96b,validation
3676698825.jpg,2,CGM,c17679858f8936c9,train
3676798253.jpg,3,CMD,d145343b3c7ca2cb,test
3676837791.jpg,3,CMD,c299131c5d9cbea5,validation
3676852204.jpg,1,CBSD,d02d355c83571df2,test
3676902854.jpg,3,CMD,c4b87ba8433d7a85,train
3677086623.jpg,1,CBSD,99bab88da42765a9,train
3677212401.jpg,3,CMD,d1c273f0a1f3e0e4,train
3677539514.jpg,1,CBSD,919e64d77b610b68,test
3677912635.jpg,4,healthy,b2be3c901bada591,train
3678227473.jpg,3,CMD,da250b6ac22cfd35,train
3678230189.jpg,1,CBSD,96d2298b7fe56424,train
3678345339.jpg,3,CMD,dc235deac1ceb411,validation
3678571048.jpg,3,CMD,9bdf636115016a5e,train
3678773878.jpg,1,CBSD,aea9c3c3c2ae5705,validation
3678880730.jpg,3,CMD,8fda42857cd2c2c7,train
3680354956.jpg,3,CMD,e3a84e32546cc3d7,validation
3680669935.jpg,3,CMD,9f242adc18cd36e5,validation
3680677373.jpg,3,CMD,8af4e09cdec9a923,train
3680730549.jpg,4,healthy,92f2b066d2da96c3,train
3681083835.jpg,3,CMD,c3ec71911d6e0e99,train
3681935423.jpg,3,CMD,c1a4117c69f349fc,test
3682147172.jpg,3,CMD,918d3c8663d75b45,train
3682266975.jpg,0,CBB,8ad136a4ee66393a,train
3682710170.jpg,3,CMD,959a3d31295366e6,train
3682818502.jpg,3,CMD,85c7747052b2b799,train
3682980457.jpg,4,healthy,94d3d5388cb49e1e,train
368337049.jpg,3,CMD,c41b6ce633b554d2,train
3683478663.jpg,3,CMD,c4e11e9966de0cb6,test
3683714600.jpg,2,CGM,b0987e98d7672236,train
3683884881.jpg,3,CMD,80cf766472e3175c,validation
3684209409.jpg,1,CBSD,8d091393e7eb079c,train
3684580496.jpg,2,CGM,cdb4359ec79e0514,train
3684621874.jpg,0,CBB,9dd5332304ab2fb1,train
368507715.jpg,3,CMD,93b734e4a49dd8a2,train
3685314761.jpg,3,CMD,817b855cfa0e0eb3,train
368553798.jpg,3,CMD,92e933ae69e45aa4,train
3685763970.jpg,3,CMD,d1e72eca3394683a,train
3686160950.jpg,3,CMD,91c96cda6317cd70,train
3686283354.jpg,0,CBB,c3b0491f4f283fac,train
3686560599.jpg,3,CMD,886e2be5ee13ad09,test
3686939079.jpg,3,CMD,d5f26fa511824b4d,train
3687069352.jpg,1,CBSD,917469c5deab2558,train
3687362461.jpg,3,CMD,96d5269271f94c63,test
3687403120.jpg,2,CGM,98b4483b736ccbca,train
3687481214.jpg,3,CMD,a1a35c9407ec74bd,train
3687520197.jpg,4,healthy,c2ad77645e6a00f9,train
3687557580.jpg,0,CBB,b8858f42953d2afc,train
3687654955.jpg,3,CMD,9ec1762d1b1a4dc3,train
3687667078.jpg,2,CGM,ca9288414bfcffa1,train
3687904505.jpg,2,CGM,c1ca4fdb3a2770b0,train
3687946395.jpg,3,CMD,d7a53c33e5980b58,train
3688162570.jpg,3,CMD,d3cc2b3f76422ce0,validation
3688511498.jpg,3,CMD,958042cbd1dda6ee,validation
3688529022.jpg,3,CMD,96e4139a9bc20baf,test
3688735381.jpg,4,healthy,d5b0a4dc85c3fc29,test
3688869074.jpg,2,CGM,d08f36c2e30e44bf,train
3688916094.jpg,3,CMD,c3fc132bf01e706c,validation
3689152514.jpg,3,CMD,9ac54e9d6eb170b0,validation
3689405740.jpg,3,CMD,91d32ecdc07d629a,train
3689465564.jpg,2,CGM,c1a71e5ce1c8479b,test
3689510990.jpg,3,CMD,8a712f1887f868cf,train
3689683022.jpg,3,CMD,85c63f35c2ca2f32,train
3689984405.jpg,1,CBSD,a2b1c6b7aab8570c,test
3690342005.jpg,3,CMD,c85e26282d9357de,train
3690344678.jpg,3,CMD,81c652776fe9ad10,train
3690402479.jpg,2,CGM,db8f4189be5864ac,train
3690485201.jpg,3,CMD,93ac49ce57c09d72,train
3690823078.jpg,3,CMD,c0a45f3a6d5a251f,train
3690824385.jpg,3,CMD,c1f17bb9601263e9,validation
3691200692.jpg,4,healthy,83ae68d2d893f4f0,train
369159418.jpg,2,CGM,a0f96df473a51324,train
3691713746.jpg,3,CMD,8889e1dbf2e263c6,train
369175053.jpg,1,CBSD,d8cf2749643d863c,train
3691870719.jpg,3,CMD,c9fd314f8b32268c,validation
3692116146.jpg,1,CBSD,d9e9670db80ae30d,train
3692342611.jpg,4,healthy,cc6c37b30333550f,train
3692346350.jpg,3,CMD,8a976a9256b2c6ce,train
3692357386.jpg,3,CMD,d4ce3a4baed88127,train
3692384287.jpg,3,CMD,94e347ec7e272891,train
3692595571.jpg,4,healthy,d5b5c95076e66464,train
3693124692.jpg,2,CGM,98ca4ee92585b6dc,train
3693127282.jpg,0,CBB,c3e7668cd870cc95,train
369335156.jpg,3,CMD,80ffc7007fce9c05,train
369340710.jpg,3,CMD,dead5289065c3ec9,test
369349787.jpg,1,CBSD,c6f938146a2d0edb,test
3693752040.jpg,4,healthy,8cda3b03a06cce7e,train
3694251978.jpg,4,healthy,8d31338ed0d373e8,test
369451134.jpg,3,CMD,c3172c8f134eee13,test
3694686793.jpg,1,CBSD,85c1da1e1efe24b4,validation
3695063777.jpg,3,CMD,8c9d67e08f383c63,train
3695423491.jpg,3,CMD,84e97a366bee3222,train
3695666030.jpg,4,healthy,9c8c27b0365b43f9,train
3695696358.jpg,3,CMD,95b93efa0d7a0c12,train
3696011777.jpg,3,CMD,89d5025a6f7b1a69,train
3696122433.jpg,3,CMD,849395a652d5cd6b,train
3696174560.jpg,3,CMD,91f3a4dc66ec070b,train
3696623684.jpg,2,CGM,e1c0b3ae1e2dd847,train
3696677446.jpg,4,healthy,c7f964d02bad344a,train
3697082770.jpg,4,healthy,966b3a7acc863c52,validation
3697315680.jpg,3,CMD,d9c2a0b25b92dae9,train
3697955919.jpg,2,CGM,cab2227b79d98f01,train
3698020177.jpg,3,CMD,debf04a834c3be88,test
3698178527.jpg,3,CMD,911807fc2bcf1ab3,train
3698265838.jpg,3,CMD,983c3371e6c3f826,train
3698317719.jpg,3,CMD,85c46bb26b092f5d,train
3698517734.jpg,1,CBSD,9bf532b4124ad4cb,train
3698640204.jpg,0,CBB,d0deeba01ef28c1c,test
3698876668.jpg,3,CMD,80c47ccf77a3701e,train
3699018572.jpg,3,CMD,d6a85695aa966b25,validation
3699134466.jpg,3,CMD,b6b723cac0e458bc,test
3699200152.jpg,3,CMD,85db681f71932cd2,train
369948630.jpg,4,healthy,b0274fe1a24fd2b2,train
3699512087.jpg,3,CMD,c3f37e223a93640d,train
3699866059.jpg,0,CBB,92fc628c35c62ef1,train
3699953741.jpg,4,healthy,fde420d9ad28b4d1,train
3700116723.jpg,3,CMD,ca296dca8af5584e,train
370015561.jpg,3,CMD,ceee6892ce896c70,train
3700174408.jpg,3,CMD,cdb6dd5820d08f27,train
3700407204.jpg,3,CMD,87b63f32131d3d09,train
3700452393.jpg,2,CGM,c1f81fb6e98b4381,train
3700981956.jpg,3,CMD,bf605629851a775a,test
3701326787.jpg,3,CMD,94f87848fd8d3652,validation
3701689199.jpg,3,CMD,ccc1c3e4e1b1c6cb,train
3701789990.jpg,3,CMD,8587b7eca653e304,train
3701977874.jpg,2,CGM,87182e77506fc58e,train
370212092.jpg,3,CMD,894d344f2d772f11,train
3702249794.jpg,1,CBSD,b9896ac85a4edca6,train
370235390.jpg,3,CMD,931ccd206ef04bdd,test
370259981.jpg,3,CMD,dda6513d4c621eb1,train
370269140.jpg,0,CBB,c5af413fc2294af4,train
3702701044.jpg,3,CMD,9d8774d30fbd8281,train
3702802130.jpg,3,CMD,f6197bc43816c1f2,train
3702831900.jpg,1,CBSD,c7c7296b47c64643,train
3703003342.jpg,4,healthy,dcd723c9836b141e,train
3703204136.jpg,4,healthy,fad8274e391e2255,validation
3703439317.jpg,4,healthy,d8ae7d682f57041a,train
3703473258.jpg,3,CMD,82bc2312fd47d84f,validation
3703652563.jpg,3,CMD,c5b75a2612c3a793,train
3703884740.jpg,1,CBSD,949e19d05aacecb5,train
3704210007.jpg,4,healthy,d331e4e43bba054e,train
3704493951.jpg,3,CMD,d0f617a9684e8fb0,train
3704495122.jpg,3,CMD,d06ba1278ec59e3a,validation
3704585541.jpg,3,CMD,c9667b98941c5de8,train
3704646396.jpg,2,CGM,94ac2c8575979ba3,train
3704692183.jpg,2,CGM,c696267a6a29f8d4,test
370481129.jpg,2,CGM,add412ba9501597f,train
370523815.jpg,3,CMD,c6b582da389dbc25,train
3705669883.jpg,3,CMD,80257e7474d3a75c,train
3706807921.jpg,3,CMD,d6b7791b398d240a,test
3706939010.jpg,1,CBSD,c6bb23d4133c4a9b,test
3707322639.jpg,4,healthy,c5ed3d5851331e62,train
3707541990.jpg,3,CMD,853a39cecea14bd8,validation
3708133019.jpg,3,CMD,82cb585a57ccc9b5,train
3708168447.jpg,3,CMD,80cf3c9a6fd348a5,train
3708222016.jpg,3,CMD,cc732f5c38868df0,train
3708475076.jpg,1,CBSD,82d129d10f1a7f8f,train
3708503700.jpg,3,CMD,9aba2dc187c0e94f,validation
3708517022.jpg,3,CMD,d198269361e93bdc,train
3708519833.jpg,3,CMD,f2ec8ba7908c6f44,train
37085998.jpg,3,CMD,d9626ce128ae3b8e,validation
370864639.jpg,3,CMD,c09c7a62bfcd8456,train
3708657911.jpg,0,CBB,c6d877893ab01a5b,train
370886609.jpg,0,CBB,cebe70d3cd682116,validation
3708923477.jpg,0,CBB,99c1945721f50fad,train
3709090088.jpg,4,healthy,85af67f868469c07,train
3709091678.jpg,3,CMD,a47a6a96a49a679a,validation
3709241873.jpg,4,healthy,906c2b8beeb268ab,train
370935703.jpg,4,healthy,85367a697ea464d4,train
3709602808.jpg,3,CMD,9ccf7a975114aa70,test
3709699332.jpg,3,CMD,84b3126477792ed3,train
3709879391.jpg,3,CMD,cdb42e2f346c664a,train
370989494.jpg,3,CMD,c4df2e1e19a694b1,train
3710070887.jpg,1,CBSD,fd30270d4b8540ff,test
37107374.jpg,3,CMD,80ee68d9955b3176,train
3710947953.jpg,4,healthy,e658a3a468a74caf,train
3711452150.jpg,3,CMD,9bb910e8f77c421a,validation
3712064465.jpg,3,CMD,b4ac29c8fa5ae3a2,validation
3712227336.jpg,4,healthy,c9b7657c0e095b94,train
3712541551.jpg,3,CMD,b9b1b399434522bb,train
3712630265.jpg,3,CMD,9c6b1c6b3c63c26c,train
3712647499.jpg,3,CMD,c2dd7d6037f10e24,train
3713078726.jpg,3,CMD,d0be61d027e10f57,validation
3713275710.jpg,3,CMD,d9892b93791aab25,validation
3713301383.jpg,4,healthy,c9fb38a368934678,train
3713615029.jpg,3,CMD,81173949035e7cdf,train
3713675255.jpg,4,healthy,96c5295276e9191f,train
3713723345.jpg,3,CMD,f3b5660635863b45,train
3713964400.jpg,3,CMD,e9926d960b6d32c9,train
3714061123.jpg,1,CBSD,ca8a69653670734f,test
3714119135.jpg,3,CMD,c0b94a246fbd5d45,train
3714160036.jpg,3,CMD,98f44c86a336b733,validation
3714169299.jpg,4,healthy,91e814ae9e676e29,train
3714240352.jpg,1,CBSD,84d8666ef22d6d34,train
3714324600.jpg,4,healthy,c08f2f34f0bbc389,validation
3714369192.jpg,1,CBSD,c460232f705fad6b,train
3715131346.jpg,3,CMD,c5ce259b393bb850,train
3715145802.jpg,3,CMD,dbd36b471d1384c2,validation
371516838.jpg,3,CMD,daec06d10d77c31a,train
3715474986.jpg,3,CMD,8a6a6b62b5178f62,validation
3715727081.jpg,3,CMD,8e487a1fede74580,test
3715862925.jpg,3,CMD,ffd0d4a0004e8fb7,train
3715871015.jpg,2,CGM,fbc4085b4cc771e2,validation
3715954473.jpg,0,CBB,eac0458dfd54168f,test
3716217884.jpg,4,healthy,ec8f3b90b8914bca,train
3716234980.jpg,3,CMD,cf30218ffcc2039f,train
3716704922.jpg,2,CGM,da5c379681397ad0,train
3717326513.jpg,2,CGM,8d9222b4c7c9337e,train
3717454916.jpg,3,CMD,d196387ae58326f1,train
3717600910.jpg,3,CMD,c1da6ea189393fa1,train
3717608172.jpg,2,CGM,d4b160612a4b6eef,train
3718181565.jpg,1,CBSD,c4f13ad82ca50bdb,train
3718305933.jpg,3,CMD,ac4a6e6b53943635,train
371833279.jpg,3,CMD,87981cace2b5e7b0,train
3718347785.jpg,2,CGM,c3c47add26093cb9,train
3718607150.jpg,3,CMD,988a26f69a251f4f,test
3718724098.jpg,1,CBSD,d78972757a60cf80,train
3718766738.jpg,3,CMD,c3da3a594ec71938,validation
3718836957.jpg,3,CMD,81816a1c3ffd995c,train
3718912418.jpg,3,CMD,81ff5189719b2617,train
3719058586.jpg,3,CMD,87db4b21734a96d4,train
3719137724.jpg,3,CMD,d5136e0db3989e62,test
3719374465.jpg,0,CBB,8183f8df23c7d381,train
3719586023.jpg,3,CMD,c49b377cd20fa8b0,train
3719761839.jpg,1,CBSD,d16f2aeaea826166,train
3720115396.jpg,3,CMD,d8ce66e9e4361986,train
3720190596.jpg,3,CMD,d2ef3c960d94638c,train
3720319782.jpg,3,CMD,c4333c9ac9f309ec,validation
3720322849.jpg,3,CMD,81df68cc34dcb127,test
3720541939.jpg,2,CGM,d6c6aa1e9c871751,validation
372067852.jpg,3,CMD,81e55bcfb71a2509,train
372080564.jpg,1,CBSD,dcc32d643e2bb584,train
3721204026.jpg,1,CBSD,85ba2756accd7911,train
3721479850.jpg,3,CMD,81ff4216fc23613b,test
3721821118.jpg,3,CMD,9c943a1e6f67948c,train
3721951548.jpg,3,CMD,95f473d0a997c298,train
3722009865.jpg,2,CGM,f8877b871dd040f4,train
3722195548.jpg,3,CMD,c5a97f86d0073e70,train
3722323275.jpg,3,CMD,c1e22dbe13af0a8e,train
3722449524.jpg,3,CMD,9dc95f7658036992,train
3722626623.jpg,1,CBSD,8299276de2c26dab,train
3722716856.jpg,3,CMD,9cdb6e80dec56146,test
3722748660.jpg,3,CMD,d7a82206ac8fe6cb,train
3722801350.jpg,3,CMD,b80420cb9b4edd7b,test
3722905230.jpg,3,CMD,c8cb0fcf4cb031f4,validation
3723127234.jpg,3,CMD,c5c43eec3c7994c4,train
3723227529.jpg,4,healthy,c29c739ce2977027,test
3723247572.jpg,3,CMD,8fb632af711b6205,test
3723277603.jpg,2,CGM,c4bb6e26eba51262,train
3723613666.jpg,3,CMD,fcc55a2582c99d72,train
3723972821.jpg,3,CMD,c9cc4ce32ff80761,train
3724163879.jpg,2,CGM,81de266b5c735cc4,train
3724194878.jpg,0,CBB,9e48616fb486db16,train
3724726021.jpg,2,CGM,863968066757dcda,train
3724849127.jpg,3,CMD,c2c726e7cc9cf460,validation
3724895010.jpg,4,healthy,cdd1166829a42efe,test
3724956866.jpg,4,healthy,92cb71b86c3792cc,train
3724969844.jpg,3,CMD,e18e39a11efca5e0,train
3725011137.jpg,3,CMD,d37866838869cce7,validation
3725380699.jpg,3,CMD,81de66c956c21f63,validation
3725405547.jpg,3,CMD,9ec162716875269f,train
3725890252.jpg,3,CMD,94333dc2dfe01b4c,validation
3725978464.jpg,3,CMD,fede21d883802e4f,train
3725984716.jpg,3,CMD,95b43252eb82db69,train
3726234363.jpg,3,CMD,d277442d4e1879b3,train
3726258018.jpg,3,CMD,d0bb351f39325e81,train
3727359090.jpg,2,CGM,819366d267c5be4a,train
3727402157.jpg,2,CGM,a1bc35c4cbe64fc0,test
3727711580.jpg,0,CBB,a7a94e2cc856acea,train
3728053314.jpg,3,CMD,a557201f367b69a4,train
3728202577.jpg,1,CBSD,c91177a807564fe5,validation
3728229182.jpg,3,CMD,c7fa2493f4a52ac8,train
3728785468.jpg,4,healthy,9d616c7b634ce11c,train
3728848474.jpg,3,CMD,88fb5f14f40a68cb,validation
372913669.jpg,2,CGM,8d4a3623fd57191a,train
3729162562.jpg,2,CGM,d26d2eb6217c47d0,train
3729595157.jpg,3,CMD,945c007f069f3b1f,train
3730157636.jpg,2,CGM,d0db6fe409c106be,test
3731008076.jpg,0,CBB,cdbe2027eca0daf0,train
3731052059.jpg,1,CBSD,d6a7625938fe0e03,train
3731307161.jpg,1,CBSD,d00aabb4927d7d64,train
3731328789.jpg,3,CMD,96b56e6e71868c58,train
3731330072.jpg,3,CMD,99b1633b3472503f,train
3731510435.jpg,3,CMD,c3ac4edae9608aa7,train
3731977760.jpg,3,CMD,d0bf4bd1010e16bf,train
3732011479.jpg,3,CMD,e78771409a9ba267,train
3732078716.jpg,3,CMD,943b5f3245662d3c,train
3732144449.jpg,3,CMD,cf8e00b5a5c95e8b,train
3732297086.jpg,3,CMD,873b796472cb1964,train
373389005.jpg,4,healthy,8f8f87eee8a4409c,validation
3733910631.jpg,3,CMD,cddb2877921007f9,train
3733977399.jpg,3,CMD,f4ce134cd0b27879,validation
3734352719.jpg,4,healthy,81d21d6d5320ef9d,train
3734403071.jpg,0,CBB,98f64834fc943f91,train
3734410646.jpg,0,CBB,c596721587f13cf0,train
3734446878.jpg,3,CMD,99dc6b4c25524be5,test
3734809897.jpg,4,healthy,b38f24c7c92a742d,test
3734888784.jpg,2,CGM,9ce979615260ded2,train
3735081293.jpg,2,CGM,9c0365accf4453b7,validation
373513391.jpg,4,healthy,9cf3e586a4d85c0b,train
3735187372.jpg,3,CMD,c78e2870f03676e9,train
3735226910.jpg,3,CMD,9c9c30f9f7947a40,train
3735271725.jpg,3,CMD,80bd2e9b2d969ca3,train
3735429149.jpg,3,CMD,933c66516c9179a7,test
3735562929.jpg,2,CGM,d7e68693d4b45c14,train
3735709482.jpg,3,CMD,c92564ce3065d2fe,validation
3735914838.jpg,4,healthy,de9e6a0a74b4e143,train
3735941988.jpg,3,CMD,b54f38631d8ebc50,train
3736110104.jpg,4,healthy,c59fc9b8c9c043ec,train
3736449337.jpg,1,CBSD,8ea5693633eb3305,test
3736482061.jpg,3,CMD,d6c963d44b35610f,validation
3736581727.jpg,0,CBB,e5e5e1e8646464e6,train
3737165022.jpg,1,CBSD,d7a026a403f396cf,train
3737714196.jpg,2,CGM,80ef29e1cf90cd5a,train
3737721715.jpg,3,CMD,dbc16be31cb26246,train
3737807496.jpg,3,CMD,8bb5256a934ab617,test
3737858095.jpg,3,CMD,dcc53c6975a628c9,train
3737986834.jpg,4,healthy,84fb61d4b540ed9c,train
3738173464.jpg,3,CMD,ef99249a31f8cf04,train
3738228775.jpg,3,CMD,c0f40ef83ac4e1cf,test
3738414390.jpg,2,CGM,94d36b2457e8740f,train
3738459845.jpg,3,CMD,9ccb2ff4a51e40a3,test
3738494351.jpg,1,CBSD,c4d712c8f50b26f3,train
3738526203.jpg,3,CMD,c66b2eb1d1cc0e93,train
3738618109.jpg,4,healthy,95e368613f90965e,train
3738990958.jpg,3,CMD,d93212c6638bcf56,train
3739021598.jpg,0,CBB,c9cd36f451130ece,train
3739148870.jpg,3,CMD,90dc3d9678e3613a,train
3739341345.jpg,3,CMD,92b51fc84a5b27a6,train
3739533156.jpg,3,CMD,cc9e60e135ea4b36,test
3739988988.jpg,0,CBB,89a65374da89a3ec,train
3740043778.jpg,4,healthy,d63843f42bbc549a,train
3740210587.jpg,3,CMD,c78545f8789cd4d8,train
374033272.jpg,4,healthy,c8d51ae30c32df6c,train
3740367572.jpg,3,CMD,c68d1dbe7c21303e,test
3740492828.jpg,3,CMD,8a8ada9edbc247a2,train
3740700061.jpg,3,CMD,9c8d36a374742fc2,train
3740864417.jpg,3,CMD,c49c78c6e6461f93,train
3741168853.jpg,0,CBB,9a9b1ad824b1e1ed,train
3741438822.jpg,4,healthy,e6e43b384ec2e0ea,train
3741482279.jpg,3,CMD,88b93c583db36327,train
3741620114.jpg,3,CMD,94540a07ed76cee3,validation
3742001452.jpg,3,CMD,c7d02dae4f6a0c8d,train
3742113843.jpg,4,healthy,97f2b5b29f878280,train
3742361352.jpg,3,CMD,f5d0c9077e710ec8,train
3742836449.jpg,1,CBSD,83a82debf94511c7,train
374285455.jpg,3,CMD,f9d9f8cbc10b07a0,train
3743063654.jpg,4,healthy,84e215dae4d5e936,train
3743115520.jpg,3,CMD,aab576a92558989b,train
3743195625.jpg,3,CMD,9e8a6b1b8e6466d2,train
3743291115.jpg,3,CMD,d7a46887e324477a,test
3743464955.jpg,2,CGM,e0e761f06391b60f,train
3743477008.jpg,3,CMD,9d999c86968fe232,train
3743673281.jpg,3,CMD,cfcf2578d2423233,test
3743787715.jpg,3,CMD,97a96ecac4d7108e,train
3743858641.jpg,3,CMD,b8a12272934ecfe3,train
3744017930.jpg,3,CMD,843e45b778cb38c3,train
3744164549.jpg,3,CMD,a946186cbbbbe628,train
3745235756.jpg,3,CMD,8c332cb2cb6c697a,test
3745339060.jpg,3,CMD,85976a18b155617f,train
3745686451.jpg,3,CMD,876c30a75419efcc,train
37458951.jpg,3,CMD,81943225773977b9,validation
3746382230.jpg,3,CMD,d9d35b30a68cecc1,train
3746430084.jpg,3,CMD,d08f24d2371ce1de,test
3746453435.jpg,3,CMD,ed853cbcb1d10738,train
3746460884.jpg,3,CMD,845d3cbd118f7949,validation
3746522482.jpg,3,CMD,c09e1e3b11e76e52,train
3746679490.jpg,4,healthy,cc7329b69b196686,test
3747175229.jpg,3,CMD,c5e63a39375ce085,train
3747187847.jpg,0,CBB,c0d33f2f11f0f0c3,test
3747261251.jpg,3,CMD,819f38b609663aed,train
3747328015.jpg,3,CMD,c7f3704e5cd4b026,test
3747399639.jpg,3,CMD,a2a451906e6cbadf,test
3747440776.jpg,1,CBSD,da8a2b2527b63783,train
3747721675.jpg,3,CMD,8fc61485f159457e,train
3748113980.jpg,3,CMD,940f1cb4662e9ecb,validation
3748130169.jpg,3,CMD,d3f6628a227c3c33,validation
374813915.jpg,3,CMD,e0bc2be84f49d08f,train
3748484773.jpg,1,CBSD,99063bf303dae2d8,validation
3748568863.jpg,3,CMD,983f6a585cba0937,validation
3749019108.jpg,0,CBB,86c94e7034bd7599,test
3749029519.jpg,3,CMD,81c3365e69a7e174,train
3749188656.jpg,0,CBB,8298b9d5f408f89f,train
3749655520.jpg,3,CMD,86a118f503e627fb,train
3749674341.jpg,4,healthy,fed646c6e2e24503,train
3750000354.jpg,4,healthy,e8c413f891dcab95,validation
3750069048.jpg,3,CMD,83a56ce1fcda0f11,train
3750357867.jpg,3,CMD,c19d621e336d649b,train
3750485259.jpg,3,CMD,d6e27906656660f6,train
3750531615.jpg,2,CGM,9a5a2d9f484ee4a6,validation
3750562893.jpg,3,CMD,9795618cc3c335da,train
3750670092.jpg,3,CMD,89bbd9b918a43c8e,train
3750697954.jpg,3,CMD,85fc3d1d4418a74f,validation
3750860803.jpg,3,CMD,90ab69d6575ae017,test
3750946119.jpg,3,CMD,d2dc2af429e8f303,train
375108909.jpg,1,CBSD,ce9227ec990338e7,train
3751316353.jpg,3,CMD,c08937376b055b6b,validation
3751355008.jpg,3,CMD,f1ac442c6bbb30e6,train
3751415933.jpg,3,CMD,85bc6ec999f46289,train
3751724682.jpg,3,CMD,95e7667875438b14,train
3751819618.jpg,4,healthy,e2921fd549edac28,train
3751970579.jpg,3,CMD,c09b76ec92606dd6,train
3752024211.jpg,1,CBSD,9c9d472fa372680e,test
3752127638.jpg,3,CMD,961634e436cb93ec,train
3752506067.jpg,1,CBSD,9da1a2bde0115c5f,train
3752575686.jpg,3,CMD,b5cb748a6194d077,train
375279139.jpg,3,CMD,89b622c9267d61b7,train
3752998209.jpg,3,CMD,83c70d4f7e5a4a29,train
3753049842.jpg,3,CMD,d6c133d46f2583c6,test
375323961.jpg,3,CMD,919f217f0b0764cd,train
3753582415.jpg,3,CMD,8dd9232f34de8685,validation
3753699020.jpg,3,CMD,d9dd4014bcb431d7,train
375377758.jpg,0,CBB,8ba04cb3730ee6e9,train
3754488371.jpg,3,CMD,d3c64dad6ee47402,test
3754516672.jpg,4,healthy,95d338c834e60b7d,train
3754712410.jpg,1,CBSD,efd038cf70c24b85,test
3755206002.jpg,3,CMD,cb9d34fa12c7184e,train
3755456249.jpg,3,CMD,8c5a36b462cd16af,train
3755850035.jpg,2,CGM,a5fa56c15bc654d0,train
3755967139.jpg,1,CBSD,d29e740ce1ad0d6b,validation
3756317968.jpg,2,CGM,e8cdece56d444664,test
3756625464.jpg,3,CMD,e29b754c357b50a1,train
3757070320.jpg,3,CMD,c4eb19565e8876d1,train
3757075482.jpg,0,CBB,c9362fcd92152f68,train
375724523.jpg,3,CMD,9f04122765e7d653,train
3757297104.jpg,4,healthy,9dde70b48875d524,train
3757443082.jpg,2,CGM,95d30efd6052e513,train
3757556896.jpg,3,CMD,dc503a44cac7726f,test
3757788841.jpg,3,CMD,d21852f78d1749ba,train
3758253395.jpg,1,CBSD,d0959f2d61e9918b,train
3758359822.jpg,3,CMD,95c8066ba5bb53d2,validation
3758518969.jpg,3,CMD,8bc72377dac54432,train
3758597448.jpg,1,CBSD,a7ca32c2c41b7b3c,validation
3758808026.jpg,3,CMD,90882faf124b6df5,test
3758838047.jpg,3,CMD,91633c9e98e5c6d8,train
3758873726.jpg,3,CMD,8fb4f00d035a1bdb,train
3758912402.jpg,3,CMD,c8ab2f1249bc525f,train
3758960984.jpg,3,CMD,ac154f67f267c2c0,validation
3760651169.jpg,3,CMD,95895ae4cad576e0,train
3760730104.jpg,3,CMD,92db6023683ac7cf,train
376083914.jpg,3,CMD,a7db01162d8e137b,train
3761100385.jpg,2,CGM,fcd4644937756815,train
3761357668.jpg,3,CMD,d6ff0484b30378e3,test
3761713726.jpg,3,CMD,9cc7799d78696288,train
3762022485.jpg,1,CBSD,d3a374cc29137fa0,train
3762101778.jpg,3,CMD,91b23dcd2c354bca,validation
3762288962.jpg,4,healthy,938d6d614e284d7d,train
3762341470.jpg,3,CMD,88855ea23737e8f4,test
3762414961.jpg,0,CBB,cdc6328ccb6289af,train
3762529450.jpg,4,healthy,c0d778c1c1f8d0f5,train
3762629314.jpg,2,CGM,91bd23ad4a4855cf,train
3762841948.jpg,3,CMD,d6a029b60ddcd6d1,validation
3763125512.jpg,3,CMD,81882dd3cfb5960f,train
3763388543.jpg,3,CMD,894b2537b48c2ef9,validation
3764073866.jpg,3,CMD,ce653b3e721a109e,validation
376449417.jpg,3,CMD,c15e755e40e6f60c,test
3764673411.jpg,3,CMD,9793331791b5a526,train
3764883168.jpg,3,CMD,80590f6a3edc3de8,train
376495899.jpg,3,CMD,b2b612736cf8f214,test
3765331704.jpg,2,CGM,ea9e2a7c45e01ca7,train
3765634657.jpg,3,CMD,94b93fb7604422fc,test
3765687656.jpg,4,healthy,a8fe39c493fc8119,train
3765788774.jpg,4,healthy,c48e79c674f0a7a4,validation
3765800503.jpg,3,CMD,8d9c8c9e9c9a9aa9,train
3765822626.jpg,1,CBSD,925a6b636425a5f3,validation
3766130783.jpg,1,CBSD,c71115631aed30fd,train
3766160086.jpg,3,CMD,c1de62373829dca9,train
3766549502.jpg,4,healthy,dead2c0e61dcc643,train
3766633636.jpg,3,CMD,93bb333e2dc92911,validation
3766694497.jpg,3,CMD,99a35f291056c74f,train
3766717300.jpg,3,CMD,d5f86ae027b53c28,train
3766986363.jpg,3,CMD,849770b672cd4c6e,train
3767196717.jpg,0,CBB,f2e56ab81fea1284,train
3767372651.jpg,4,healthy,e7a42f2678c348ce,validation
3767375469.jpg,3,CMD,9ceb2dd32b1e2c14,train
3767498926.jpg,2,CGM,c9cc78e1d096cf86,train
3767887744.jpg,3,CMD,98b86676bb4acce0,train
376862597.jpg,4,healthy,fef021fb44cc82a6,train
3769064815.jpg,2,CGM,de2931d3a9302f9c,train
3769092853.jpg,3,CMD,83f6653e208c35bd,train
3769167654.jpg,3,CMD,9b941e9d1a8a38d7,train
3769300962.jpg,0,CBB,c1bc7b8d5653ab04,validation
3769308751.jpg,1,CBSD,d14615cd2f7318e5,test
376932028.jpg,4,healthy,c60b3b7874678a8b,train
3769353755.jpg,3,CMD,ddf230c2ac8d5acc,validation
3769435644.jpg,4,healthy,c5c6761e5b021bad,test
3769515048.jpg,3,CMD,969e7e1e86a258a6,train
3769794869.jpg,4,healthy,83c96c67135d369c,train
3770308231.jpg,2,CGM,c699f2c81578a4fa,train
3770389028.jpg,0,CBB,858b48b69ae6217f,train
3770555953.jpg,3,CMD,d678338c9e3c6661,test
3770843515.jpg,3,CMD,94336ca7e02d3b59,train
3770952591.jpg,1,CBSD,82d255bb501b07fb,train
377138012.jpg,3,CMD,c4893ed3afa1cd28,train
3771504977.jpg,3,CMD,980e7e4447773e8a,train
3771744924.jpg,3,CMD,90e06df9f592246e,train
3772064912.jpg,2,CGM,89873f3c56cea845,train
3772118108.jpg,3,CMD,907e6b5c7d275244,validation
3772668433.jpg,3,CMD,c0bd25d53c6bdd04,validation
3772677160.jpg,4,healthy,8271cc3b7dc75548,train
3772719243.jpg,3,CMD,998d743b38767154,train
3772745803.jpg,2,CGM,cf8e2fe39983b081,validation
3772776774.jpg,3,CMD,c6b825343e33253f,test
3773164943.jpg,3,CMD,91ba5985de7242ab,test
3773184372.jpg,4,healthy,8f0838ec75ca2bb9,train
3773257510.jpg,2,CGM,928d2a4097d66f6b,train
3773282185.jpg,3,CMD,9cf2d81e15b56263,test
377335481.jpg,3,CMD,99830b9e96d50d7a,train
3773447905.jpg,1,CBSD,9ba5360e25766339,validation
3773545808.jpg,3,CMD,c6422e3a598d39cf,train
3773593656.jpg,4,healthy,d6e562f9965c1055,train
3774493586.jpg,3,CMD,abd859aca8546ba5,train
3774494718.jpg,3,CMD,96c358c0e13b7717,test
3774809995.jpg,3,CMD,f8a76458429dc45f,train
3774922516.jpg,3,CMD,d0a61f6834becbc1,test
3775008056.jpg,3,CMD,9b7b6b8d0d846394,train
3775082960.jpg,0,CBB,c937f49421869dab,test
3775296196.jpg,3,CMD,c287304336e4f57b,test
3775318400.jpg,3,CMD,d2de3938493326b3,train
3775506887.jpg,3,CMD,99c276175af16929,train
377552461.jpg,0,CBB,c3f0e0e2aaeaf28a,test
3775654350.jpg,3,CMD,8f3f3e824ce892b1,train
3775701579.jpg,3,CMD,908f76363c49f1e1,train
3775748715.jpg,4,healthy,9317159ccd751953,test
3776102541.jpg,1,CBSD,d1d0684b0c6cadfd,train
3776118784.jpg,3,CMD,d0dc610f282be7d6,train
3776128895.jpg,3,CMD,d8632ace3647315b,validation
3776263939.jpg,1,CBSD,858e276367fa8b82,train
3776477330.jpg,3,CMD,87f80bf7180b7c07,train
3777171083.jpg,3,CMD,c0d9421fcdf639a4,train
3777280771.jpg,2,CGM,a9eb4baf213f4214,train
3777352797.jpg,3,CMD,c2bd47c41e637619,train
3778000800.jpg,3,CMD,94b676a6f03696a4,train
3778007109.jpg,3,CMD,d74a3198652c49bf,validation
3778075514.jpg,3,CMD,8d9d7cd92c3d4d01,train
3778551901.jpg,3,CMD,d9d24eb144a996f1,train
3778585395.jpg,0,CBB,93d8256f0c93959e,train
3779096121.jpg,3,CMD,90a663b28e957c6d,train
3779251659.jpg,3,CMD,83a82adb7f0b1dd0,test
3779397874.jpg,3,CMD,820d676b179f2ce2,validation
3779623554.jpg,4,healthy,80e835c35645abfd,validation
3779645691.jpg,3,CMD,cad574291a7d2caa,train
3779724069.jpg,3,CMD,d0a04add645b73ad,validation
378056459.jpg,3,CMD,a0ecc2a4530bf3fa,train
378058032.jpg,3,CMD,8dd62a9d31957c15,validation
3780704210.jpg,3,CMD,94533cd809b6f369,train
3780777265.jpg,3,CMD,c87d603cd1f24ea3,train
378108717.jpg,3,CMD,95eb2eb2ea994170,train
3781173616.jpg,3,CMD,91ca413f279e24bd,train
3781411547.jpg,1,CBSD,9dc0701ed21acbfa,test
3781670038.jpg,2,CGM,c19c76d25e7242a7,train
3781863600.jpg,3,CMD,c8f549cc568a1f3c,train
3782101315.jpg,3,CMD,a6c42af113f718f2,train
378216737.jpg,3,CMD,c58e2edb644658b5,train
3782663909.jpg,3,CMD,d1a21fd163cf341c,train
3782697407.jpg,1,CBSD,9fce393868d12578,train
3782729754.jpg,1,CBSD,c3cd09967ca9bc61,train
378276389.jpg,3,CMD,ccdf761cb9c518a0,train
3782836745.jpg,3,CMD,a3ab6c9449e6275a,train
3782909126.jpg,2,CGM,87bce0863a8baeb1,train
3782988720.jpg,3,CMD,ccf1394d31b156d2,train
3783039310.jpg,4,healthy,ce1e312613b4a6bd,validation
3783295849.jpg,4,healthy,d09b2dbe2823666d,train
3783300400.jpg,3,CMD,d6c2277500b577e1,train
3784315903.jpg,2,CGM,b5db282a9a0b0f5b,train
3784391347.jpg,2,CGM,ce5c6b5901a974f8,validation
3784450324.jpg,4,healthy,fa95285df9ab1502,validation
3784570453.jpg,3,CMD,923678a2ee9136f8,train
3784730051.jpg,3,CMD,fbf8440b4a74959a,test
3784738955.jpg,3,CMD,c59e27654adb3158,train
3784745826.jpg,3,CMD,9167e4c7bca920b9,validation
3785055674.jpg,3,CMD,85b37ea37278054b,validation
3785398427.jpg,3,CMD,f2c52f20217e7f81,train
3785431429.jpg,3,CMD,c9e11f5728e4e50d,train
3785545560.jpg,3,CMD,992d6ac74d31d9d0,train
3786050441.jpg,3,CMD,bd017fc2852ccb27,train
3786156285.jpg,3,CMD,885a9e2e3097f257,train
3786326071.jpg,3,CMD,80cf1fb87de41323,train
3786378837.jpg,3,CMD,91d07b1a75e0b8f8,validation
3786394001.jpg,3,CMD,c9fe538331771c84,train
3786764254.jpg,3,CMD,92c615d4389b3de5,train
378698250.jpg,4,healthy,cce0067d7117bab8,validation
3787760414.jpg,0,CBB,a75e29b2c569f881,train
3787937736.jpg,3,CMD,98bc74cccce15687,train
37879713.jpg,3,CMD,def1cc601a065fca,train
3788064831.jpg,4,healthy,cdd332a2c65c3d49,train
378819358.jpg,4,healthy,a41d7bccc6129baa,train
3788552221.jpg,3,CMD,d1d67f4b3c50a02e,train
3788644413.jpg,4,healthy,d6f771e4580da143,train
3788771379.jpg,4,healthy,84e07fafe1ec1682,train
378894822.jpg,3,CMD,9495ad2712297d3e,train
3789114183.jpg,3,CMD,9db22bb4b3b0ad84,train
3789160510.jpg,3,CMD,b6b66d4f610a186b,train
3789300725.jpg,3,CMD,9591d181bea65756,train
3789310697.jpg,1,CBSD,b0e0b7b8e6d98c43,train
3789353421.jpg,0,CBB,d80c6c66e7f11f18,validation
3789409909.jpg,3,CMD,810f166dcfa14fb8,train
3789412331.jpg,3,CMD,dc68a69d263bf441,train
3789578006.jpg,3,CMD,c6dbb5a45d5210e6,validation
3789699999.jpg,3,CMD,99b55bc93339c291,train
3789737508.jpg,4,healthy,ca811e97a5566d6a,train
3789991498.jpg,3,CMD,e083483adb957a7c,validation
3790164686.jpg,3,CMD,90ed791a6099b6a7,train
3790228631.jpg,4,healthy,d8d9252f7be06c50,train
379034521.jpg,2,CGM,94a17b4308dddfa4,train
379034771.jpg,3,CMD,80dc2955fe9e2c1e,test
3791069345.jpg,3,CMD,84de2ea570073db9,train
3791086743.jpg,2,CGM,94b828cede9f11a9,train
3791164400.jpg,2,CGM,a0d55bcc61279c6b,train
3791195339.jpg,3,CMD,e81649b27cdb4237,test
3791239954.jpg,1,CBSD,d0d0d089adad27af,test
3791289427.jpg,1,CBSD,8d99578538c66dd2,train
3791342812.jpg,3,CMD,d4fd2f1e4a06f089,test
3791562105.jpg,3,CMD,9e421de50d7c6a3c,train
3791679940.jpg,3,CMD,932c5bd4b42e6aa3,validation
3792024125.jpg,4,healthy,80b93c9c2f37336a,train
3792116184.jpg,3,CMD,9542073ff1b42b5c,train
3792140986.jpg,0,CBB,c4b9e6f9415cda0a,train
3792533899.jpg,3,CMD,8eca526fa434376a,train
3792671862.jpg,2,CGM,c0d36b9ef1868ca5,train
3792751704.jpg,1,CBSD,d08a22e25a455fdf,train
3792780600.jpg,3,CMD,a3ec73d667070526,train
3792861015.jpg,3,CMD,cbdc33d02ae686c5,train
379319725.jpg,2,CGM,809966b96e91746f,train
3793256010.jpg,3,CMD,dfb23252c2b79514,train
3793330900.jpg,4,healthy,d80e55752afc5545,train
3793364086.jpg,4,healthy,81df50f94a741d4d,test
3793586140.jpg,2,CGM,d6e96c06795f88a4,train
3793595797.jpg,3,CMD,f8b6788aa25b4da4,train
3793664928.jpg,1,CBSD,8d147cf7d4781a2c,train
3793671937.jpg,3,CMD,830b7b117cdd1726,train
379373523.jpg,1,CBSD,cfb833cb38c632a1,train
3793827107.jpg,2,CGM,9f962e0b0ed496d8,train
3794321240.jpg,3,CMD,b19c5c25b6ba6a07,train
3794499013.jpg,3,CMD,8080a0c8e3efcf7f,train
3794501318.jpg,3,CMD,d4e16da26a36b62c,test
3794607673.jpg,3,CMD,85fe39151aed7160,train
3795035520.jpg,3,CMD,c26611eafb9cea24,test
3795252251.jpg,3,CMD,89e2b9a9939896dc,train
3795291687.jpg,3,CMD,9e631499d0ab973a,train
3795376798.jpg,3,CMD,98b337643a538a2f,train
3795384573.jpg,1,CBSD,c9762e65060b3f2d,validation
3795401018.jpg,3,CMD,80963afc0f17d0ed,train
37954651.jpg,3,CMD,d0f82b831e37643b,train
379548308.jpg,2,CGM,9add6c5a71b3c488,train
3795561217.jpg,3,CMD,879819f6685ee8c3,train
3795991953.jpg,3,CMD,c08f298d1e3237db,train
379627215.jpg,3,CMD,c11b37c21bdf4a0d,train
3796878199.jpg,3,CMD,c3a14b037d938ccf,train
3796950908.jpg,3,CMD,c2ee4bb55452568d,train
3797193100.jpg,2,CGM,85d55653172e3f22,validation
3797289739.jpg,1,CBSD,95d26e69228ed1d3,train
3797629602.jpg,3,CMD,85e47a9e939c4e85,test
3797759745.jpg,3,CMD,868caca28afa9b97,train
3798090445.jpg,4,healthy,90a145e4e0d33b7f,test
3798307093.jpg,3,CMD,c99e52c633bc6361,train
3798348479.jpg,0,CBB,94fee3d53d258290,train
379836605.jpg,3,CMD,9ec3279e7c7062c1,validation
3798939425.jpg,4,healthy,dc516c48eafc903d,validation
3799139727.jpg,3,CMD,95ec4f1a4b7a029e,train
3799141039.jpg,3,CMD,98ed529c4eb2a54b,validation
3799164333.jpg,3,CMD,d3b0451f97dcc078,train
3799258222.jpg,3,CMD,93073ab04eb507eb,train
3799545703.jpg,3,CMD,94f301f61cf03cdc,train
379958464.jpg,4,healthy,bcf01a3115b720fd,train
3799687072.jpg,3,CMD,c0b326291ff08d5f,test
380002014.jpg,2,CGM,c40b5b3016ff60bb,train
3800028744.jpg,3,CMD,861153d84ae65bde,train
3800475083.jpg,3,CMD,b6aa4bdcd0a72435,train
3800611947.jpg,3,CMD,c01a6bb825e778e3,train
3800669554.jpg,1,CBSD,dcc452126ba94fad,train
3801409970.jpg,1,CBSD,c5bd5ac1356d82a3,train
3801426852.jpg,3,CMD,da82f3c9d1d5089d,test
3801909688.jpg,3,CMD,d0bf006c378ba78d,train
3802270456.jpg,2,CGM,d0877ad02beb196a,validation
3802311775.jpg,4,healthy,ca8c168cb59f9e8c,train
3802953509.jpg,3,CMD,85de922b3669687a,train
3802954808.jpg,3,CMD,80132979bc75c7e6,train
3803192051.jpg,3,CMD,d09433336b756c8b,train
3803338258.jpg,3,CMD,d68730ea60ed0fd8,train
3803355444.jpg,4,healthy,c9c27d5b3090f2d3,train
3803737090.jpg,3,CMD,d9e53629c4ab6d41,validation
3803781709.jpg,3,CMD,cdd69a1556299ed0,train
3803823261.jpg,1,CBSD,de31670cd9e1360e,validation
3803904228.jpg,1,CBSD,96e031fd7a06d2a5,train
3803912232.jpg,3,CMD,8a8cc2454fce6fe4,train
3804358219.jpg,3,CMD,8d2b44e11fe5ac17,validation
3804799770.jpg,3,CMD,97c49e2eacf209a5,train
3804966425.jpg,3,CMD,b5da3922cba5223b,train
3805200386.jpg,0,CBB,87b93f106b263565,train
3805606853.jpg,3,CMD,d18d3c49c7132ebc,train
3805830184.jpg,4,healthy,8e283df155b7144e,train
3805984406.jpg,3,CMD,93927e61a5d899b1,train
3806158675.jpg,3,CMD,fd26d816e47dc510,test
3806166801.jpg,3,CMD,c1972f8ed9236389,train
3806360308.jpg,3,CMD,969b1b9e88a39b8c,train
3806787164.jpg,3,CMD,cf7d292698cb5849,train
3806878671.jpg,3,CMD,c2d86fb7049a52ad,validation
3806925681.jpg,3,CMD,b5ca428b4b19aaf3,train
3807093226.jpg,3,CMD,bca44685f2b04f1f,validation
380717717.jpg,3,CMD,c2283ee954fb3507,validation
3807251262.jpg,3,CMD,9ce26aeb2cb4a6a8,validation
3807557163.jpg,0,CBB,d0c92f7c94a5079b,train
3807708050.jpg,3,CMD,d9b73ab389838750,train
3808029659.jpg,3,CMD,c84b7aa993aa36b2,train
3808126182.jpg,3,CMD,dcab4b341ab90ad5,test
3808267926.jpg,3,CMD,d6fe61900e079771,train
3808301064.jpg,3,CMD,d9945e348d38ee29,train
3808339599.jpg,2,CGM,cfd7268761a53948,train
3808548941.jpg,3,CMD,9d803b28d8bc7ec5,train
3808794161.jpg,2,CGM,d0f040d33ceb899f,train
3809113008.jpg,3,CMD,c95c6da4926f5631,train
3809163419.jpg,0,CBB,8d937f70c2c18ecc,train
3809350944.jpg,2,CGM,9deee10eb48650ad,train
3809433890.jpg,3,CMD,86cab6c3a7b49493,validation
3809607157.jpg,2,CGM,92e47bd7c0867073,validation
3809682538.jpg,4,healthy,97701fa239be83d0,train
3809761215.jpg,3,CMD,939454ab6d1128ff,validation
3809986981.jpg,3,CMD,948d73a335d45a1d,train
381038531.jpg,3,CMD,c765739dd01c6187,train
3810425289.jpg,0,CBB,90fb15fcce81a43a,test
3810740135.jpg,3,CMD,c0d403817efffe01,train
3810809174.jpg,1,CBSD,8c8d736a6ac8d5b2,test
381118833.jpg,3,CMD,b2c81c9ca637b32d,test
3811396790.jpg,2,CGM,ddb632ba5c3c110e,train
3811423890.jpg,0,CBB,99a52dad949cc6c6,train
3811426674.jpg,3,CMD,bac0294af01bb5f3,validation
3811519582.jpg,3,CMD,f8c01c5c47dcee52,train
3812225296.jpg,2,CGM,c9d12ecc5e966551,train
3812288918.jpg,3,CMD,98e5137f690e7807,validation
3812383679.jpg,3,CMD,8ecc2fa93a6ab066,train
3812804387.jpg,3,CMD,c0ea3738bde0b3a2,validation
3812832927.jpg,3,CMD,99666e91f04e2bf0,train
3812991688.jpg,3,CMD,879a269ab99d1dc2,train
3813040999.jpg,3,CMD,c67c278f99972161,validation
3813083782.jpg,2,CGM,968e722d03d61fe8,test
3813128079.jpg,0,CBB,9faca3b069e0f416,train
3813188280.jpg,4,healthy,98c71bac2ebbd04c,test
3813234374.jpg,3,CMD,d8b928f950cae996,train
3813361373.jpg,3,CMD,98f368d1d9dd4648,train
3813620418.jpg,2,CGM,980d9a6cbb4abb26,train
3813695111.jpg,3,CMD,d19237423a37d03f,train
3813835902.jpg,2,CGM,86397d8233f451d6,train
381393296.jpg,4,healthy,d06e13535c2e2fb4,train
3814011127.jpg,3,CMD,97422fbdb3a4342c,test
3814035701.jpg,2,CGM,83341f6b351adf82,train
3814123340.jpg,3,CMD,b0cd37d0e5c36649,validation
3814344096.jpg,3,CMD,98f9ecc879394691,validation
3814472451.jpg,3,CMD,d8a4369ac839dacb,train
3814975148.jpg,4,healthy,9d593953596cb4c8,validation
3815120957.jpg,2,CGM,d36e71e91c211f54,validation
3815135505.jpg,4,healthy,c7086c275d5333b3,train
3815191065.jpg,3,CMD,d2d54b2d2d3a01f5,train
3815339672.jpg,3,CMD,ca923ebc9268d966,validation
3815372815.jpg,3,CMD,a93e6ca997910bac,validation
3815389777.jpg,1,CBSD,97553445a047bbe5,train
3815511721.jpg,3,CMD,88c32deca2e0fa79,train
3815703262.jpg,3,CMD,d1c37ae11ed844e6,train
3815754295.jpg,3,CMD,8bd674428e1961fe,train
3815961556.jpg,4,healthy,c2b211e7e91db097,train
3816040073.jpg,3,CMD,d6e705c90bd70137,train
3816048744.jpg,4,healthy,9b9d74d181cf1934,train
3816188384.jpg,3,CMD,992a793d1be144c7,train
3816412484.jpg,3,CMD,d49b342e32fd0bc4,train
3816673921.jpg,4,healthy,cbc874962ea7c23c,test
3816763003.jpg,3,CMD,93b834b7c6a1295e,train
3816972306.jpg,3,CMD,dfc6368e3d34021b,test
3817099479.jpg,3,CMD,94d12da8fdc188fc,train
3817337471.jpg,2,CGM,d079603ee0b9c2dd,train
3817468539.jpg,2,CGM,96b6691dc15e06a7,train
3817704326.jpg,3,CMD,d2e30ed4478295de,train
3817881110.jpg,1,CBSD,91ac62792d4899ef,train
3818065051.jpg,3,CMD,d9260cf1061ef9d9,validation
3818159518.jpg,3,CMD,88e268bb5c7526d5,test
3818300635.jpg,0,CBB,93784e25c7346796,train
3818759549.jpg,3,CMD,d1fa52a60c1d35f8,validation
3819024840.jpg,3,CMD,95e11ee56a623d1a,train
3819082104.jpg,1,CBSD,c0b9759e3358d18e,test
3819283472.jpg,3,CMD,d1d8228edb714cad,train
381935936.jpg,0,CBB,f1f071b428f85d2c,train
3819607856.jpg,2,CGM,8699343b7d568745,train
3819965975.jpg,3,CMD,85a452ff34aa36e8,validation
382011834.jpg,3,CMD,d4d96f9aa4a4324b,validation
3820282507.jpg,3,CMD,d0287572e9bd8aaa,test
3820461098.jpg,3,CMD,a09ab1d16208bff7,train
3820511511.jpg,3,CMD,85f639c1e608b74d,train
3820517266.jpg,4,healthy,dc823b6606c7eea4,train
3820660988.jpg,3,CMD,90bd696cd0b26a8f,train
3820706244.jpg,3,CMD,84df2f2229c9535d,train
382073647.jpg,4,healthy,95833df5055a546b,validation
3821014554.jpg,3,CMD,8cf45a0d3b09e753,train
3821145878.jpg,3,CMD,c4b85231199af3fc,train
3821467365.jpg,3,CMD,f9c20e84c2f707cb,test
3821551092.jpg,3,CMD,99e62a2f36ca4955,train
3821611662.jpg,1,CBSD,95aa3e7e21c1859d,train
3821632962.jpg,2,CGM,c1a66fbe4d880b1b,train
3821677855.jpg,1,CBSD,c4941a1f74eb6363,test
382224277.jpg,3,CMD,921578f98d0777e0,train
3822294859.jpg,3,CMD,84e34ebae196e689,validation
3822317149.jpg,4,healthy,89a9a9e0eee4d4c6,validation
3822423166.jpg,3,CMD,c85b360dc35097de,test
3822484793.jpg,2,CGM,92ed947a6dd0e1c2,test
3822534983.jpg,2,CGM,b9ee658d6a8a50c5,train
3822634474.jpg,3,CMD,81f7791ab42ad1ac,train
3822961101.jpg,3,CMD,c0ec791324c55f5b,train
382310397.jpg,3,CMD,90636edc91b12e4f,validation
3823683287.jpg,2,CGM,95faccb596412d46,validation
3823764652.jpg,1,CBSD,82a86cd7adc4c3ad,train
3824203072.jpg,3,CMD,c4bc14972dbc18f5,train
3824226603.jpg,3,CMD,c4e1279cfa851c6b,test
3824530434.jpg,0,CBB,d2976b7c71468aa8,train
3824945811.jpg,3,CMD,c39f2de915960738,train
3825350206.jpg,3,CMD,817b740f3251cade,validation
3825520782.jpg,3,CMD,936704f3010f7f39,train
3825609678.jpg,3,CMD,ded675a4b4b81864,test
3825621261.jpg,3,CMD,8ff0567d06799807,train
3826113040.jpg,1,CBSD,9ea04774eea2d253,test
3826311203.jpg,3,CMD,9ea340ecb74fa071,train
3826378692.jpg,3,CMD,c0de30a69f90ab6d,train
3826670209.jpg,0,CBB,c61c315e636693e5,test
3826775864.jpg,2,CGM,d9c4696572a18ddc,train
3826910731.jpg,3,CMD,90b17acef8842ee9,train
382790070.jpg,3,CMD,969a3d04336be4ec,validation
3828356079.jpg,4,healthy,b43625f41f056aab,train
382849332.jpg,1,CBSD,c4f97d030b1f13e8,train
3828929183.jpg,3,CMD,c3c04ff3783a18ad,train
3828986510.jpg,3,CMD,81ae3953ce416f63,train
3829295052.jpg,2,CGM,8fcb69b55288346e,train
3829413649.jpg,3,CMD,94c62fd22c923c9f,test
3829488807.jpg,3,CMD,d6c92ce2bd9cd2c0,test
3829841473.jpg,3,CMD,96ce29f1cc110f76,validation
3829905505.jpg,3,CMD,e0eda16226e6e497,validation
383010282.jpg,3,CMD,845469e5391fcac7,train
3830176514.jpg,2,CGM,81993bf24a079ad7,validation
3831030449.jpg,3,CMD,a7e0847ed87a84b3,validation
3831055532.jpg,4,healthy,c3de2795ac293075,validation
3831080704.jpg,4,healthy,96692904b3dad53d,validation
383162239.jpg,3,CMD,85f1163ff460c359,train
3831871308.jpg,4,healthy,84832e76b41b6d8f,test
383190485.jpg,3,CMD,b2e15e0b359a255e,train
3832156339.jpg,4,healthy,ce9a7a9aaec2ce80,train
383306967.jpg,3,CMD,f5d35ecf601a050e,train
3833092976.jpg,2,CGM,96853bbc117f2c25,train
3833349143.jpg,4,healthy,dfd831f25289a127,validation
3833575676.jpg,3,CMD,b25a251697f3b486,train
3834284991.jpg,3,CMD,d78efd6791a48a08,test
3834880264.jpg,3,CMD,d8f70599ad87608e,train
3835009661.jpg,3,CMD,b7e5c187a48b5a62,train
3835489971.jpg,3,CMD,c3456daa74d3711c,train
383575567.jpg,3,CMD,96f9379146ca6299,validation
3836245009.jpg,0,CBB,97e5683bc6d8229c,train
3836281199.jpg,3,CMD,98f234cfd0e44c3b,test
383656390.jpg,3,CMD,e5dd2c720fe043a5,train
3836713133.jpg,1,CBSD,e4ed48f8e9c42cd2,train
3837168774.jpg,3,CMD,8aab28ac39e2afb4,test
3837192356.jpg,3,CMD,89543b7662aff488,train
3837215772.jpg,3,CMD,d88c6593e27b15b2,train
3837243300.jpg,3,CMD,9dc20a1fcb76348d,train
3837457616.jpg,3,CMD,a1cbb4f2584a2be3,train
3837689204.jpg,3,CMD,84e169e6dc583b8d,train
3837691362.jpg,2,CGM,c099395761ae5f89,test
3838123877.jpg,3,CMD,c62b051923b5fdc3,validation
3838205917.jpg,3,CMD,9bb85336ed046366,train
3838252563.jpg,3,CMD,cd8e43ca66a333b1,train
3838283693.jpg,3,CMD,d499616e25e7c383,test
3838430377.jpg,3,CMD,b2ed0e482e3ce56a,train
3838519719.jpg,2,CGM,e4d02d6b6e9c9c8c,train
3838540238.jpg,3,CMD,d2e371b0dbc24365,validation
3838556102.jpg,1,CBSD,f4c4697397862c78,validation
3838771516.jpg,3,CMD,e6992e4661333ada,train
3839076735.jpg,3,CMD,db95078e27c32ce1,train
383932080.jpg,1,CBSD,879c3b7ae1396116,train
3840081089.jpg,2,CGM,c09f106bf2e0b6d6,train
3840399556.jpg,1,CBSD,911b7bd27bc414b4,train
3840637397.jpg,3,CMD,dcd7438d2574161e,test
384112103.jpg,4,healthy,85f951462b3d79a4,test
384122684.jpg,3,CMD,c1ba2b9e78c1467a,test
3841431254.jpg,3,CMD,d28c33eea43b352a,train
384188814.jpg,3,CMD,d3b9071d2c1f7861,validation
3841961758.jpg,1,CBSD,94be6fa7248283e6,test
3842422480.jpg,3,CMD,c5a82905fef5ca86,train
3842462434.jpg,3,CMD,c64b5a9609dee299,validation
3842465525.jpg,3,CMD,d0cb65e5b3973218,train
3842620727.jpg,3,CMD,92d46327b09417df,train
384265557.jpg,4,healthy,96b73adcc6958a84,train
3842835147.jpg,3,CMD,d4da799d5ce08685,train
3842977642.jpg,3,CMD,d2ee44e7095a6176,train
3843185682.jpg,3,CMD,c6e650cdf0da44f4,train
3843497153.jpg,3,CMD,d97ff28d134400dd,train
3843547968.jpg,4,healthy,93c1652d16da1faa,train
3843771801.jpg,3,CMD,c5cd3a6e103bda15,train
384390206.jpg,4,healthy,8cec36525ccd6d2c,train
3844331392.jpg,3,CMD,c9d74c7b66047a0b,train
3844610320.jpg,3,CMD,b1d8cd84964f562b,train
3844650986.jpg,3,CMD,997639f2155410fe,train
3844663092.jpg,3,CMD,972c22a615f77d82,validation
3844780526.jpg,0,CBB,8ccc4b3534d6d5d4,validation
3844811859.jpg,3,CMD,c56b2c93fa5e211c,train
3844847869.jpg,2,CGM,97e00d29638ece9d,test
3844964952.jpg,1,CBSD,e00f7c41dfc0037f,validation
3845041998.jpg,3,CMD,85ef40e81fc998b6,train
3845187721.jpg,3,CMD,c26f653392b07c4e,train
3845401101.jpg,3,CMD,cb8a33b613cbd90a,train
3845482298.jpg,3,CMD,85edfe7434650686,train
3845529950.jpg,4,healthy,e2a0a33f015cdd79,train
3845948976.jpg,1,CBSD,c4ba2a2d7554d5d1,test
3846071178.jpg,2,CGM,c0a378b19e4be395,test
3846690495.jpg,3,CMD,9b8a6690f64b91b5,train
3846724248.jpg,3,CMD,c2e42e719c44db9b,train
3847172492.jpg,3,CMD,d34433ab3cbb4945,train
3847243478.jpg,2,CGM,90ad7e2ba0d4a5e6,train
3847276001.jpg,3,CMD,8da276c9325f5992,train
3847675023.jpg,4,healthy,9da67be558412b52,test
3847712116.jpg,3,CMD,90842d6bc858f97f,train
3847725320.jpg,2,CGM,815c69edb6ed1c28,validation
384773120.jpg,4,healthy,c588239e7e1e7c1a,train
3848359159.jpg,3,CMD,81fb65861f0b27aa,validation
3848558113.jpg,3,CMD,c5df0ec03d333e82,train
3848622850.jpg,3,CMD,d5ff6df662205480,train
384872380.jpg,3,CMD,c7a9d228227de29d,train
3848791367.jpg,4,healthy,c4e876d8627a3987,train
3848881120.jpg,2,CGM,dff53a40201f353c,train
3848913045.jpg,3,CMD,c4dd27ca4c265bac,train
3849266857.jpg,3,CMD,d042312f93f0a6fb,train
3849716239.jpg,1,CBSD,d9e022d2f4a48bbe,train
384972331.jpg,3,CMD,d4a03bc825fb852f,test
3849865547.jpg,3,CMD,a6e55e96c26d05a5,test
3850139583.jpg,0,CBB,9a4de5acdd126646,train
3850304158.jpg,3,CMD,c5a919613d82abbd,train
385038415.jpg,3,CMD,858305d7f0db2f38,test
385046246.jpg,4,healthy,c8aeea6ac2ec85e4,test
3850871951.jpg,3,CMD,8cb33854c3ef3712,train
3850909230.jpg,3,CMD,c5186533d151f9ad,train
3850927712.jpg,3,CMD,c4cd4bc12d1e9f62,test
3851259457.jpg,3,CMD,829c78f72f0d15b2,train
3851642042.jpg,3,CMD,db222e600dc7d69d,train
3852080973.jpg,3,CMD,94d71c3e6c7e8095,train
3852314693.jpg,3,CMD,9d152727fb100fca,train
3852514218.jpg,2,CGM,e0b216a778fda268,train
3852521.jpg,1,CBSD,d6b928d67875060f,test
3852914374.jpg,3,CMD,96b05dc7e2372a23,train
3852927202.jpg,3,CMD,8dfd15f29ec0106e,test
3852956252.jpg,4,healthy,88dc77a690993736,train
3853081007.jpg,3,CMD,c7bc2dde60671309,train
3853082791.jpg,2,CGM,858c6e6e361667b8,train
3853362288.jpg,3,CMD,95c77255525b7648,train
3853544751.jpg,3,CMD,998e647743b48d59,validation
3853597900.jpg,4,healthy,c9c1457535b8ba6a,train
3853821609.jpg,2,CGM,eec6139a2d9c169a,train
385391871.jpg,3,CMD,c8ae75b6495925c3,train
3854386942.jpg,3,CMD,8df143bcb12332ea,train
3854435201.jpg,1,CBSD,9ddf67614c839891,train
3854553332.jpg,4,healthy,abab68a8bd89a1b1,train
3854645209.jpg,3,CMD,c77535ad33970650,train
3854646741.jpg,3,CMD,891b4747375983a7,validation
3854724979.jpg,3,CMD,a383d6ad00c6b5fa,train
3854923530.jpg,4,healthy,d3e9394dfec28049,validation
385495929.jpg,4,healthy,872707a7b0bd5558,train
3854979839.jpg,3,CMD,a3ab80e1cfc4e38d,train
3855126741.jpg,3,CMD,808e07fe7ff33120,train
3855265418.jpg,1,CBSD,c15f78ef1c171590,train
3855303383.jpg,3,CMD,c5f05ede2bb42858,train
3855509491.jpg,3,CMD,80af361edcd22aab,train
3855787297.jpg,4,healthy,c1a24adf7918936b,validation
3855806697.jpg,3,CMD,c59c78e36c6e42d1,train
3855835688.jpg,3,CMD,86e766fe15f00e81,train
3855857289.jpg,2,CGM,c9fb0ba62d50a693,validation
3856210949.jpg,4,healthy,8ce5deb940ce295c,validation
3856238751.jpg,3,CMD,cdd07c56a3ad6183,train
3856478006.jpg,1,CBSD,fc407f07c28dc81f,train
385666613.jpg,1,CBSD,8abbce9c168119cf,test
3856769685.jpg,3,CMD,d5e431cc4a97f0c3,test
385685508.jpg,1,CBSD,cab5054a5aad6d96,validation
385687647.jpg,3,CMD,d4866aa36651d76c,test
3856935048.jpg,0,CBB,c68abe1c4469b71b,train
3856967066.jpg,3,CMD,d0b633365560367d,train
3856973359.jpg,1,CBSD,c28266e8bc69b597,validation
3857737610.jpg,2,CGM,f590462dd330ed93,train
385812035.jpg,1,CBSD,92c87d561db0a2b7,test
3858272107.jpg,4,healthy,c4f15bce339ac2d0,train
3858318600.jpg,2,CGM,95c23dc16d6a6ce8,train
3858530439.jpg,2,CGM,83877e8742a63d1e,test
3858603459.jpg,3,CMD,86fa25a45bd50ec3,train
3858664861.jpg,2,CGM,92ee241a99295fda,train
3858802248.jpg,3,CMD,d3c06409ed674b9b,train
3858873251.jpg,0,CBB,caf17554208d5d3e,train
3859007802.jpg,1,CBSD,cdc67188ae051f3d,train
3859028489.jpg,2,CGM,c43b3782d7f4310d,validation
3859030532.jpg,3,CMD,add70c4c4c921e3f,train
3859040045.jpg,3,CMD,e2d72dd6a0d8a954,train
3859623860.jpg,2,CGM,97d1ccb1cbac0a2b,train
3859714996.jpg,4,healthy,89cc66d72572538d,train
3859819303.jpg,3,CMD,d0a34e9cd34cb547,train
3860433649.jpg,4,healthy,97ce44f829541ead,test
3860607414.jpg,0,CBB,c0f0371db8f0474f,train
3861147532.jpg,3,CMD,d1df7b9d491540b0,train
3861440590.jpg,2,CGM,c0972411dce539df,train
3862024224.jpg,3,CMD,d781e4ac989b33ca,train
3862121693.jpg,4,healthy,87f4343776253534,train
3862202038.jpg,1,CBSD,89947caa6796469d,train
3862819448.jpg,3,CMD,8a962d5239a4dba7,train
3862884454.jpg,2,CGM,9bb361c3556cdc84,validation
386292765.jpg,3,CMD,c446333e29cb5e33,train
3863066565.jpg,1,CBSD,872e8d7f5c405cd4,train
3863389449.jpg,3,CMD,97c4606b7d14329f,train
3863422277.jpg,3,CMD,87d125bbbbcc9281,train
3863749717.jpg,2,CGM,8e866067692deeca,train
3863840044.jpg,3,CMD,cc837ea117dac117,train
3864050647.jpg,4,healthy,d3ac667b2db8d402,train
3864270761.jpg,1,CBSD,86e46ae7a1acaca9,validation
3864571034.jpg,4,healthy,e0e0f1e2a6e2abb8,train
3864626212.jpg,0,CBB,e1d6239d60c0f763,test
38648135.jpg,1,CBSD,d2e976992c4ca6d8,train
3864856074.jpg,3,CMD,c74a761275790ecc,train
3865023649.jpg,2,CGM,81645395376958df,test
386509907.jpg,3,CMD,86ae7b72ef001e32,train
3865132472.jpg,3,CMD,d2dfa9a9dab0c580,test
3865170534.jpg,3,CMD,90f039f2fcc1d28b,train
3865450161.jpg,3,CMD,8ced1e46302e927f,train
3865486183.jpg,3,CMD,ad1c347a79a768a8,validation
3865951064.jpg,3,CMD,c5b803de4b7f7009,train
3866558692.jpg,3,CMD,a6f81cd243bb49ac,train
3866571802.jpg,0,CBB,cdb2668996c0dfc8,train
3867608934.jpg,2,CGM,c3c60e7e36615593,test
3867794854.jpg,3,CMD,ca6c808fbc349cee,train
3867968333.jpg,3,CMD,d0d0f8f9d9d9c089,train
38680980.jpg,3,CMD,dba11ef0a0ddd303,train
3868197041.jpg,3,CMD,93c7052b29dd1fc2,train
3868235977.jpg,3,CMD,d0ae66e56217d84b,train
3868810256.jpg,3,CMD,bd9bc1c48ad54b0b,train
3869030734.jpg,3,CMD,9e4224e57466b753,validation
3869289155.jpg,4,healthy,8c6f3c85e5b90e34,test
3869408144.jpg,4,healthy,daf942817db245c6,train
3869536239.jpg,3,CMD,d1ad4d1b918f5543,test
3870125232.jpg,3,CMD,c4b13eb07372c34e,train
3870368775.jpg,3,CMD,85d83fb96c1d321c,train
3870383420.jpg,3,CMD,d4cc5a693a1549af,test
387047396.jpg,3,CMD,c39269b5727237c8,train
3870634420.jpg,3,CMD,c8d35ecf2c463067,train
3870800967.jpg,1,CBSD,f49476fa01957472,validation
3870810612.jpg,3,CMD,b4534f9a63655aa2,train
3871004837.jpg,3,CMD,c2d50b8055767ed5,train
3871053042.jpg,3,CMD,ded41344fe541b0e,train
3871591664.jpg,2,CGM,ced47acb71138f40,train
3871723794.jpg,3,CMD,cde40af143352edc,train
387199717.jpg,3,CMD,ccd9622d9c125fe8,train
3872024623.jpg,2,CGM,9ff42c014952dbb6,train
3872026494.jpg,2,CGM,d52b271d5c3c6aa2,train
3872551880.jpg,2,CGM,cced7e288f8f5a00,train
3872610458.jpg,3,CMD,84b469d47b0f54ce,train
3872624797.jpg,2,CGM,b3b366b188b887e8,train
387293184.jpg,2,CGM,80993d8fbd6d0761,train
3872958086.jpg,3,CMD,c13552eeda8b1556,train
3873044793.jpg,3,CMD,94c44dee70bc3b61,test
3873234052.jpg,3,CMD,848311f4e1ed9577,test
3873395164.jpg,2,CGM,cee03a9a2bd84b1d,train
387390506.jpg,1,CBSD,86a32bce50f1317e,train
3874234483.jpg,3,CMD,c79e4865fb1c312a,validation
3874317534.jpg,3,CMD,d60221a33e1deb1f,train
387432753.jpg,0,CBB,cef02eb9942f603a,test
3874354035.jpg,3,CMD,d86b5c830ef0a5b6,test
3874545522.jpg,3,CMD,c0f641be55d225ce,validation
3874600835.jpg,3,CMD,d66466d807063edb,validation
3874646533.jpg,1,CBSD,d4d626633b791c85,test
3874850680.jpg,3,CMD,d43f78b73800d9b2,train
3874878415.jpg,3,CMD,c10d0f1e1925b7be,validation
3874882922.jpg,3,CMD,c8d5672693d54caa,train
3874993628.jpg,3,CMD,85bd6a90e8188fed,train
3875177069.jpg,4,healthy,d12d2e84dae25d72,train
3875484369.jpg,3,CMD,95346fe0f05231db,train
3875805054.jpg,3,CMD,a2f65b549870f82b,train
3876080250.jpg,3,CMD,9c4e6a934d64b24f,validation
3876087345.jpg,3,CMD,c8bc2d898715e537,validation
3876148963.jpg,4,healthy,c1e23b9528adb669,train
387670192.jpg,3,CMD,828b7869391735d7,validation
3876777651.jpg,3,CMD,d991314973ee4762,validation
3876871057.jpg,2,CGM,d4a33a951747688f,train
3876878549.jpg,3,CMD,b0d95bad9da2a851,train
3877043596.jpg,3,CMD,87e11923163f2db5,train
3877698675.jpg,3,CMD,ddb6297b181f0c4c,train
387772759.jpg,3,CMD,cfb2228827bf78c2,validation
3878214050.jpg,1,CBSD,959f368fa6929416,train
3878279808.jpg,0,CBB,93ac7a2b05d447cd,train
3878478005.jpg,2,CGM,c9b04433565ae775,validation
3878495459.jpg,3,CMD,f99107be46ad408f,train
3878767715.jpg,3,CMD,99a6699123fa84db,train
3878803293.jpg,3,CMD,91082c75d393c7dd,train
3878854578.jpg,2,CGM,c03a5d5779621e5a,train
3878867821.jpg,3,CMD,d6e93ae00c6649cf,validation
3879394937.jpg,3,CMD,80d03da9371c7bb5,test
3879655912.jpg,3,CMD,88fc3696b47785c4,test
3879720727.jpg,1,CBSD,c13f30d8fa0fc0b3,train
388002605.jpg,3,CMD,98dd6d92b16c0e9a,train
3880085819.jpg,2,CGM,8ef222f24f715ca8,train
3880254716.jpg,0,CBB,f5800e9e937a692d,test
3880530404.jpg,4,healthy,d3e4671825545b8f,train
3880721275.jpg,4,healthy,e8746922383ab6e7,test
3880993061.jpg,3,CMD,e20e174c2873796f,train
3881028757.jpg,1,CBSD,9edb6161969c6968,validation
3881936041.jpg,3,CMD,dc1764e484c3d9f8,train
3882109848.jpg,3,CMD,f49413d94b537b09,train
3882450563.jpg,1,CBSD,c0da639ee0de9817,train
3882458242.jpg,3,CMD,caca2aa1a14e55fb,train
3882641600.jpg,4,healthy,c3d23acc78ea278c,train
3882757126.jpg,0,CBB,95ecc912ecd3a4d1,test
3882947343.jpg,3,CMD,9dc4281fee8f52c2,train
3883234198.jpg,3,CMD,89dc69a352333e5a,train
3883619228.jpg,3,CMD,d3ba4f29b4c78530,train
3883954527.jpg,3,CMD,886a0dbb657507ae,validation
3884189662.jpg,1,CBSD,853e5ac41fa9b44b,train
3884199625.jpg,2,CGM,8cf860f6b9d85ea0,test
3885060393.jpg,3,CMD,d5d97a8d1ba1b811,train
3885271451.jpg,3,CMD,84642929e5a7cf8f,validation
3885318661.jpg,3,CMD,90f63fa02eb48e4e,test
3885417321.jpg,3,CMD,839e34c216da3e7c,train
3885533035.jpg,3,CMD,c4b624c77e808fcd,train
3885669977.jpg,3,CMD,d397731d3926444e,validation
3885695359.jpg,3,CMD,89911f8b1f15e4e5,train
3885779532.jpg,3,CMD,a98703370891fe7b,test
3885885091.jpg,3,CMD,ab94733a23b6d642,train
388597288.jpg,4,healthy,c0a435c9107f37f3,validation
388681480.jpg,3,CMD,b23a00fe65955ec9,validation
3886831141.jpg,0,CBB,b3ad6cf1787170a0,test
3886893449.jpg,3,CMD,d3b5f5e0a18b1427,train
3887471395.jpg,3,CMD,d4b73cd6cbe1011c,train
3887613980.jpg,4,healthy,90ce53f82c53e9a5,train
3887630301.jpg,1,CBSD,c1a740a036fa77f1,train
3887762313.jpg,0,CBB,8ec369b4fa2a29b1,train
3887778156.jpg,3,CMD,95c16ef228b5726a,train
3887841780.jpg,3,CMD,ccd82f663d1b2714,train
388808106.jpg,4,healthy,d2db72532f2c3126,train
388811074.jpg,4,healthy,849b732bccc0e63d,train
3888347347.jpg,1,CBSD,d77b29032e4ce8c5,train
3888417973.jpg,3,CMD,80fc7e0a05d2c3f7,train
3888500547.jpg,3,CMD,84c37ef64b886553,train
3888625899.jpg,1,CBSD,e3e527032db8971a,train
3888715055.jpg,2,CGM,d1f17ac718b71231,train
3888745302.jpg,3,CMD,dd49398919cf4175,train
3888912096.jpg,4,healthy,92c26c9998b66b5b,train
3889376143.jpg,0,CBB,808774e975ac361f,train
3889598211.jpg,3,CMD,cad071dd8d075536,train
3889601162.jpg,3,CMD,84a633fcf1339e81,train
3889664923.jpg,0,CBB,8e981dce17ec23a6,test
3889929360.jpg,3,CMD,85d8494f7a763133,train
3890028425.jpg,3,CMD,bddbe2531638a078,train
3890031422.jpg,4,healthy,c6626785c7575670,train
3890689694.jpg,0,CBB,c9c510dfc531a8af,train
3891613214.jpg,3,CMD,84a46faf729bba80,train
3892133252.jpg,2,CGM,c39c7e634aa2b44e,train
3892268539.jpg,4,healthy,87d82b6454da4b6d,test
3892349499.jpg,3,CMD,b1df003fc45d0736,test
3892366593.jpg,1,CBSD,83991866e7e96d94,train
3892421662.jpg,3,CMD,84383b7f3db9406a,train
3892571667.jpg,3,CMD,da8274e23abc14af,validation
389266721.jpg,3,CMD,b2d17bac90b6e843,train
3893240286.jpg,3,CMD,c1d469cc352becca,train
3893486211.jpg,1,CBSD,c7c62839393327d3,train
3894043891.jpg,0,CBB,85926a4e59b790f9,train
3894046689.jpg,3,CMD,d6690e8702b99fc3,validation
3894252372.jpg,1,CBSD,99be62c28ddaf230,train
3894262995.jpg,3,CMD,d5f221966a3d3839,train
389430257.jpg,3,CMD,bdb2aff0d41080fa,train
3894374092.jpg,4,healthy,c45b39063de55b34,test
3894758285.jpg,3,CMD,d387692e90bb1725,validation
3895415076.jpg,3,CMD,9cf9167844c8f9e2,test
3895696806.jpg,1,CBSD,dabc245b17349e92,train
3895832332.jpg,3,CMD,c2df2473336ce614,train
3896038163.jpg,3,CMD,c2f2707c6c0d1b5e,train
3896158732.jpg,3,CMD,e82343e19c4ec9de,validation
3896233159.jpg,3,CMD,8dcc6236a68f3a71,train
3896618890.jpg,3,CMD,c8c1164be2691ff6,train
389664208.jpg,1,CBSD,9e5a319566d8a547,train
3896744621.jpg,3,CMD,94a739a081dec5dd,train
3896971387.jpg,3,CMD,d1251a7f62e348e6,train
3897147846.jpg,1,CBSD,d6d4788c071e9acd,train
3897234034.jpg,2,CGM,e0cf9051f2257f61,train
3897775750.jpg,1,CBSD,d5cb31de324a45b4,train
3898690121.jpg,3,CMD,d59e4a425f9bc22c,train
3899103112.jpg,3,CMD,91d450fb245e9ad9,train
3899344477.jpg,3,CMD,e3b140d332f464de,train
3899345868.jpg,3,CMD,dcb657fc11208973,train
3899465597.jpg,3,CMD,8a8d6ad335531ec5,train
3899499666.jpg,3,CMD,de313be2a2dc38c2,train
3899552692.jpg,3,CMD,94ad0cd8388bdbe5,train
3899742169.jpg,3,CMD,83bcb393ad8390dc,test
3899800621.jpg,4,healthy,81db4a99eec8266d,train
3899862618.jpg,4,healthy,84b05f6c0fe54bb4,test
3899864184.jpg,4,healthy,96966a6b92a465ae,test
3899993787.jpg,2,CGM,83972ab8115b2ded,train
3900273421.jpg,3,CMD,c7dd68a637921351,train
3900389809.jpg,4,healthy,c38746c696c6d71c,train
3900465261.jpg,3,CMD,d2fe04e34d4d0d0f,test
3900516999.jpg,3,CMD,83e62f69d22d4b4a,test
3900670329.jpg,1,CBSD,c34977704a1558f7,train
390092040.jpg,3,CMD,c3d34eb451b9f00e,train
3901047977.jpg,3,CMD,d51817b8694f5a8e,train
3901106289.jpg,4,healthy,c2c1c3d0ccd3cf9a,test
3901707697.jpg,3,CMD,849e4ec7e1ef28a8,train
3901976814.jpg,2,CGM,c3c933cd5c6611b3,train
3902258534.jpg,3,CMD,98d02f8677872da3,train
3902366551.jpg,3,CMD,9c3e325727474af0,test
3902577668.jpg,4,healthy,b9d568d96f83604a,train
3903061062.jpg,4,healthy,8deb3635fd742880,train
3903081280.jpg,3,CMD,ce8fa5a52cd8c8d8,validation
3903538298.jpg,3,CMD,f2a51df30d90f047,test
3903622847.jpg,4,healthy,8faf6dc402a1f1b8,train
3903787097.jpg,0,CBB,87186db5acd73238,train
390391500.jpg,3,CMD,93cd6652e4431e7a,train
3904023913.jpg,2,CGM,84bf64857ad44f70,train
3904151501.jpg,3,CMD,88b2634d5ae3d3a5,validation
3904457207.jpg,1,CBSD,c46f2cc12bb9167a,test
3904531265.jpg,3,CMD,d5c4b9117a2f02f9,train
3904937505.jpg,3,CMD,d6be7252c2cb1aa8,train
3904989683.jpg,3,CMD,8be33c8f1594c95a,train
3905145362.jpg,3,CMD,859b285879d51b9b,test
3905302037.jpg,0,CBB,fecc0537c0a1c99e,train
3905810067.jpg,3,CMD,8b96653d85ce8729,train
390601409.jpg,4,healthy,99b862f22aae9aa9,train
390615617.jpg,3,CMD,c9b14699bc701ced,train
3906485843.jpg,1,CBSD,85710fa75847d9a5,train
390671974.jpg,3,CMD,86e6c7925e965c52,train
3906746575.jpg,2,CGM,d5f57697422a3506,train
3906795455.jpg,3,CMD,e491338bb8b4e4c7,test
3907599296.jpg,1,CBSD,c6da64c8e6e6c2e1,train
3907605648.jpg,1,CBSD,cab127c1bac9e694,train
3907794164.jpg,3,CMD,c8f7371c516f1215,train
3907844004.jpg,3,CMD,ee853b27343b819c,train
3907855912.jpg,2,CGM,962652c84b1e2bfb,train
3907936185.jpg,3,CMD,dfa52142df804b5e,train
390879098.jpg,2,CGM,829f3cf3e5f10d80,train
3909057891.jpg,3,CMD,d5f63bc4241b032f,train
3909196241.jpg,3,CMD,cb822f80f6e17a95,train
3909366564.jpg,2,CGM,9da13619e3d6f106,train
3909502094.jpg,1,CBSD,c492271c36f59d27,train
3909952620.jpg,3,CMD,9458790e21f3f1d9,test
3909976071.jpg,3,CMD,b6803205ad6e6fd3,train
3910075821.jpg,3,CMD,bcdf0503f5837115,test
3910162936.jpg,4,healthy,98dc768794b51d26,train
3910372860.jpg,3,CMD,b7561fd742990992,train
391046193.jpg,4,healthy,c68e211b5ba96d27,train
3910758251.jpg,1,CBSD,ccb32ee157e85912,validation
3911320741.jpg,3,CMD,c09e6617d939329d,validation
3911343198.jpg,4,healthy,db86090f1d184f7e,train
3911564125.jpg,3,CMD,9c07b9c7846fb119,train
3911971056.jpg,3,CMD,83c15a71cee86dc3,test
391233797.jpg,1,CBSD,93a425b5cc4a6f8e,train
3912538989.jpg,2,CGM,dbe94a61e4117c99,validation
391259058.jpg,3,CMD,d1b032d674726bc5,train
3912822365.jpg,3,CMD,e619a75b34b1529c,validation
3912842940.jpg,3,CMD,91b37bea2e05538a,train
3912926258.jpg,2,CGM,829e92e2139b5797,train
3913384912.jpg,0,CBB,8c8567d0d87f3391,test
391364557.jpg,4,healthy,8bf53697c06a4574,train
3913664114.jpg,3,CMD,ccaf63c3109bb0bc,train
3913684904.jpg,3,CMD,c4936c974cc6d4a7,validation
3913726538.jpg,4,healthy,d20f3ee37e204197,train
3913747475.jpg,1,CBSD,c5bc78c29e71212f,train
3913823345.jpg,3,CMD,95943b3ecdd33045,test
3914082089.jpg,2,CGM,d6f247681fd007c9,train
3914210670.jpg,3,CMD,95e462a9914acfcd,train
3914258603.jpg,2,CGM,91f265602f9437ea,train
3914399588.jpg,3,CMD,8c862ec0bfcb07ab,train
3914443109.jpg,2,CGM,a7a322a6a385ecb6,validation
391446086.jpg,3,CMD,9ff40e1a4643f0ec,train
3914596588.jpg,4,healthy,89cc7b196ac1e4f1,validation
3914861285.jpg,3,CMD,c93638e31ef9070e,validation
3915016999.jpg,3,CMD,93a2179ba8d190fd,train
3915084203.jpg,4,healthy,d6f076db28861aa6,train
3915312259.jpg,3,CMD,b59a7d4b692305b4,train
3915770795.jpg,4,healthy,8ada712e44c18f7b,validation
3915798419.jpg,3,CMD,c3d53dc0eefc0407,train
3916116689.jpg,3,CMD,d4c23fbb53e1a08c,train
3916184464.jpg,3,CMD,830f3723ef990d62,train
3916273768.jpg,3,CMD,84d07c5c79cb523b,train
3916296928.jpg,3,CMD,936439f0259bf52c,validation
3916325283.jpg,4,healthy,9c857539633436b6,train
3916490828.jpg,3,CMD,dd306260decc587b,train
3916856956.jpg,3,CMD,f8a572f81bd8140f,train
3916952376.jpg,3,CMD,a7d33944b6263475,test
3917172098.jpg,4,healthy,94db67a46e0e32d8,train
3917185101.jpg,3,CMD,9cf879950aac562e,validation
3917312205.jpg,3,CMD,963f2ec56ca08bcc,train
3917412702.jpg,3,CMD,871c1f635ccf0699,train
3917462304.jpg,1,CBSD,80b95fed2635688d,train
3917534292.jpg,4,healthy,84859e70c38efe2b,train
391785248.jpg,2,CGM,92cbbb201f5e087e,train
3917910837.jpg,3,CMD,a8fc31ae85a267ca,test
3918240878.jpg,3,CMD,942605635ded6acd,train
3918409158.jpg,3,CMD,9496b191d8bb7b48,train
3918476365.jpg,3,CMD,d4f0c35e2c3871e5,train
3918504833.jpg,3,CMD,f0e6704b4b9cb370,train
391853550.jpg,3,CMD,8b82a58bb686bfb0,train
3918738167.jpg,2,CGM,9b8825815f8e5bb3,validation
3918869320.jpg,2,CGM,954c64634e9c3adb,train
3919110751.jpg,0,CBB,c5923bb18515ba6e,test
3919261355.jpg,4,healthy,99e305621b87fb1a,train
3919714704.jpg,3,CMD,96ad524361b7c89d,train
3919902591.jpg,3,CMD,906f52096f7706ae,train
3919958764.jpg,3,CMD,c4c15f3e185e6672,train
3920121408.jpg,3,CMD,faabf4d554c080e5,validation
3920433539.jpg,0,CBB,dcf161cec134ce61,train
3921328805.jpg,1,CBSD,e4bf3e784e2c3a10,validation
3921494709.jpg,1,CBSD,c3fc3e9265c4648b,train
3921597155.jpg,3,CMD,a9b966ae5450d5d4,train
3921731195.jpg,3,CMD,dc1739aab46611cb,test
3921833845.jpg,4,healthy,82f0cf0fc36c32c7,train
3921883987.jpg,3,CMD,93d36e424b39c4cd,train
392227472.jpg,3,CMD,cef20992e4dc3a9c,train
3922831035.jpg,3,CMD,d36c3ab28d730e38,train
392285680.jpg,3,CMD,c2fd3d32a2839e29,train
3923213129.jpg,3,CMD,c0ff33037f0805b7,test
3923316959.jpg,1,CBSD,dada2d8a8ecf882c,train
3923826368.jpg,3,CMD,d68565e2bab92839,train
3923893955.jpg,3,CMD,c3bc67c32b9d5141,train
3923903983.jpg,3,CMD,8dba697745e4c238,train
3924060027.jpg,3,CMD,92e1699ab6666a39,train
3924061539.jpg,3,CMD,d7ac08f86885abdc,train
3924101300.jpg,4,healthy,998c848ac7d7e267,test
3924271775.jpg,4,healthy,d9ee6a8595282a76,test
3924372198.jpg,0,CBB,9a8d675a4c50ccb7,train
3924533072.jpg,3,CMD,d9f7027569086763,train
3924598099.jpg,4,healthy,9a09781eec5ec6d1,test
3924602971.jpg,1,CBSD,9d989b94a52c3cc7,train
3924666081.jpg,4,healthy,87ae2525a58fd692,test
3924823843.jpg,3,CMD,c03d3fd9c0861ff0,test
3924935731.jpg,3,CMD,9ec3643e2f28c555,train
392503327.jpg,4,healthy,988b7e0457d877c2,train
3925441906.jpg,3,CMD,8be49563bd124fa8,train
3925504132.jpg,1,CBSD,c2ae74d18fa9f260,train
3925869140.jpg,2,CGM,d4aa4bcd38ae4b49,train
3925921042.jpg,0,CBB,d1e3621fc0373137,train
3926325186.jpg,3,CMD,e0846a9316b9ed7a,train
3926359515.jpg,4,healthy,d1d695c295d9a8e4,train
3926362029.jpg,3,CMD,9bce46b598387493,test
3926636513.jpg,3,CMD,907668e192f1ed5a,train
3927071065.jpg,3,CMD,972634b3b511d35a,train
3927113290.jpg,1,CBSD,95e66ebe2a830f48,validation
3927154512.jpg,3,CMD,e22ee1c0abc5c0ef,train
39272616.jpg,3,CMD,e5cb98b4456bbc14,train
3927374351.jpg,4,healthy,8d8d729099a2f573,train
3927648973.jpg,3,CMD,967710d894336ecd,test
3927863529.jpg,3,CMD,adb556544bf3e280,train
3928671875.jpg,3,CMD,c163359b2ce4fe09,train
3928691677.jpg,3,CMD,fc85016b2ccc6ef1,test
3928789907.jpg,3,CMD,d0cd275bf0032f78,train
3928883065.jpg,0,CBB,8db5308f22f2ec36,train
3929091708.jpg,1,CBSD,d5d2687930e9066f,train
392932902.jpg,3,CMD,85818cf59ceb9e0e,train
3929446886.jpg,3,CMD,d0cd756ca123683f,test
392955098.jpg,1,CBSD,869e714aca2c53eb,validation
3929563056.jpg,2,CGM,d16c38a3789a3f64,train
3929583160.jpg,3,CMD,849d4e4e58cf1f32,validation
3929739835.jpg,4,healthy,8c2e71e10b53f396,train
3930583360.jpg,3,CMD,84a861810efef3db,train
3930678824.jpg,4,healthy,e5851f410f7c8ad9,validation
3930711994.jpg,1,CBSD,869d766a64e062e7,validation
3931118111.jpg,2,CGM,bd912ccf1b325d22,train
3931486036.jpg,3,CMD,c13c25fe79af1890,train
3931510634.jpg,3,CMD,c5d3450fb60f2387,train
3931679914.jpg,4,healthy,81c7730d0f5f6907,validation
3931881539.jpg,4,healthy,8c8e6e99a283df58,validation
3932078375.jpg,3,CMD,85d05f6f105937c3,train
3932805236.jpg,3,CMD,d33603c94d8dc4f3,test
3933215613.jpg,3,CMD,9c226c1de3cb2f58,validation
3933486444.jpg,3,CMD,9de86e37a69904c9,train
3933504809.jpg,3,CMD,d0ce3d2f78307c13,train
3934102198.jpg,2,CGM,c6b643eeb009be29,train
3934216826.jpg,3,CMD,d6eca5a9c25ab445,train
3934324651.jpg,3,CMD,8564677774bb3824,train
3934403227.jpg,4,healthy,de222c6b80cbfd86,train
3934432993.jpg,3,CMD,c0b36e7c3a871867,train
3934500328.jpg,3,CMD,b2b34bc447d827b2,train
393454171.jpg,3,CMD,b9b130f1e1e1d352,train
3934839031.jpg,0,CBB,c1c17a69e1f66986,test
3934860878.jpg,3,CMD,d39320381e9f2f63,validation
3934961843.jpg,2,CGM,83b9305f40f7c8e9,validation
3935356318.jpg,3,CMD,f6bb181a2f047b8a,train
3935947721.jpg,3,CMD,f5d00165dbb34d58,train
3936119100.jpg,1,CBSD,d0d6726e2e283795,train
3936277260.jpg,3,CMD,dca9519053e60cdf,train
3936409470.jpg,3,CMD,8e24799a6344ff15,train
3936500329.jpg,1,CBSD,d3966c49623d89f2,train
3936921182.jpg,3,CMD,d2a463de19338ec9,train
3936947033.jpg,3,CMD,d0f472e229c431df,train
393700734.jpg,3,CMD,9c6b428f5caa55d4,test
3937113276.jpg,3,CMD,93cc7970fe083167,validation
3937616933.jpg,3,CMD,8fa1708e7296f44b,validation
3937688223.jpg,3,CMD,ce9ce1833fa0d352,train
3937810828.jpg,4,healthy,e39c6615aa8a3fe0,train
3937884194.jpg,3,CMD,85c431087971eebf,train
3937938312.jpg,3,CMD,fbc1a19754628f32,test
3937945582.jpg,3,CMD,96df6a698e443471,validation
3937975751.jpg,3,CMD,c3816b6bc3c9ea86,train
3938319761.jpg,3,CMD,d7b8211e871e7478,validation
3938349285.jpg,0,CBB,b9fb34bb9091130d,validation
3938379090.jpg,1,CBSD,95d472a939ca81f5,train
3939103661.jpg,3,CMD,93d946965c3f854a,train
3939283062.jpg,3,CMD,85f269b762077c61,train
3939484904.jpg,1,CBSD,84c66a9c5071bff1,train
3939876859.jpg,0,CBB,9486056e3f9c32bd,validation
3940020212.jpg,3,CMD,8955ec7a33c11337,test
3940346798.jpg,3,CMD,84932b9ba5859f8e,train
3940378567.jpg,3,CMD,9fa9a9dbd490505a,train
3940775830.jpg,1,CBSD,c18a71c228b7757e,train
3941011892.jpg,3,CMD,c0e66be559d4b542,test
3941031533.jpg,3,CMD,b44d5bcf76a0c40d,train
3941065360.jpg,1,CBSD,d6d67006532976ad,train
394124525.jpg,2,CGM,904e263c67b42d3f,train
3941711412.jpg,1,CBSD,da24c79c2be71923,test
3942046671.jpg,3,CMD,a29f2cbce4c9e415,test
3942244753.jpg,3,CMD,be119223db3c539c,train
3942325428.jpg,1,CBSD,94b978a44f7e9143,train
3942445509.jpg,3,CMD,986726a7d9781e13,train
3942542694.jpg,3,CMD,dae22e3791882b97,train
3942751753.jpg,3,CMD,ccf7f86803b14a53,train
3943143244.jpg,3,CMD,8679267a1c3771c5,train
3943173652.jpg,2,CGM,8fa71b08a649a47f,validation
3943325497.jpg,3,CMD,81cba55335ad4cba,train
3943338687.jpg,2,CGM,c8e17216703f1a7b,train
3943363815.jpg,3,CMD,a7a067a121f7d0d9,train
3943400574.jpg,3,CMD,f94c5e89459ae893,train
3943448361.jpg,3,CMD,a08f896997fa88f8,train
3943522755.jpg,1,CBSD,d6523aed4b907c49,train
3943561063.jpg,3,CMD,cb597380173e70ec,train
394362390.jpg,3,CMD,cd3b339ccfb02852,train
3943832883.jpg,3,CMD,c0f8236d3ffa5206,train
3943961452.jpg,3,CMD,d5d51f3901490f3d,train
3944227506.jpg,3,CMD,83ae71bd194d2738,train
3944375871.jpg,3,CMD,94f66f0170ec8b99,train
394451018.jpg,1,CBSD,fd8d6c1a75703861,train
3944566717.jpg,3,CMD,d0ca697647517ec4,validation
3944665057.jpg,3,CMD,a0bd61f831d52b5a,train
3944841972.jpg,0,CBB,809e263e2f7c72a9,train
3944854455.jpg,3,CMD,dbc8729633237172,train
3944969366.jpg,1,CBSD,88986f0d8a6ae77a,train
3945022752.jpg,3,CMD,c6812176ab19fcea,train
3945098769.jpg,3,CMD,c515356528dc6ceb,test
3945302689.jpg,3,CMD,8ec45ab897c87ae8,test
3945332868.jpg,2,CGM,e1340d755ac3bea8,test
3945524682.jpg,3,CMD,869f2cd72893cd26,train
3945661310.jpg,1,CBSD,d7ca1c316ed9c232,train
3945696869.jpg,1,CBSD,dd94370e131c8f35,train
3945872805.jpg,1,CBSD,c32c60c73cdb0fc6,validation
3946178245.jpg,1,CBSD,d3fe719ab2f04122,train
3946275432.jpg,3,CMD,88bc46ccf5ece388,validation
3946349421.jpg,3,CMD,9d2556c6651297f8,train
3946349972.jpg,4,healthy,c08c9df3794d292d,train
3946409758.jpg,4,healthy,98356546869b99ed,test
394700634.jpg,3,CMD,c1f74ab55364605d,train
3947021884.jpg,3,CMD,b55f45017f32c872,train
394713210.jpg,3,CMD,d0e16546d40ffe25,train
3947205646.jpg,3,CMD,85c24ecb22fc1eea,validation
3947465350.jpg,3,CMD,cf7263d4151da41b,train
3948282099.jpg,0,CBB,969e7942706da51b,validation
3948333262.jpg,3,CMD,dd1d67e0832b3961,train
3948578342.jpg,3,CMD,c26f79f41c96690c,train
3948905591.jpg,4,healthy,9cfc34d0c2971a1f,train
394906774.jpg,3,CMD,dfd8f1dc98d610c0,train
3949182893.jpg,2,CGM,97cc0b15989ce5b3,train
3949525313.jpg,3,CMD,82bc69667975a172,train
3949530220.jpg,3,CMD,91f84893353aadda,train
3949735560.jpg,3,CMD,db4c2e6c6b35a1a2,validation
3949979223.jpg,3,CMD,d54a66b637190be1,train
3950024947.jpg,2,CGM,8db225db6619e1cc,train
3950138340.jpg,3,CMD,fea64c967f98a420,train
3950261672.jpg,0,CBB,9a31368afdd6023d,train
3950368220.jpg,0,CBB,83b81e8798fef0a8,train
395071544.jpg,3,CMD,c5f24df9a188079d,test
39509515.jpg,2,CGM,9e8b2730cbafc4c1,train
3951033852.jpg,3,CMD,e056279c659a7b86,train
3951364046.jpg,3,CMD,9c687fb64f076019,validation
3951384519.jpg,3,CMD,88fc73aa25171aba,train
3951445657.jpg,0,CBB,9cb16fc3041f78e1,train
3951490557.jpg,3,CMD,d08669bd26411dfe,train
395181448.jpg,4,healthy,953037a82d68eb5d,validation
3951881914.jpg,3,CMD,8e4877c9c2b964cb,train
3951984081.jpg,3,CMD,8368f2f1c79b0c4d,train
3952278648.jpg,3,CMD,fe410f7016f9c866,train
3952426045.jpg,3,CMD,97c076e248c15bf9,test
3952521277.jpg,2,CGM,dbe2605b9c3aa992,test
3952532444.jpg,2,CGM,d9d46d940a65e3b1,train
3952546193.jpg,3,CMD,e795ba955b443078,train
3952799769.jpg,3,CMD,d904635ad8692ddb,train
3953140534.jpg,3,CMD,84ac5e8a48b33fcb,train
3953222407.jpg,2,CGM,d0c5653343ee9b31,train
3953247024.jpg,3,CMD,96de07b953142ed1,train
3953327881.jpg,2,CGM,95c27aad24bc3ac3,train
3953331047.jpg,3,CMD,992a3ba2a6d269bc,test
3953514366.jpg,3,CMD,d2d36a0727e1f078,train
3953530273.jpg,3,CMD,d1c77b7c1341a866,train
3953560426.jpg,3,CMD,95f22d992ebd3045,train
3953648207.jpg,1,CBSD,82ef0097177cd0de,test
3953857113.jpg,1,CBSD,85d979a61e8b5558,train
3953901317.jpg,4,healthy,c6d939273f19290d,validation
3954180556.jpg,3,CMD,c88a3d5cb8a3e497,test
3954239221.jpg,2,CGM,d1f02bc96c9c2756,train
3954387963.jpg,2,CGM,93fe7cd795870500,train
3954399974.jpg,3,CMD,85fc07e6789603ba,test
3954487465.jpg,3,CMD,edfd1f0d164268e0,train
3954910918.jpg,2,CGM,959b6edc28a22e93,train
3955391972.jpg,0,CBB,cdf97292554e31c4,test
3955442838.jpg,0,CBB,d4d92936c115eee2,validation
3955739563.jpg,4,healthy,c0c0888fafefe1a9,train
3955931830.jpg,3,CMD,9ccc3c918c1aca7f,train
3955972139.jpg,3,CMD,cbc51e7c2c1fd424,train
3956075690.jpg,3,CMD,d4b5451d2373e8cc,train
3956077728.jpg,1,CBSD,c8f60f88b56f27c0,validation
3956155774.jpg,2,CGM,c117393cd19f4cb2,train
3956271103.jpg,3,CMD,92f328e3ab2d436c,train
3956372146.jpg,1,CBSD,d99b3ee089b2a0f8,validation
3956407201.jpg,4,healthy,919c6367f7102799,train
3956550570.jpg,3,CMD,9bde66a409d17266,train
3956605397.jpg,3,CMD,81977ade5f693048,validation
3956778160.jpg,0,CBB,b2c4c6dad4d46a1e,train
3957562076.jpg,2,CGM,d1a8561fce7209e6,train
3957612771.jpg,2,CGM,c6b73c87709cde10,validation
3957807023.jpg,4,healthy,88a9663e7d3e194c,train
3957819631.jpg,1,CBSD,a7b5b383b8aea188,test
395820132.jpg,3,CMD,84db3eac47e0f4c2,test
3958304403.jpg,1,CBSD,def929b4526b9c04,train
395852128.jpg,3,CMD,c6f734de6692128c,train
395853907.jpg,3,CMD,91f1211071317ffd,train
3958714206.jpg,3,CMD,84db3567dac0683d,train
3958986545.jpg,3,CMD,8e5f349e70a1c726,train
3959033347.jpg,0,CBB,c8b634895b1cb676,train
3959151804.jpg,3,CMD,cc8cbddb13938781,train
3959266436.jpg,3,CMD,89b752e41bf91cc2,validation
3959470813.jpg,3,CMD,89596346bc97faa0,test
3959970856.jpg,3,CMD,cb9c32969063d6bc,train
3960301906.jpg,3,CMD,d5cdaca60c7b3292,test
396042395.jpg,3,CMD,822e383ddb81c7e6,validation
396060343.jpg,1,CBSD,80f3f6b801fdacd0,train
3960669389.jpg,4,healthy,828967b89f337166,test
3960791119.jpg,3,CMD,c7f82376880d7963,train
3961078700.jpg,3,CMD,82866d893e674ee9,train
3961117682.jpg,1,CBSD,d7cb2b18649231fc,train
3961136833.jpg,0,CBB,93e474b9575c093c,train
396152951.jpg,3,CMD,d0b08cbef6bc3306,train
3961645455.jpg,3,CMD,d89d370a7e3b8509,train
3962057162.jpg,3,CMD,cab967a24d932d51,test
3962294427.jpg,3,CMD,c59773114dec4953,train
3962424026.jpg,3,CMD,d38d3ed1069f0d92,train
3962684748.jpg,1,CBSD,94556eea69d4918b,train
3962830486.jpg,3,CMD,83e734e2721b63e4,train
3962941156.jpg,3,CMD,cc5a6701b71463f5,train
3962965208.jpg,3,CMD,8de242bd4e0fb433,train
3963041758.jpg,3,CMD,ed452c1eabc855c6,train
3963163426.jpg,4,healthy,80cf1f4b4994ec5b,train
3963194620.jpg,3,CMD,c57c7cba366b40b0,train
3963293417.jpg,3,CMD,852e3b0a38bb3e3c,train
3963421928.jpg,3,CMD,c3cc783848b75a37,train
396350327.jpg,3,CMD,c9e82fa623a725a3,train
3963572251.jpg,2,CGM,81d73577c2555645,train
3963604072.jpg,0,CBB,9ea10d5f32177a70,train
3963914024.jpg,2,CGM,da8364145b7c1e2f,train
3963917355.jpg,4,healthy,88e62ab38e2df29a,train
3963919295.jpg,1,CBSD,c2b330c80fdc772b,test
3963996017.jpg,3,CMD,d8cb1d3b34971741,train
3964029612.jpg,4,healthy,88de6268aebb49b8,train
3964066128.jpg,3,CMD,85c9ca2466ead2f6,validation
3964069198.jpg,3,CMD,87c8797ce43b20cd,train
3964074425.jpg,3,CMD,c6ec1081575bdda6,test
3964080612.jpg,4,healthy,a8c11afee450a5af,train
3964124529.jpg,2,CGM,c0c92df12b1b2797,train
3964194408.jpg,2,CGM,bcc81fb2c1f6c885,validation
3964240864.jpg,4,healthy,c7d321b1b9d807e8,train
3964316261.jpg,3,CMD,91962e2d7ec940db,train
3964372330.jpg,3,CMD,d6cc312e33065bc7,train
3964576371.jpg,3,CMD,c7f83897ac821b8d,validation
3964588616.jpg,3,CMD,d8d95b467ac62ce0,train
3964816822.jpg,3,CMD,c16473bf10966f45,test
3964842875.jpg,1,CBSD,85ac69d09eb0e16f,train
3964876844.jpg,1,CBSD,a493758d13e5d159,validation
3964970132.jpg,0,CBB,c0e46d9ab08b3f39,train
396499078.jpg,3,CMD,dcf82f87924eb481,train
3965026649.jpg,3,CMD,d4cc1f195abf6112,train
3965161877.jpg,3,CMD,b49932c83cb8fc53,train
3965169748.jpg,3,CMD,c9d46c6b25d44a6b,train
396528848.jpg,4,healthy,969f72e04bf47848,train
3966039850.jpg,3,CMD,d6a1d1fd0ac0d8d6,train
3966169079.jpg,3,CMD,97ac5fd528ca3033,test
396625328.jpg,4,healthy,904f78a83d0bb1de,train
3966256467.jpg,0,CBB,97c90c2a37357aa5,validation
3966311153.jpg,3,CMD,c18f58ff98a741a1,test
3966397461.jpg,1,CBSD,90d031ff1e0d6fa4,test
3966432707.jpg,1,CBSD,cd38cdd133c906bc,train
3966618744.jpg,1,CBSD,c99fd97614e12616,train
3966914560.jpg,3,CMD,857d0ae47cb61c33,train
3966975834.jpg,2,CGM,cde90196e69aad15,test
3967002927.jpg,3,CMD,d4e5e1cb7ada180a,train
3967037274.jpg,2,CGM,ab2cb50b466d5a55,train
3967050100.jpg,1,CBSD,97806f82fd010e7f,train
3967891639.jpg,1,CBSD,88f54fd960a0bc1f,test
3968048683.jpg,2,CGM,c9da65c594183f1b,train
3968083899.jpg,0,CBB,92ac6e12cd3ed315,train
396829878.jpg,0,CBB,959b7aa549308f8e,train
3968384941.jpg,2,CGM,9986a99e0bf51ac5,validation
3968735847.jpg,3,CMD,c4df2432720d0f7d,train
3968955392.jpg,1,CBSD,c482239a1d3bb97d,train
3968956447.jpg,3,CMD,d92a7bdc44968d64,train
3969087697.jpg,2,CGM,95dc6b61de20345b,train
3969288877.jpg,2,CGM,89cc66c2b6b2e70b,validation
3969515.jpg,2,CGM,ddab62c29b4b28c6,validation
3969588604.jpg,2,CGM,cad5251bee856338,validation
3969787615.jpg,3,CMD,8bb93d3143e60e9c,train
3969928849.jpg,4,healthy,9282d3db0de96593,train
3970119375.jpg,3,CMD,854b678c3865cbad,test
397081522.jpg,4,healthy,90ac83d8e883bdf9,test
3971043257.jpg,3,CMD,88ac3595455fc36b,train
3971124978.jpg,2,CGM,d96223944ee957a3,validation
3971240417.jpg,3,CMD,dba51e615c926ad4,train
3971401456.jpg,1,CBSD,86b839c6713acc97,train
3971597689.jpg,3,CMD,c5e3ee8fa78e0904,train
3971663926.jpg,3,CMD,833f7ca562a5e245,train
3971676147.jpg,3,CMD,ffe068e582b8454d,test
3972035105.jpg,4,healthy,c1c96bf4d633e230,train
3972201692.jpg,3,CMD,8c37285cd48cd5af,train
3972207361.jpg,3,CMD,93cf2b94430bde29,train
397242175.jpg,2,CGM,c2981d6b39665de4,train
3972834452.jpg,3,CMD,9cce7a8a0eeec8b0,validation
3973042447.jpg,3,CMD,ef172056ef3902d4,train
3973123989.jpg,4,healthy,87b407ff441a7b14,train
3973350310.jpg,3,CMD,85f9431be235bc25,train
3973412468.jpg,3,CMD,d4a56de92aada852,train
3973452259.jpg,4,healthy,c4ad724c95b3c965,test
3973659068.jpg,0,CBB,96e927c2e3f15231,train
3973759314.jpg,2,CGM,e34e37e8126c26b5,train
3973772550.jpg,1,CBSD,9c9663216767e2c6,train
3973846840.jpg,2,CGM,968d1af6c59c9899,validation
3973974283.jpg,3,CMD,81ea76d55ae5a20b,train
3974310104.jpg,0,CBB,de8c203dad7426b5,train
3974406563.jpg,3,CMD,81f04fae6e9a34e8,train
3974455402.jpg,3,CMD,94f619e878532ecc,train
3974644689.jpg,0,CBB,c837e3945ea1534e,train
397477697.jpg,2,CGM,85a278b8969f9ea8,train
3975444429.jpg,3,CMD,cf1962d850f95539,validation
3975487347.jpg,3,CMD,d92f32ea649a0b96,train
3975766951.jpg,3,CMD,9ef863e638a3ac41,test
3975873583.jpg,2,CGM,d3941c332d495de3,train
3976044474.jpg,1,CBSD,c9e831d393973c19,test
3976294368.jpg,4,healthy,86e86beedae08626,train
3976477069.jpg,4,healthy,dd013f403be350e7,train
3976765860.jpg,3,CMD,83953f7e10cf1863,test
3977257761.jpg,1,CBSD,d3d82da96b68542e,train
3977307384.jpg,3,CMD,909dd2a7a6f904ad,validation
3977320696.jpg,1,CBSD,f88711fc80de7705,train
3977561724.jpg,3,CMD,82db35e65249e98e,test
3977718689.jpg,3,CMD,8ebd64c93cab092b,train
3977934674.jpg,2,CGM,90b32dd0511d7dce,test
3977938536.jpg,3,CMD,94a77aa4e1216f56,train
3978175497.jpg,4,healthy,a3bc695115fea942,test
3978296365.jpg,0,CBB,c2e87fac1e9394c4,train
3978345491.jpg,3,CMD,cae86ae373545456,train
3978498326.jpg,3,CMD,c33c63ec80e7f461,train
3978633568.jpg,3,CMD,944e79a7aa117672,train
397896685.jpg,1,CBSD,81f07bc1053afcf1,train
3979130498.jpg,0,CBB,856a63369cd3b8d4,train
3979670694.jpg,3,CMD,94f8319e6af6481d,train
3979826725.jpg,2,CGM,cccb65cf43c29952,test
3980236832.jpg,3,CMD,fc885fb42c333370,train
3980286599.jpg,3,CMD,9ae937f7d0868889,train
3980578262.jpg,0,CBB,db0a6eb6d3254546,train
3980819954.jpg,4,healthy,ebefc75281c0c589,train
398109991.jpg,3,CMD,851e58e2bc4b9337,train
3981217700.jpg,3,CMD,c7357eba45c1ea80,test
3981449307.jpg,3,CMD,d1c66e30b9ada6c1,train
3981645736.jpg,4,healthy,972967b629b54e18,train
3982368414.jpg,4,healthy,96df4bd32580d466,train
3982901070.jpg,0,CBB,c2f0771c07cf231b,train
3982972908.jpg,3,CMD,c3a52eeaa2be84d1,train
3983156415.jpg,3,CMD,84d72a966f8bce05,train
3983257977.jpg,3,CMD,cac4646a0baf8bb3,train
3983529541.jpg,4,healthy,a2ea5ed6e1a96270,train
3983622976.jpg,0,CBB,d2ca6da5158f12d9,train
3984046455.jpg,3,CMD,9cc21366c13d76dc,train
3984082727.jpg,3,CMD,d9b8431cbcc36666,test
3984375685.jpg,3,CMD,8d813fe66be92017,validation
3984703972.jpg,3,CMD,8c943b2630b35ede,train
398530204.jpg,4,healthy,f5a94ab27ad23984,train
3985367860.jpg,3,CMD,8cbd03832483fc7f,train
3985416531.jpg,3,CMD,81f743ff4990c626,train
3985539982.jpg,4,healthy,d3b44c631de283ce,validation
3985545704.jpg,2,CGM,b5db2f87b1d05089,train
3985864340.jpg,3,CMD,c6632bf0f1fc1c06,train
3986073933.jpg,3,CMD,aefc201f48701eeb,train
3986159422.jpg,2,CGM,c5aa39bf74250a0f,train
3986218390.jpg,3,CMD,c1b06d8f0c36dd4e,test
3986415473.jpg,3,CMD,d5b616e96a127a98,train
3986526512.jpg,3,CMD,81b96a5a1e3f164e,train
3986617581.jpg,3,CMD,c2d1424d4d73f1e3,train
3986748411.jpg,0,CBB,8f8307b150f0d73e,train
3986774650.jpg,0,CBB,e6e6b497039c1707,train
3986797492.jpg,3,CMD,d9b31f8a39ec4614,test
3986821371.jpg,2,CGM,854c176a5b0cfe74,train
3986994681.jpg,3,CMD,9148efa623ec147e,train
3987026948.jpg,3,CMD,8cd833514afaa937,train
3987029837.jpg,3,CMD,a2f42b4baaf454aa,test
3987145170.jpg,3,CMD,dcf28a0a3b3931f2,train
3987160874.jpg,3,CMD,82dd071309471ff7,train
3987321075.jpg,3,CMD,df642bd045f62b24,train
3987329576.jpg,3,CMD,cf902edd7fa81902,train
3987330899.jpg,3,CMD,ccd6f34f22d4a226,validation
3987528887.jpg,3,CMD,91d97e0c8dd0391f,train
3987800643.jpg,1,CBSD,f0931c8ca6d95b36,train
3988179260.jpg,2,CGM,d30d2fd70389cc69,validation
3988520173.jpg,3,CMD,d0ad2db924bdf604,train
3988625744.jpg,3,CMD,a9922eda4acd0aed,train
3988748153.jpg,3,CMD,829365ab64579aea,train
3988816967.jpg,3,CMD,b8e74c2235d0b9b6,test
3988908835.jpg,0,CBB,886e7c686b9636b1,train
3989425098.jpg,3,CMD,db2c520f74138de6,train
3989450757.jpg,0,CBB,8ce71e8a24bbe7c0,train
3989567826.jpg,1,CBSD,c5bc6140dae6bc87,test
3989761123.jpg,4,healthy,82e4769d320d3c9f,train
399009476.jpg,2,CGM,b0c049a464fabeb7,train
399128521.jpg,3,CMD,b2c50efb49da2689,train
3991445025.jpg,1,CBSD,aaad7db0b0fc4889,train
3991703391.jpg,3,CMD,9a436fb2b14b4dc8,validation
3991899434.jpg,3,CMD,d1c833153b0ee5b3,train
3992156989.jpg,4,healthy,b3de7601250aee93,train
3992168079.jpg,4,healthy,dad151881db6c6f2,train
3992333811.jpg,3,CMD,d12362cb0bef6233,train
3992509961.jpg,3,CMD,903074e8e96f7d49,train
3992628804.jpg,4,healthy,d0a82d5e79e18f46,train
3993385288.jpg,3,CMD,b5cf0275e74492c3,train
3993406091.jpg,3,CMD,9dff4259e201536a,test
3993445930.jpg,1,CBSD,e9d466c154e6d5c8,train
3993544013.jpg,3,CMD,81330ffe4515b571,train
3993617081.jpg,2,CGM,8581187e72d57b72,train
3994140306.jpg,3,CMD,c3be60872f4f1523,train
3994489797.jpg,2,CGM,9517527b8d11691f,train
3994624875.jpg,3,CMD,cacb67742063297d,test
3994849052.jpg,3,CMD,968d729cc5f83370,train
3994869632.jpg,4,healthy,90be7e989490f0dd,train
3995159118.jpg,3,CMD,d84952d3172b2b3e,train
3995459350.jpg,2,CGM,a4fe3b0b19c07aac,train
3995498206.jpg,3,CMD,82ff01c628bcf3e1,train
3995539083.jpg,3,CMD,91ac2b234f65d0fa,train
3995611090.jpg,3,CMD,def36c6017b8c498,test
3995611401.jpg,3,CMD,83ed1be83b92469c,train
3995652879.jpg,2,CGM,d4b86f9b00666b93,validation
3995855836.jpg,1,CBSD,95c26bb57289ca8b,validation
3995859683.jpg,0,CBB,a4925b1810c7db7f,train
3995871788.jpg,3,CMD,8bea3407a5b81b5b,train
3995905691.jpg,3,CMD,84db608678a6bdc7,train
3995991109.jpg,3,CMD,c5c23674b0dc5b4b,test
3996218398.jpg,3,CMD,83919ef0bf93d184,train
3996410280.jpg,3,CMD,d2366c8c88f1773a,train
3996497470.jpg,1,CBSD,fdc93eaf2a261032,train
3996512301.jpg,3,CMD,a4b69692cb52eea4,train
399652571.jpg,3,CMD,d222693e679dc435,train
3997023855.jpg,1,CBSD,815a75b28f1b3d16,train
3997092474.jpg,3,CMD,92706e4d3713a9f2,train
3997582442.jpg,3,CMD,c08f374936b3639a,train
399780928.jpg,3,CMD,c3e81fbc2b674a05,validation
3997854029.jpg,4,healthy,9c113652ed1e2977,train
3998061368.jpg,3,CMD,81d8ee7c61631d9c,train
3998293147.jpg,3,CMD,988718f74c30ed76,train
3998419018.jpg,2,CGM,c1b994393667f285,train
3998452657.jpg,4,healthy,85bd0ba434e12df3,train
3998460342.jpg,3,CMD,d8fe2707138de0d1,test
3998485682.jpg,2,CGM,fdc25c8ab922fe20,train
3998876448.jpg,3,CMD,9ca15aaf20d0a3fd,train
3998978709.jpg,3,CMD,959b73f51262da41,train
3998982675.jpg,1,CBSD,859e63bc29e5a643,train
3999057498.jpg,3,CMD,c7502f5fc890d83e,train
3999223206.jpg,3,CMD,e19f3e031e1f1263,train
3999758372.jpg,2,CGM,d5e671123af15c1a,train
3999919472.jpg,3,CMD,98d870e506af7c4e,train
4000041992.jpg,2,CGM,80c77f3b68207379,train
4000198689.jpg,4,healthy,9de26a95a6dc504b,test
4000520733.jpg,0,CBB,c18e3a5d74702af3,train
4000584857.jpg,3,CMD,84f2787361a6e5d4,train
400079356.jpg,3,CMD,c1da609b73c2659e,train
4001352115.jpg,3,CMD,8c1b2f6bce1c703c,test
4001662386.jpg,3,CMD,d5d2623331b31cbc,train
4002244325.jpg,3,CMD,c23c0e51c6dadd36,train
4002359446.jpg,3,CMD,97fa77c870b81b20,validation
4002980483.jpg,3,CMD,8b5f5db446627125,train
4003064199.jpg,3,CMD,82ea648ae4ee69ea,test
4003333385.jpg,2,CGM,ced4540b0fb8653d,train
4003454599.jpg,3,CMD,88d42e75b13e3e4a,train
4003743131.jpg,3,CMD,878468273bc97736,train
4003954623.jpg,3,CMD,96e22b6006fad4f9,test
4004133979.jpg,3,CMD,91fbc68e291b6623,validation
4004256594.jpg,1,CBSD,d4eb29f807913bc2,train
4004395307.jpg,1,CBSD,f69c3959a64ac2e4,train
4004655752.jpg,3,CMD,cc597d2a7899a683,validation
4004943921.jpg,3,CMD,dbe84f8c3583e185,test
4005310479.jpg,0,CBB,d4f2bdeaa0a998a2,train
4005501772.jpg,1,CBSD,d15d682c33d7d6c0,train
4005530868.jpg,3,CMD,c6e0669af90493ed,train
4005695464.jpg,1,CBSD,d4b840cd098f6baf,test
400576594.jpg,3,CMD,ace55c9496aca4ab,train
4005806149.jpg,4,healthy,94b33724272ee574,train
4006299018.jpg,3,CMD,c39876b30b5d5465,train
4006518224.jpg,2,CGM,8387859aa745e55b,train
4006579451.jpg,3,CMD,d5b17fdf25281023,train
400659016.jpg,3,CMD,87c63d524a4ac7ad,train
4006771974.jpg,3,CMD,c1933bc213752b5e,train
400686072.jpg,3,CMD,d09f77400f336666,train
4007062391.jpg,0,CBB,88b429c2cdcf6fc1,validation
4007185339.jpg,1,CBSD,c35c209d6c4f2fa6,train
4007199956.jpg,3,CMD,c5883e6f7085a763,validation
4007234267.jpg,4,healthy,8da53f83f44268c7,train
4007496530.jpg,3,CMD,97e32c9c722f15c8,train
4007863717.jpg,3,CMD,95590b3d4771bb81,train
400794559.jpg,4,healthy,d17c79861aa516ad,train
4008326221.jpg,3,CMD,86f01804531fbfcf,train
4008495271.jpg,3,CMD,d53329a706a56c6e,train
4009113191.jpg,4,healthy,8b4a3592a3f479a5,train
4009310147.jpg,3,CMD,d897744f7fcc2880,train
4009415549.jpg,3,CMD,845b61aa63ecb6e1,train
4009427061.jpg,4,healthy,882b6ade03e6b6d8,validation
4009888434.jpg,3,CMD,d8a67838c8569fd4,train
4010033110.jpg,0,CBB,c08729f73d04f85d,test
4010091989.jpg,3,CMD,8cc7c92aa81c76de,validation
4010133596.jpg,3,CMD,a5cfc2cec2a865ac,train
401014506.jpg,3,CMD,a4a8e8cec15fcd07,test
401103417.jpg,3,CMD,c4897136f54d8cbc,train
4011347600.jpg,3,CMD,d5ab54f002f06e79,train
4011584654.jpg,3,CMD,89fe29d60b775068,train
4011808410.jpg,3,CMD,84e707b75c85632e,train
4011855023.jpg,2,CGM,d4f30bd89b564463,train
4012035359.jpg,3,CMD,d2e2259979116767,validation
4012105605.jpg,4,healthy,fe5fbc0a80dca24c,train
4012298941.jpg,3,CMD,9beb6ae8a08656e1,train
4012991652.jpg,3,CMD,d0cb26a7c906af2e,test
4013151880.jpg,3,CMD,db8ef854406326fc,train
4013206965.jpg,1,CBSD,c223028a3ffa1fba,train
4013482004.jpg,3,CMD,a5e964cbd35a4a32,train
4013610919.jpg,3,CMD,9a7272349b3cae85,train
4013834415.jpg,3,CMD,daf03e4689b13e46,train
4013991367.jpg,3,CMD,e48339c889bbd35c,train
4014439076.jpg,3,CMD,84c46d8b8db5b6e8,validation
4014877464.jpg,3,CMD,9de5718c03687373,train
4014881433.jpg,2,CGM,81b06ec347eb217b,train
4014913503.jpg,3,CMD,c4ccc8c289b4ee6f,train
4015277516.jpg,3,CMD,95c25472da32c4fb,train
401560785.jpg,3,CMD,87936e48b352d27a,train
4016073096.jpg,1,CBSD,d92e7363909964ce,train
4016154109.jpg,3,CMD,cb30759916c9b517,train
4016279583.jpg,3,CMD,92df27e06d369831,train
4016400274.jpg,3,CMD,836c73ce50b72de0,train
4016407107.jpg,3,CMD,9bb92986aa516a9b,train
4016547157.jpg,3,CMD,93a00ea639bf316e,train
4016802646.jpg,3,CMD,9eed45705086a5f6,train
4017187341.jpg,3,CMD,c04b6e9520f557ea,train
4017354587.jpg,3,CMD,896378a66bd8ad2c,train
4017387228.jpg,4,healthy,958d6b72c50db9c2,train
4017647533.jpg,2,CGM,cdb34c1936499b74,train
4017689394.jpg,3,CMD,9e7738920d0a359f,train
4017822607.jpg,2,CGM,9a9cb89cacb6a1e4,test
4017896312.jpg,3,CMD,c8f35607b92ec178,train
401790013.jpg,3,CMD,a4dab54a1fea06a9,train
4017977717.jpg,3,CMD,95fe4e43e5e00e2c,test
4018169789.jpg,1,CBSD,888a6bf7369925b4,test
401824702.jpg,4,healthy,c5c23d974247caab,validation
401825012.jpg,1,CBSD,85866e8f989a9c73,train
4018250398.jpg,3,CMD,8de6766a923958a3,train
4018307313.jpg,3,CMD,84b237f0c59415f7,test
4018364725.jpg,3,CMD,c92c5f7236c1d8e8,validation
4018367133.jpg,3,CMD,a540b261d76f2ea5,train
4018898833.jpg,3,CMD,81ae7f0809e476b7,validation
4018949072.jpg,3,CMD,81c23cb535dedc4c,train
4019060671.jpg,2,CGM,c5b36be5347249c8,train
4019065947.jpg,3,CMD,b5af70834f837512,train
4019067935.jpg,3,CMD,cca62a9d3b0d36d2,train
4019214613.jpg,3,CMD,92d5737209b932e5,validation
4019472268.jpg,1,CBSD,8cf63a4d8c1af1c3,train
4019771530.jpg,3,CMD,90c32dda2d434bbb,train
4020055407.jpg,1,CBSD,95a3b9f3e198c944,train
4020073258.jpg,3,CMD,cacae9e9f3e094a0,train
4020138210.jpg,4,healthy,9099bcb89cb89e99,train
4020462779.jpg,1,CBSD,85707eb36d93a468,validation
4020967686.jpg,3,CMD,9b83d6866c9558f1,train
4021015970.jpg,3,CMD,844b5b9d721e9d34,train
4021120982.jpg,2,CGM,d3d835ac9b8b88d2,train
4021769307.jpg,3,CMD,c69f7c192e077027,train
4022000067.jpg,3,CMD,85ad3a022ff3695a,validation
402211676.jpg,3,CMD,87f5719fa4c4c2c8,train
4022128079.jpg,0,CBB,c4db19cc4773c82b,train
4022798796.jpg,1,CBSD,8e953e0a813d3b76,validation
402280669.jpg,3,CMD,85e55a7940cb24fe,validation
4022871563.jpg,3,CMD,d6522fe125c8b63c,train
4022972553.jpg,4,healthy,974b6a6d71647426,test
4022980210.jpg,3,CMD,87b151de66b41f0c,validation
4024341056.jpg,1,CBSD,c4c2648dcfdc9ce8,test
4024391744.jpg,2,CGM,d68423c66b5339b9,train
4024425381.jpg,3,CMD,90bf7a8b8b0622e7,test
4024428406.jpg,3,CMD,de9454b2d00dff50,train
4024436293.jpg,1,CBSD,8cdd90aa6bf16ac2,validation
4024636592.jpg,3,CMD,d4ad0788d3b38997,test
4025247063.jpg,3,CMD,843e2a2564f5f0f3,train
4025505972.jpg,3,CMD,d5ca601d2fe53d22,train
4025590571.jpg,3,CMD,f4a92aa6c65d3469,train
4025854027.jpg,1,CBSD,9d994a4c0e82ff96,validation
4025993930.jpg,3,CMD,89e72912b6ca6f15,train
4026064019.jpg,3,CMD,93c5139837c9ee51,train
402606580.jpg,3,CMD,9d9b37b852c9308e,train
4026684435.jpg,3,CMD,e5f409e652ba70a6,test
4026736343.jpg,1,CBSD,96cc6263ddd81b15,test
4026910494.jpg,3,CMD,8aae5ea4aa1939e9,test
4027254563.jpg,3,CMD,80da718cd66d7ab1,test
4027944552.jpg,3,CMD,8f5e6a0692d15e4b,train
402862496.jpg,3,CMD,c6c3f19b990a1be8,train
402874662.jpg,3,CMD,98895b9e297b645a,validation
402875912.jpg,2,CGM,ff1108817cbf54a9,train
4028806922.jpg,3,CMD,86e96e27728a11f9,test
4028883745.jpg,2,CGM,c798642b8af11cbb,train
4028966918.jpg,3,CMD,91d62493aaa5b8f9,test
4029027750.jpg,1,CBSD,c5b871865be160af,test
402961309.jpg,3,CMD,9dd0733e0cfa50d4,train
402962978.jpg,3,CMD,c0af6e1a084fde39,train
4029728754.jpg,4,healthy,8d3342bba75453cc,train
4029880572.jpg,3,CMD,80d24e89df26b675,train
4029905096.jpg,3,CMD,84f0297f5c12bfb0,train
4030129065.jpg,3,CMD,afaa514c4a5e03e7,train
4030345152.jpg,1,CBSD,818d7d6843e6077e,train
4030356791.jpg,3,CMD,db9039fc9f011b0b,test
4030410880.jpg,2,CGM,cc93692e314e1b75,validation
403051866.jpg,1,CBSD,c265728e19e6ca73,train
4030982383.jpg,3,CMD,8de4725531a24bf5,test
4031122706.jpg,3,CMD,d21a21953bc5f5c3,train
4031188863.jpg,3,CMD,98ac63a7429a3af5,train
4031297900.jpg,2,CGM,d6996fe056a1e22c,train
4031321038.jpg,4,healthy,d59f24ba0bb46750,train
4031374252.jpg,2,CGM,88e2af879ed58187,test
4031511007.jpg,3,CMD,d0d75a7a29b5710a,train
4031523832.jpg,3,CMD,d2ae3071f870966b,train
4031627524.jpg,3,CMD,d05a6285eab555ea,train
4031789905.jpg,3,CMD,d91d3e235cc8073e,train
4031880127.jpg,3,CMD,cd364b05e4ea94d3,train
4031957327.jpg,3,CMD,84fc38e3a519cb2e,train
4032292698.jpg,3,CMD,80d03f1b6d07399f,test
4032326580.jpg,3,CMD,9c6e34f216a129ee,train
403241496.jpg,3,CMD,85ec4f861e4ecb62,train
4032774501.jpg,3,CMD,c1873aa477682ddc,validation
4032903735.jpg,4,healthy,c9ec0fc9d0d172b2,validation
403293009.jpg,3,CMD,8897707b52c99dd4,train
4032940326.jpg,2,CGM,a9de359a09370a3b,train
4033298149.jpg,3,CMD,b1cb219263d9cae5,train
403345253.jpg,3,CMD,c63c27ccb2bec503,train
4033546541.jpg,3,CMD,97ca6c314b15b565,train
403372857.jpg,0,CBB,d3da696131b92b0e,validation
4033870667.jpg,3,CMD,b49f569418d28dae,validation
4034095153.jpg,2,CGM,c55f132965c8d2ba,validation
403422220.jpg,3,CMD,ccf8d9494d43a5e1,train
4034332345.jpg,3,CMD,d0ac1de7725c07c6,train
403440184.jpg,3,CMD,a9da07a1ab07d8f4,train
4034495674.jpg,1,CBSD,d48f1b5e2aa83879,train
4034498053.jpg,4,healthy,a5b5313a6cc4374e,train
4034547314.jpg,3,CMD,9ac2173f38bc06d9,train
4034553253.jpg,3,CMD,93adb2ca5877430b,validation
403458333.jpg,1,CBSD,c0c92c66b73e3636,validation
4034653549.jpg,3,CMD,d4c65c91ed146bb1,test
4034666533.jpg,3,CMD,e3b3e2e19a212b59,train
403476410.jpg,3,CMD,d3e5367821afac50,test
4035576240.jpg,3,CMD,a30961cb9f386cc7,train
4035811730.jpg,3,CMD,cdce6e471189c517,train
4035835394.jpg,4,healthy,82b3afe8ca4c69ca,train
4036100881.jpg,3,CMD,8a4271bd64371e3e,train
4036105950.jpg,3,CMD,93ad752b08657e92,validation
4036237704.jpg,4,healthy,9d682b7631894be5,validation
4036527823.jpg,3,CMD,c31b648d346db666,train
4036777489.jpg,1,CBSD,f6acaca8280aaeed,validation
403680473.jpg,1,CBSD,8dc6366b8f94aba0,test
4037044151.jpg,3,CMD,a0a4b714b4f45a7e,test
4037316351.jpg,3,CMD,9bea026f54d0db91,train
4037341116.jpg,3,CMD,90726ac38b6f13b5,validation
403735844.jpg,3,CMD,99303aa9ed5646da,train
4037393509.jpg,4,healthy,fecc1910bb319ea1,train
4037509269.jpg,3,CMD,e5942f6d895e9498,train
4037648479.jpg,2,CGM,ceca8e8ab2a7a4e4,train
4037735151.jpg,3,CMD,95e860dc34abec9a,train
4037829966.jpg,3,CMD,c20ccc7bad74aa2b,train
4037870925.jpg,3,CMD,9d8c5cc7855233da,validation
4038168935.jpg,3,CMD,98d14aa50edfa35c,test
4038284250.jpg,3,CMD,d6c12ec31c197b69,train
4038344014.jpg,3,CMD,96f6383862ad8ed2,validation
4038568741.jpg,2,CGM,ce8048afb91762db,train
4038643368.jpg,3,CMD,e83125cdec7a343a,train
403910552.jpg,3,CMD,86962de6ad3d125a,train
4039408618.jpg,3,CMD,d49f0faaa9a604e3,test
4039538172.jpg,3,CMD,98cf2db427bc14d2,validation
403963359.jpg,3,CMD,95c319ec23bb189d,test
4039669211.jpg,1,CBSD,d94653d8679d5289,train
4040102956.jpg,0,CBB,c0a73b315d1f65c2,train
4040156841.jpg,3,CMD,99df677844305b61,train
4040452479.jpg,4,healthy,8c7e6c883fdc448e,train
404066691.jpg,3,CMD,846a299a376d67b2,train
4040861068.jpg,3,CMD,845c6b63636ae2f8,test
404115232.jpg,3,CMD,dcac42862d3c573b,test
4041427827.jpg,4,healthy,f4f4decac0c681cc,validation
4042037111.jpg,2,CGM,cb8c2ac37fcad310,train
4042084056.jpg,3,CMD,c3921e6fc2d8cc4b,validation
4042496889.jpg,2,CGM,9e9a2fc8e9d0caa4,train
4042964772.jpg,3,CMD,d3937b24467f0e88,train
4043076131.jpg,4,healthy,d4cf426c6e361ea4,train
4043153792.jpg,0,CBB,ce3881a478a735de,train
4043211245.jpg,3,CMD,c6fe26a478c6530e,train
4043869250.jpg,4,healthy,83c46b35559a8d9d,train
4044063310.jpg,3,CMD,89f11ee2311b46e7,train
4044222946.jpg,3,CMD,81916f36733cd81b,train
4044329664.jpg,3,CMD,b45365d639b03e8a,test
4044444164.jpg,0,CBB,80b27dc6c90f3b74,validation
4044550421.jpg,4,healthy,d7a9389cf3007939,train
4044829046.jpg,3,CMD,bafc3c85464be1a1,train
4044997961.jpg,3,CMD,c299365d0b5e23e3,validation
4045015795.jpg,2,CGM,d417476c3db8fa80,train
4045136417.jpg,3,CMD,9cd740e81fbc34a5,validation
4045142021.jpg,3,CMD,a9f062adf1832d3c,validation
4045262215.jpg,3,CMD,8ec9529c35364bd9,train
4045566880.jpg,2,CGM,fdc36c539ca04dc8,train
4046068592.jpg,3,CMD,94ba634d38f26e94,train
4046154865.jpg,1,CBSD,9cb26dccd317a283,train
4046217352.jpg,1,CBSD,d4af3ddc46b085c2,train
4046239145.jpg,3,CMD,bef8074390a7fe01,train
4046290790.jpg,3,CMD,8de90b97478e72c2,train
4046649903.jpg,3,CMD,8ee1fa80ec81dd66,train
4046661202.jpg,4,healthy,9adb6d60170d2df0,train
4046910331.jpg,4,healthy,8a9615897270bdb7,train
4047167362.jpg,3,CMD,97830b3828fe2f1e,train
4047585545.jpg,3,CMD,806f6724393f0b3d,validation
4047998740.jpg,2,CGM,8cfa5bc43c6a92e2,validation
4048156987.jpg,3,CMD,d6cf670433e44c47,test
4048354655.jpg,3,CMD,e0d64fc760b632b4,train
404837485.jpg,1,CBSD,8a3c3ec6ab9c2678,validation
4048377608.jpg,2,CGM,e7f2149c4bc0706f,test
4048486399.jpg,3,CMD,c6756ca94b46d8aa,train
4048519217.jpg,1,CBSD,ddae7808c64b31b6,train
404853146.jpg,0,CBB,8a9317858b393c7b,test
4048650706.jpg,3,CMD,d6f87f7c28a18988,validation
4048732920.jpg,3,CMD,ab4473e04f536a96,test
404883957.jpg,1,CBSD,98a5538a2bd2c7b3,train
4049425598.jpg,2,CGM,c2aa88fcdcd9d192,train
4049438636.jpg,3,CMD,a1be157bb1b30f40,train
4049710650.jpg,3,CMD,99bd3e26020b97ce,train
4049743612.jpg,2,CGM,d0c772e32d90a72d,train
4049843068.jpg,4,healthy,c29749259ef0478f,train
4050218395.jpg,2,CGM,aad6584f83f47c11,train
4050620489.jpg,3,CMD,c786708b673d9ec0,test
4050718274.jpg,2,CGM,cd3329e9e4ae2583,train
4050750401.jpg,3,CMD,9a908d7d4452dfa9,validation
4050904412.jpg,3,CMD,d8a16316a9c1ce7d,train
4051003869.jpg,4,healthy,c8e0e246febe6226,train
4051205328.jpg,3,CMD,c787274a06fb24ce,train
4051216052.jpg,4,healthy,a23f70cfe61844b5,train
4051367500.jpg,3,CMD,e3d8049d35ac62db,train
4052176327.jpg,4,healthy,c8fd2fa9811553e1,train
4052185416.jpg,3,CMD,913bcce00828efef,train
4052298208.jpg,3,CMD,c6c262ce9cab9d1c,test
4052486714.jpg,3,CMD,c1cd3fcc08195377,validation
4052560823.jpg,1,CBSD,904979e27fbc3154,train
4052896742.jpg,3,CMD,d78b3c46314c4f2d,test
4052938438.jpg,3,CMD,852d7c8c789469f5,train
4053192372.jpg,3,CMD,f012d7817fe81674,train
405323789.jpg,4,healthy,dd855c5b03436b74,train
4053510295.jpg,3,CMD,fad43ec0fc2ae150,validation
4053511214.jpg,3,CMD,c1b01cb41e5971bf,test
4053727516.jpg,3,CMD,91c8b6d3c816ca7d,test
405406521.jpg,3,CMD,b1e169467a80fed1,train
4054194563.jpg,3,CMD,d0ec369dea656868,test
4054246073.jpg,3,CMD,c6f4797143667431,train
4054632356.jpg,3,CMD,c6d963bdcccc4906,train
4054666662.jpg,4,healthy,e5e3530799780bc3,validation
4054950426.jpg,3,CMD,99d0336037f21ec7,train
405521670.jpg,3,CMD,cd871363bc4a8c3d,test
4056070889.jpg,3,CMD,d2ce1504a1fc6eb3,train
4056167943.jpg,3,CMD,9d9202ca78ed6b0f,train
4056643222.jpg,0,CBB,c73833c678c39b8c,train
4056695916.jpg,4,healthy,9ad218d2f61c6ed2,train
4056735912.jpg,4,healthy,91d93b9c44ef23a1,train
405683848.jpg,3,CMD,c6b4318768d3d396,test
4056868775.jpg,3,CMD,a2e7caa6dc805e1b,test
405707941.jpg,2,CGM,813f7033e94322df,train
4057082743.jpg,4,healthy,81560ebb460b7de3,train
405720625.jpg,2,CGM,c4d65cec8db90acc,test
4057315544.jpg,3,CMD,d6a7292552706f36,train
4057359447.jpg,0,CBB,80b376364d431ff1,train
4057637286.jpg,3,CMD,ef9057807e49ae68,train
4057824685.jpg,3,CMD,d33cea16960d6ac5,train
4057831785.jpg,3,CMD,9abb21f2e0d2ccd1,validation
405787230.jpg,3,CMD,9a995b938eb19a92,train
4057892749.jpg,4,healthy,d19234decbe50f41,test
4058131705.jpg,3,CMD,94df66cb41686a35,test
4058472696.jpg,3,CMD,97a464725ee2833e,validation
4058647833.jpg,3,CMD,c2b2668796764b17,test
4058785345.jpg,2,CGM,ca9425b7182bcd7a,train
4059009090.jpg,0,CBB,c18632213eeeedc6,train
4059169921.jpg,3,CMD,92d5d2147166f993,validation
4059451569.jpg,1,CBSD,bf806b825444def5,validation
4059603470.jpg,3,CMD,818666de6c275ba9,validation
4059786587.jpg,4,healthy,cdc8375b92618ce6,train
40598577.jpg,3,CMD,c38f6298f1ec48ae,train
4059993044.jpg,1,CBSD,c74330f1598c5bf4,train
4060179434.jpg,3,CMD,d12d69b24c9b3a59,train
406021295.jpg,0,CBB,c79c4a784b8823f7,train
4060265637.jpg,3,CMD,8f9f23474ba04a6b,train
4060304349.jpg,3,CMD,d78841e953e4c8be,train
4060346540.jpg,3,CMD,d9f228b5148b1ebc,train
4060346776.jpg,3,CMD,d36e2cdc1e83a899,validation
4060450564.jpg,3,CMD,9ac82ae559cdd855,test
4060707407.jpg,3,CMD,d691381f3ef055d0,train
4060802139.jpg,0,CBB,83a9b4d470e7c2ab,train
4060945579.jpg,3,CMD,85dc7a2bb1746187,test
4060977828.jpg,3,CMD,f55365c6283163b3,train
4060987360.jpg,1,CBSD,aa3c28c3c59ee1b9,train
4061563490.jpg,3,CMD,fb84064f709e52d9,train
4061646597.jpg,4,healthy,82b50b94343afda7,train
4061670540.jpg,3,CMD,9bfc7c9a58c32660,test
4061773647.jpg,1,CBSD,94e707ec61465e78,test
4062190855.jpg,3,CMD,c4b937e19dfc404a,train
4062287710.jpg,2,CGM,c43717de44e53d48,validation
4062558073.jpg,3,CMD,c6f12c8661e4de4b,test
4062580069.jpg,1,CBSD,9cdd284a03b595db,train
4062600395.jpg,3,CMD,c4d9188f9578aba5,validation
4062679165.jpg,3,CMD,9df24ee2870d522b,train
4063056293.jpg,3,CMD,85ee5e957803c636,train
4063216337.jpg,4,healthy,9683e93e86e98bd0,train
4063439592.jpg,3,CMD,c7872d475232272f,train
4063529695.jpg,3,CMD,c1f536a3248dde49,train
4063867745.jpg,3,CMD,d0982cc323b6c6df,validation
4063897288.jpg,1,CBSD,c93b6c80d5113f5e,train
4064049916.jpg,3,CMD,896f6ea53bf11016,train
4064148193.jpg,3,CMD,d86c75d936c95407,train
4064395542.jpg,3,CMD,959775010b053f7e,train
4064456640.jpg,3,CMD,8ac57794cc3790ea,train
4064710747.jpg,3,CMD,8bdc3bd685668a92,train
4064862687.jpg,3,CMD,accc82cf891b25eb,validation
4065072100.jpg,3,CMD,decc78e80f1bb890,train
4065661474.jpg,3,CMD,c5f9144e7a251e9c,test
4065788460.jpg,3,CMD,a1d2339bc8363e99,train
406648571.jpg,3,CMD,88d1474c5c6f1f72,test
4066829254.jpg,3,CMD,d2fd2b992cca60e4,train
4067721259.jpg,3,CMD,8cad2cbc95715743,train
4067764811.jpg,3,CMD,85b06b2838d71e3f,train
4067939346.jpg,3,CMD,c0936f66b69b41c9,train
4068103331.jpg,2,CGM,ccb20ecc744be1d6,train
4068398781.jpg,4,healthy,81f462c8e0bcedf8,train
4068404919.jpg,2,CGM,dd2b60d05f34816f,train
4068888153.jpg,3,CMD,c2b300f5af77403d,train
406899084.jpg,3,CMD,8d9f17c4d49a6515,train
4069208912.jpg,3,CMD,c1b02c3a78563fd3,train
40696329.jpg,3,CMD,f89f146a402cfbe1,train
4069710475.jpg,3,CMD,da912cdecc8f1730,train
4069795713.jpg,3,CMD,95cf53652e7358c0,train
4070109402.jpg,3,CMD,89cf7542686f265a,train
4070357374.jpg,3,CMD,b439db26c24c34eb,train
407043133.jpg,4,healthy,97e87bae10cdcc11,train
4070631340.jpg,3,CMD,d4d65c96ff944422,validation
4071283452.jpg,0,CBB,c1e33e2a1e1d0e5d,train
4071582691.jpg,3,CMD,c4f1d49343a2b6d9,train
4071612105.jpg,1,CBSD,dbab290551bcf40b,train
4071618930.jpg,2,CGM,d3689f3f988c988c,train
4071806046.jpg,3,CMD,9bef5e698b021394,train
4071831340.jpg,1,CBSD,ccaf3cded30c221a,train
4072033035.jpg,4,healthy,c1994478f71f10eb,train
4072193966.jpg,3,CMD,c03721f2b35cc72e,validation
4072724949.jpg,2,CGM,ceb907907b529669,train
4072800453.jpg,3,CMD,91aa4d9698573975,train
4072965036.jpg,4,healthy,92d36b2b84bdb8c8,train
4073303739.jpg,3,CMD,f70e62322d38d46d,test
4073445610.jpg,1,CBSD,999f71e496482dd1,train
4073523035.jpg,0,CBB,ceef73c3c2814171,train
4073637668.jpg,2,CGM,ddaa42b5bf82448b,train
4073688156.jpg,2,CGM,90c229d196bf2bae,validation
407426699.jpg,3,CMD,a55ab51c3bb420db,train
4074421218.jpg,0,CBB,c9a1292b3bf2c2ce,train
4074718278.jpg,3,CMD,c83c7e77486b7580,train
4074847622.jpg,3,CMD,d6a5517e2725964a,validation
4075237855.jpg,4,healthy,87e10ea0675d89b7,test
4075320498.jpg,3,CMD,80c62b179ecc67d3,train
4075412353.jpg,2,CGM,deb92df689091364,train
4075436598.jpg,4,healthy,c1f22a2dce9217e5,train
4075854821.jpg,3,CMD,843b6f9c599e20c7,train
4076400056.jpg,3,CMD,e4f179a164ade491,train
4076735370.jpg,2,CGM,91c96d1e24cc3de6,validation
4076823454.jpg,2,CGM,8b8c74b0e32dd7b0,train
4077138673.jpg,3,CMD,d39d1a932ad22957,train
4077296935.jpg,3,CMD,b8144ace8ec5d1bd,train
4077418003.jpg,3,CMD,9775778cc4b8a423,train
4077473431.jpg,3,CMD,879073ed7c34e80b,train
4077715021.jpg,3,CMD,c0cf7c150e887e8f,train
407801447.jpg,3,CMD,c9c536385ce92f32,train
4078601864.jpg,3,CMD,f18848da64fcc7c3,train
4079242692.jpg,2,CGM,dc3b289d28e2b1ec,train
4079437688.jpg,3,CMD,cdd02b8c7db461a6,train
40795473.jpg,3,CMD,99e6322b23bec907,train
4079941284.jpg,2,CGM,91c01ff2731e066f,train
4080358205.jpg,4,healthy,d4b4b292a7c3c8cd,validation
4080368773.jpg,1,CBSD,9ba4344fa0ce2fa9,train
4080443505.jpg,2,CGM,ccff2b8990e6270a,train
408051106.jpg,2,CGM,d1ef0fb4434305b3,test
4080548789.jpg,3,CMD,92cb349926712daf,train
4080639262.jpg,1,CBSD,cdd92ccd1e0417ae,train
4080805940.jpg,3,CMD,c08d553c24abd3d7,train
408081310.jpg,1,CBSD,80a63bd9e4967978,validation
4080945037.jpg,3,CMD,c54a7a623b21dbf0,test
4080972605.jpg,2,CGM,a59e593e32ab04b9,test
4081070840.jpg,3,CMD,d946192b5f381b3a,validation
4081152393.jpg,3,CMD,95c262b55238f9e5,validation
4081341161.jpg,1,CBSD,97c66e842cfe2991,train
408144068.jpg,3,CMD,c1ede815fcf220e2,train
4081836555.jpg,3,CMD,df413eb10be82578,train
4082024517.jpg,3,CMD,c3c72d243293cfac,train
4082420465.jpg,4,healthy,89b75fc44a7d20c3,validation
4082694328.jpg,3,CMD,c6f22967a1994f85,train
4083175669.jpg,3,CMD,95892b9b30e46bea,train
4083517071.jpg,4,healthy,992e61546663d6b3,validation
408355226.jpg,3,CMD,e0d14773336a32bc,train
4083589127.jpg,3,CMD,cbb462bd93665928,train
4083644073.jpg,3,CMD,fce041df862a689b,train
4083711449.jpg,4,healthy,ca886459fb636ec2,validation
4083726805.jpg,3,CMD,868e38d8f48786f6,train
4083737751.jpg,3,CMD,94ea6cf397052758,train
4083768019.jpg,1,CBSD,8c81c0cecbc70bbf,train
4083830732.jpg,3,CMD,c1de3963383bbc05,train
4083849263.jpg,3,CMD,a8d453a54ba468f7,test
4084071481.jpg,1,CBSD,cb1966e4dc231ee2,train
408414905.jpg,3,CMD,d9d65d93691e44c2,train
4084209845.jpg,3,CMD,81873ed26d58389f,train
4084470563.jpg,3,CMD,d0e870838ebc6f4d,train
4084600785.jpg,4,healthy,984d7b96f30cf212,train
4084618799.jpg,3,CMD,82b159063bedb669,validation
4084681419.jpg,3,CMD,c467182d6ee6ec19,validation
4084684483.jpg,4,healthy,e0d153db583c471e,test
4085008913.jpg,3,CMD,c7ca26f04f171d23,validation
4085837229.jpg,3,CMD,b9e69bc0133c871e,train
4086398319.jpg,3,CMD,d4f8f3942c8b303d,train
4086759203.jpg,3,CMD,9d1974909187dbe3,validation
4086892324.jpg,3,CMD,d4c32fb0a5f8520f,train
408698793.jpg,3,CMD,d0d06d292aa7d3ad,train
4087247373.jpg,1,CBSD,98c133bea63cc95a,train
4087448407.jpg,3,CMD,95a564e909037beb,validation
4087523720.jpg,2,CGM,c2a079cf13ab6317,train
4087569473.jpg,2,CGM,a492178b74cd5b78,train
4088071692.jpg,3,CMD,c7d97ad050632d5a,train
4088233611.jpg,4,healthy,93f26c9caf1232ac,validation
4088249542.jpg,0,CBB,bd567b60479c01bc,train
4088464085.jpg,0,CBB,955a6ee9a625434e,train
4088770277.jpg,0,CBB,87c607e2ca87c3ab,train
4089218356.jpg,1,CBSD,ccce4ae7337208b9,validation
4089587580.jpg,3,CMD,8fe66bb6c1687248,validation
4089645917.jpg,4,healthy,ac904bded54a295d,train
4089661162.jpg,3,CMD,92e336aa4f49754a,train
4089766352.jpg,3,CMD,94af6a9167d12cca,train
4089978663.jpg,3,CMD,c2eee9d91ab61d40,train
4090024132.jpg,3,CMD,9116ca3f45493e9d,test
4090496115.jpg,1,CBSD,d0e41bd4f4ca6aac,train
4090594888.jpg,3,CMD,85923b8ee5695734,test
4090740611.jpg,3,CMD,d4f82a05bde3c638,test
409126983.jpg,3,CMD,d1943f530ea39e64,train
4091333216.jpg,3,CMD,d1b40d6e0b477965,train
4091446019.jpg,3,CMD,daa55e0c639ef092,train
4091571824.jpg,4,healthy,cc9c635b67896855,train
4091618832.jpg,3,CMD,92355bfd30ed28d0,train
4091663475.jpg,0,CBB,cbd432dd99827543,train
4091748271.jpg,1,CBSD,d49e387ce9e02bc4,test
4092163942.jpg,3,CMD,89ee26abe59aa107,test
4092211517.jpg,3,CMD,c9af70f13c59409e,train
4092403597.jpg,4,healthy,d673257c09ac5a5a,train
4092496590.jpg,3,CMD,89a43d172fe4432f,train
4092575256.jpg,3,CMD,d9aa1db0359b1ae8,train
4092623035.jpg,3,CMD,cdfb041ca26b45b5,validation
4092816326.jpg,3,CMD,f89304094fbf5a2e,train
409358481.jpg,3,CMD,d7b0644c3b4f1bb0,train
4093904731.jpg,1,CBSD,c0761fe8186be387,train
409443978.jpg,1,CBSD,8cb0e35bb70e2a17,train
4094696582.jpg,3,CMD,a99e4a6c4ea933a9,validation
409474529.jpg,3,CMD,c4a926907bd4633f,validation
4094778981.jpg,3,CMD,c7b607f81ba93c06,train
4095625090.jpg,3,CMD,94fb14632f87a41b,train
4095719634.jpg,3,CMD,d3961e38cf385970,train
4095924422.jpg,4,healthy,df842e2956c539b4,train
40960944.jpg,3,CMD,8d3879e65a8c606f,train
4096334049.jpg,3,CMD,b7eab4c0f5d081a6,train
4096337072.jpg,0,CBB,d5c8379ba1fc2832,train
4096675395.jpg,3,CMD,d2a5ed5a255b0d1a,train
4096774182.jpg,3,CMD,cbccd9f0879023b6,train
4096966485.jpg,3,CMD,e3d0643393bd5949,train
409723324.jpg,3,CMD,c39e3e623a8a8733,validation
4097262272.jpg,3,CMD,d9b274537689b149,train
4098206524.jpg,3,CMD,a6cc926980777937,train
4098341362.jpg,1,CBSD,8ddeac191970c6f4,test
4098383673.jpg,3,CMD,90627ff38196d54a,train
4098458638.jpg,3,CMD,83953ad239ac86fa,validation
4098473118.jpg,3,CMD,d3e439233eed14c2,validation
4098892948.jpg,3,CMD,87a429df818f70c7,train
4098951453.jpg,2,CGM,85c7283f68acd2d9,train
4099004871.jpg,3,CMD,a9d855a138df2cc3,validation
409901220.jpg,1,CBSD,94d3f172f03ad4c8,train
4099957665.jpg,3,CMD,e39d90ce732d2c85,train
4100265698.jpg,3,CMD,848c567e4a7d9867,validation
4100436529.jpg,3,CMD,ce8462db284f2c77,validation
4100445719.jpg,4,healthy,9a7456c3f4da019e,train
4100598870.jpg,4,healthy,a9ab52862a5cb6e3,train
4100817891.jpg,0,CBB,99e76b9554867903,validation
4101194273.jpg,3,CMD,cc9d52407a1d2bb7,train
4101440622.jpg,2,CGM,810753d4f0f88dcf,test
4102169055.jpg,3,CMD,8eb73112c892ee4f,train
4102201143.jpg,3,CMD,c0853f70352cf64f,train
4102423093.jpg,3,CMD,85cb57154a1fa5e4,train
4102442898.jpg,3,CMD,8a2d4d830fbe607e,train
410264599.jpg,3,CMD,863924e16ff8383e,train
4102729978.jpg,4,healthy,c9c36649231d175f,train
4102750438.jpg,3,CMD,c5523bb343a46dd4,validation
4102833148.jpg,4,healthy,ce99373c0154b5a7,train
4102856795.jpg,4,healthy,cdf4b2494a34a1bd,train
4102864004.jpg,3,CMD,f4d90b066d6960f5,train
410291053.jpg,2,CGM,88fa7493124f61eb,validation
4102968836.jpg,3,CMD,ceb974e75c4a0919,train
4103177818.jpg,3,CMD,96c9f56c7a383911,validation
4103274356.jpg,3,CMD,cca434ab2971f9a9,train
4103428960.jpg,2,CGM,9de6361f2dc421b8,validation
4103433070.jpg,4,healthy,9cb565992b2e90e3,test
410355412.jpg,3,CMD,d09d22cd01fb7786,validation
4103654228.jpg,2,CGM,c4cb79670e165d32,train
4103773008.jpg,3,CMD,d31556376ef51304,train
4103867773.jpg,4,healthy,8cf3479a4e963a32,train
410414425.jpg,3,CMD,d7c27ae54c22e117,validation
4104305706.jpg,3,CMD,9dbc634b3964503b,validation
4104529237.jpg,3,CMD,82b96d3027e7a617,train
410476072.jpg,3,CMD,d0a1277a09b27776,validation
4105402505.jpg,3,CMD,f5bb0d2672cf401c,train
410556634.jpg,0,CBB,dd9b021cb8f07953,test
4105662619.jpg,3,CMD,93d5dc267b194459,validation
4106389238.jpg,4,healthy,e4de29573ec10317,train
4106517442.jpg,3,CMD,d6c929544b3b88d7,validation
4106720331.jpg,3,CMD,c0d47a1993bca65b,test
4106981326.jpg,3,CMD,8eb07e8075c72d2d,train
4107144871.jpg,4,healthy,d9e22d56612434bf,test
4107344800.jpg,3,CMD,c4ca222f898e7bda,validation
4107485206.jpg,1,CBSD,93847a6cc361d1de,train
4107585642.jpg,2,CGM,aba83731c2af5cb0,validation
4107677180.jpg,3,CMD,d0c071a966d86fdc,train
410771727.jpg,1,CBSD,8f8321f6c1579e29,train
4107720653.jpg,1,CBSD,9bdc09ba3727e023,test
4108340746.jpg,3,CMD,9babfbe5b4c40488,train
4108393166.jpg,2,CGM,9e63489abde489e1,train
410863155.jpg,4,healthy,99335953bc6d02b9,validation
4108766138.jpg,3,CMD,898a6aa1c5fb612f,test
410880003.jpg,2,CGM,8ec57b86a17a3435,validation
4108844904.jpg,1,CBSD,9d94286973d65ec2,train
410890316.jpg,1,CBSD,c79e2da12c9c5cd8,train
4109154808.jpg,3,CMD,94dd6f0a382f4678,train
4109287296.jpg,3,CMD,df8675cd06a68b14,train
4109440762.jpg,1,CBSD,96aebe9ed8595140,validation
4109731442.jpg,3,CMD,c6ba3bcc9e8b2164,train
4109907649.jpg,3,CMD,d0417dce470723db,train
4109950736.jpg,1,CBSD,9de470e40ff205b6,test
411062197.jpg,3,CMD,89e31616e7cfc854,train
4110644267.jpg,2,CGM,c0bf350ac5bc6b68,train
4110692796.jpg,3,CMD,c6994b682d3d347c,test
4110987286.jpg,3,CMD,c5b246cc19529ff4,train
4111161962.jpg,1,CBSD,88e3238ed17b782d,test
4111265654.jpg,1,CBSD,b6b870b2996d6532,validation
4111579304.jpg,3,CMD,88f0454f5eca68f9,train
4111582298.jpg,3,CMD,cdbc26e734d242a9,train
4112011876.jpg,3,CMD,d28e376c3f98254a,test
4112721304.jpg,3,CMD,cc33790c7dd303e2,train
4113552103.jpg,4,healthy,93f030f6b8b29745,train
4113678968.jpg,2,CGM,e39207fd075f1c03,validation
4113877744.jpg,4,healthy,8999b9ab2bad8c89,train
4113975266.jpg,1,CBSD,b3e168f3c0c8f03e,train
4114035268.jpg,3,CMD,d38a331847c66ef1,test
4114133209.jpg,1,CBSD,c192777474e1a1b9,train
4114136102.jpg,1,CBSD,c45b6d261f3d111d,test
4114142974.jpg,3,CMD,81447a85b6f1e72e,validation
4114788959.jpg,2,CGM,c0a13cdec757318d,test
4115111691.jpg,3,CMD,9590ab5cf8e39661,train
4115342208.jpg,3,CMD,819c78633df8434f,train
4115513115.jpg,2,CGM,978c23b2f4416e76,train
4116136963.jpg,3,CMD,c59257444edd354e,train
4116414929.jpg,3,CMD,9479b4c93abc1936,train
4116600053.jpg,3,CMD,99d629e576892378,train
4116832468.jpg,2,CGM,ffaea1d384c62071,train
4117129692.jpg,2,CGM,8ca32fecc28ff490,train
4117169270.jpg,3,CMD,d8811e78d6cd6566,train
4117178950.jpg,3,CMD,969b24942995deb6,validation
4117276057.jpg,3,CMD,c8c818db7d335a66,test
4117539669.jpg,3,CMD,809b7870637b63e9,validation
4117744697.jpg,0,CBB,b23c0d8614e738f7,train
4118106145.jpg,3,CMD,c88442bf349f3ae6,validation
4118609397.jpg,3,CMD,9da6777aa4165c0c,validation
4118708857.jpg,3,CMD,96e9d285b9f50b0a,validation
4118954331.jpg,3,CMD,8ee197d80d56d147,train
4119019208.jpg,3,CMD,809e7a03666aa3fd,train
4119076771.jpg,3,CMD,845b7936732b34d2,train
4119270485.jpg,1,CBSD,9da279e0354fc09e,train
4119371139.jpg,1,CBSD,99b91ba24bc02d7e,train
4119520540.jpg,3,CMD,841f53705ebad2c6,test
411955232.jpg,4,healthy,c6b965df84bd5042,train
4120101206.jpg,4,healthy,c0d1524a2da1bbdf,train
4120352368.jpg,3,CMD,d4c63fec89dc4344,train
4120621808.jpg,3,CMD,c4621edcc2aa47f6,test
4120735558.jpg,3,CMD,f0f868f0eaf8870c,test
4120741228.jpg,3,CMD,82f57d5a331c7219,test
4120845845.jpg,3,CMD,90b541f1c0a7abaf,train
4120960004.jpg,3,CMD,8a8527af7d0c86f1,validation
4120963447.jpg,3,CMD,921c1b3f803f0b6f,train
4121034467.jpg,3,CMD,b4730e8d687926d3,train
4121046251.jpg,4,healthy,c080b8cfc7d8b7a3,test
4121231239.jpg,3,CMD,93eb6dc5249c11e6,train
4121252698.jpg,3,CMD,d0d87e1d6d362278,train
4121566836.jpg,2,CGM,94c431ee428367bf,train
4121873151.jpg,3,CMD,c0994e8dbce04e5f,test
4122060123.jpg,1,CBSD,f6c5a2a38dac198b,train
4122391127.jpg,3,CMD,b29436dc4c965ecc,train
4122820167.jpg,2,CGM,90a8fe9d03eae196,train
4122834254.jpg,3,CMD,c0af7853aa847b39,train
4122883459.jpg,4,healthy,949d32662e6d6539,train
4123166218.jpg,3,CMD,c1b9349d389e4c8f,train
412355658.jpg,3,CMD,c19727161fc681d7,train
4123594620.jpg,3,CMD,8dae9a211c4aeced,train
4123656006.jpg,3,CMD,850c4a9d7299fb35,train
412390858.jpg,2,CGM,d5b16ae6cc2b1711,train
4123940124.jpg,3,CMD,d38e363c237d2692,validation
4124205703.jpg,3,CMD,c6bd4aa4b4aba64a,test
4124483418.jpg,3,CMD,e0dba5b2972bb430,validation
4124651871.jpg,1,CBSD,c7902cf30f0843ff,test
4125025056.jpg,3,CMD,c70d41076bbd3d13,train
4125173435.jpg,2,CGM,c3b6364fe9090d36,validation
4125318611.jpg,3,CMD,c5a931ca27d18d73,train
4126019985.jpg,3,CMD,91c77e3963071e38,validation
4126193524.jpg,2,CGM,e2bc2ba419778a27,train
4126692105.jpg,4,healthy,94cc6b776c73184c,train
4126694609.jpg,2,CGM,941e317d43cd9791,train
4126983355.jpg,4,healthy,d5a86c0a37fa8c47,train
4127132722.jpg,3,CMD,d68a2e6ce63349a5,train
4127310091.jpg,1,CBSD,b282ba6c26b596d3,validation
4127363037.jpg,3,CMD,95d7709e090e674d,train
4127820008.jpg,4,healthy,99937678121baba5,train
4128295692.jpg,3,CMD,e6bbd4823c56413b,train
4128588977.jpg,1,CBSD,d4eb31d565900f6a,train
4128599330.jpg,3,CMD,c1b7e679364285b2,train
4128762392.jpg,1,CBSD,95fb2efaa40e11e0,train
4129031753.jpg,3,CMD,ccb3b139b6d97084,train
4129857747.jpg,3,CMD,c46c3fb2644eb14e,test
4130015523.jpg,3,CMD,d4516e91919c7fc2,train
4130177618.jpg,3,CMD,c4fd42b762e42b52,train
4130203885.jpg,3,CMD,b6c51ab56511b1f8,train
4130341996.jpg,0,CBB,926a6d960a716fc6,validation
413051976.jpg,3,CMD,99892db9a367643c,train
4130557422.jpg,3,CMD,dcd55b6b4079209b,test
4130607163.jpg,2,CGM,d49b68b48bc1077e,train
4130960215.jpg,3,CMD,b4c9c2d569af05a3,train
4131012471.jpg,3,CMD,aeb120a6a09dfed8,train
4131123441.jpg,3,CMD,874e2c9c6e073cc7,train
413123167.jpg,2,CGM,86b777c65b184a32,train
4131260506.jpg,2,CGM,8fc3766b64761922,validation
4131457294.jpg,4,healthy,d9423df10e3943ec,test
4132347499.jpg,3,CMD,cde47a89c5157750,test
4132381633.jpg,2,CGM,dcf739b291b404f0,test
4132540951.jpg,3,CMD,ccf3629553a9b618,test
41327518.jpg,3,CMD,816d7487c9ba7d11,test
4133329748.jpg,3,CMD,8c264ab565db6a2d,test
4133546667.jpg,2,CGM,d0dd3c620dbe150f,train
4133624649.jpg,3,CMD,92a05cbdec3a2b55,train
4133641764.jpg,3,CMD,c38c9cd3673949cc,test
4133934896.jpg,3,CMD,d6c25359586e62b6,train
4134468341.jpg,3,CMD,c03f2aef530db458,train
4134583704.jpg,1,CBSD,8188c21bfa6e5f0f,train
4134617519.jpg,3,CMD,ceb6308bd84577c1,train
4134659314.jpg,1,CBSD,cfd6359182346ec9,train
4135070493.jpg,0,CBB,957a7c242c27f1c3,train
4135122260.jpg,3,CMD,dd9e3b1647270703,train
4135213760.jpg,3,CMD,c0877c64595cb39b,train
41357060.jpg,3,CMD,d2996bbcb1c990c3,train
4135889078.jpg,3,CMD,8c922ef663e7c11a,train
4135953143.jpg,4,healthy,954a9996556b7073,validation
4136065352.jpg,3,CMD,91f17e051a70ecb5,test
4136137862.jpg,4,healthy,8b9766f42e62352a,train
4136626919.jpg,3,CMD,dfe21d690e272538,validation
4136833908.jpg,1,CBSD,c6e967d436363143,train
4136929395.jpg,3,CMD,f5c37c3d6a261780,test
4136963668.jpg,3,CMD,953e4580c09e7ed7,test
4137525990.jpg,2,CGM,914e47388df41fc9,train
4137700702.jpg,3,CMD,fc031c3c6a1d467d,train
4137735351.jpg,3,CMD,adcf4e6a5239212e,train
4137790344.jpg,2,CGM,c8861b93f43e539c,train
41378433.jpg,3,CMD,cd8c272a4e77a08f,validation
4137861888.jpg,2,CGM,831326a557cebd52,test
4138481373.jpg,3,CMD,e6e61490b8e91b9e,train
4138769021.jpg,3,CMD,c1330cb506bef359,train
4138957556.jpg,3,CMD,848f6a4bdaa895d6,train
413906882.jpg,3,CMD,fa60bce3368748c6,train
413912363.jpg,1,CBSD,d5fa27380dc1c9e1,test
413920422.jpg,3,CMD,d2dbceb087b8a521,train
4139268407.jpg,3,CMD,92f1243c3be4d2cd,train
4140015912.jpg,3,CMD,986e384f0bd152f6,train
4140207015.jpg,2,CGM,c78e3f6d4088add1,train
4140381716.jpg,3,CMD,c0dda6a3ce1e684b,validation
41404383.jpg,2,CGM,c4f1f1ca9be0a5b0,train
4140557884.jpg,3,CMD,ce862cb94953a778,train
4140868783.jpg,2,CGM,991e392ce9547a74,validation
4141439714.jpg,3,CMD,924e2dc31573659d,train
4141594059.jpg,3,CMD,c7913ff482af40a9,train
4141630996.jpg,4,healthy,dd8c440ce19fc43f,test
414171398.jpg,4,healthy,86852daf53ebb118,test
4141721005.jpg,2,CGM,908f67364ead5c4a,train
4141801603.jpg,1,CBSD,c4d32bb111757aaa,train
4141898495.jpg,1,CBSD,9692666c554dcdc5,train
4142137699.jpg,3,CMD,ce863dc27a4b3685,train
4142266385.jpg,1,CBSD,a1f9c3c0e932b972,train
414229694.jpg,4,healthy,e8721acfa75bc405,train
4142424247.jpg,3,CMD,cb5842cf15fe3c90,train
4142462733.jpg,3,CMD,c1be7cc326b9342c,train
4142500062.jpg,3,CMD,858b1a970d59af4e,train
4142699923.jpg,2,CGM,d2ae68d9230317f3,train
4142864830.jpg,3,CMD,f1270dc36c2dacd1,train
4142973523.jpg,3,CMD,e6d54756486d5463,train
414320641.jpg,2,CGM,dcbc2f8d0b2152ae,train
4143264926.jpg,3,CMD,ceb447f8714130e7,train
4143432365.jpg,3,CMD,92a77fb8e0721d50,train
414363375.jpg,3,CMD,c9bc4e9c36713ec0,train
4143889304.jpg,1,CBSD,dd841efafad0014b,train
4144053251.jpg,4,healthy,83c170bc3c9e4767,train
4144134428.jpg,3,CMD,c9d52ab572372e84,train
4144248686.jpg,3,CMD,9d9c398f25313b92,validation
4144297967.jpg,3,CMD,819e35f42df48936,train
4144515023.jpg,3,CMD,91e666983c2ee595,test
4144868742.jpg,3,CMD,c0ac7ab5355a645b,train
4145051602.jpg,3,CMD,c0fc62c722d05fb9,test
4145160333.jpg,2,CGM,e19861743d6dd256,train
4145471533.jpg,0,CBB,d1e92d30595f7a09,train
4145595052.jpg,0,CBB,864468df3a7d89a6,test
4145634320.jpg,3,CMD,dde47ec6e41ca023,train
4145708140.jpg,3,CMD,d82f704a795417a7,validation
4145817013.jpg,1,CBSD,ce822fe0c2e9553d,validation
4145869943.jpg,4,healthy,806d76363e787165,train
414587008.jpg,3,CMD,d5ef516528b4a1a9,train
4146003606.jpg,4,healthy,d7e867a869567910,train
4146091086.jpg,1,CBSD,d84a79a6f558370c,train
4146139706.jpg,3,CMD,838b1b8beb8b8987,train
4146567066.jpg,3,CMD,d385387b172a5393,train
4146743223.jpg,2,CGM,c3b067bc460ee4f4,test
4146786218.jpg,3,CMD,81f748e516d690fa,train
4146910494.jpg,3,CMD,92b77a4c41dc26bc,validation
4147019519.jpg,3,CMD,899afaa588add2c5,train
4147446952.jpg,3,CMD,d9825e3456b866ec,train
4147456412.jpg,3,CMD,fd87582321f457e0,validation
4147565807.jpg,3,CMD,c8e31ceb6cc72619,test
4147670856.jpg,3,CMD,c9b63948717934cb,train
4147695010.jpg,1,CBSD,d1ce06aba925553e,train
4147986236.jpg,3,CMD,cc9456e9314666db,train
4147991798.jpg,1,CBSD,ccc42e9fed329823,train
4148250496.jpg,3,CMD,95cc34ab6dd683d0,train
4148306870.jpg,2,CGM,aeb83d3337a090b3,train
4148349078.jpg,3,CMD,9f483f8c64b74496,validation
4148374755.jpg,1,CBSD,ccf4361aa9b5ce60,validation
4148746293.jpg,3,CMD,81cb3df0381a3779,train
4148790087.jpg,3,CMD,c9a8acaae9e1e2d2,train
4148883240.jpg,3,CMD,cad7608b765322bc,train
4148970869.jpg,3,CMD,c1325cccd89a7373,train
4148972063.jpg,3,CMD,c296204d39f9f1c7,validation
4149005618.jpg,3,CMD,c2d147fae4d8d1a8,train
4149019611.jpg,3,CMD,87fe5a19c3246da1,train
4149032443.jpg,3,CMD,e0d816683cafe578,train
4149062810.jpg,3,CMD,8321753a79d25f0b,train
4149113936.jpg,2,CGM,d5d11d6330a786b3,train
414926193.jpg,3,CMD,d1e23ed56a49821f,train
4149439273.jpg,0,CBB,91446a2399ddda6e,train
4149442480.jpg,3,CMD,d5c26ef9256d1a44,test
4149713311.jpg,1,CBSD,c28e7e21b95a9687,train
4149713617.jpg,3,CMD,c1e433dc4fc63315,train
4149719008.jpg,3,CMD,d5d26e3130889f7a,validation
4150333729.jpg,4,healthy,81e169e140427fff,validation
415073532.jpg,3,CMD,c4b71af1439a0ef1,train
4150882054.jpg,0,CBB,d3ce6ce0e2f27031,train
415127331.jpg,4,healthy,cd9222ade4965fc8,test
4151340541.jpg,3,CMD,ab9a0aaa512ad1fe,train
4151371064.jpg,3,CMD,96cf26f0354754ca,train
4151450216.jpg,3,CMD,98d26b9d274856cd,test
4151543321.jpg,3,CMD,9592664deb3aa4a5,validation
4152070738.jpg,1,CBSD,91d83a1b6f476664,train
4152202956.jpg,3,CMD,e9e95236e563039c,test
4152354751.jpg,3,CMD,81f160d6dc58b1f9,test
4152813711.jpg,3,CMD,b5d08b5958bc9c8e,test
4152969433.jpg,3,CMD,d4ed6a363e10e037,train
4153020952.jpg,4,healthy,8bb43c8f096dc8f1,test
4153074724.jpg,3,CMD,c69871c6bcf67228,train
4153204450.jpg,0,CBB,b4cb41319edd2d61,train
4153230948.jpg,3,CMD,89f816ceee31938a,train
4153465850.jpg,3,CMD,d4d73270053a7e53,train
4153590251.jpg,3,CMD,b47c84a4e376d307,test
4153904483.jpg,3,CMD,80e43f5b61c4ce9d,train
4153984677.jpg,1,CBSD,d1c159b5583c3fc1,train
4154410133.jpg,3,CMD,8f3170e3653e681e,train
4154571034.jpg,3,CMD,d0254d14bdee36ca,test
4154577723.jpg,3,CMD,d13604e3a3983d6f,train
415504810.jpg,2,CGM,886633afcc75239a,train
4155077237.jpg,2,CGM,d0249b7318ece76a,validation
4155175371.jpg,3,CMD,ce8c71f0b8099cbd,train
4155925395.jpg,3,CMD,f0bef0f0a0616747,validation
415601411.jpg,3,CMD,e0f8e43d4daabac0,train
4156066738.jpg,3,CMD,92f17cdb0346a4dc,validation
4156138691.jpg,0,CBB,dc572711aa0f38e6,test
4156232104.jpg,4,healthy,cad36e77ca31220b,train
4156293959.jpg,3,CMD,dfb93d1804e0d13e,train
4156350478.jpg,4,healthy,d3944b227d9b41dc,validation
4156518225.jpg,3,CMD,cdcc2e83c3c67958,train
4156520758.jpg,3,CMD,96944b6674565a67,test
4156615923.jpg,4,healthy,d0cecfaa17c0e4d8,train
4156754691.jpg,3,CMD,82b2a2b5b5e461ed,test
4156956690.jpg,3,CMD,d2d95961648eb6d2,train
4157431857.jpg,3,CMD,c89e3db82435aec9,train
4157582812.jpg,4,healthy,86bc678d69e06b8c,train
4157808497.jpg,3,CMD,8c9e3be4afd2601a,test
4157923017.jpg,4,healthy,aaed3d6ac66d1828,train
415809799.jpg,3,CMD,d19d26cf49396174,validation
4158544304.jpg,3,CMD,90707289cdfba754,train
4158622141.jpg,3,CMD,8ce629c8e585179f,train
415901273.jpg,2,CGM,b1d885a66ac696ce,train
4159206286.jpg,3,CMD,958257e92a9b68da,train
4159264325.jpg,2,CGM,96db1239b63c99c2,train
4159550001.jpg,3,CMD,c5586b69f4e83c49,train
4159698994.jpg,3,CMD,dbd5461217ced4a4,train
4159778976.jpg,3,CMD,8c98722d2b577467,train
4159967753.jpg,0,CBB,c6e936b6d0c071da,train
4160459669.jpg,3,CMD,ccb02e817f903c7d,train
416062259.jpg,0,CBB,d1d765c28cc87536,train
41606397.jpg,1,CBSD,91db2cbf4b2e42a1,train
4160794520.jpg,3,CMD,d9903a7979f682a8,train
4161456491.jpg,3,CMD,f5b1e35ea804e09b,train
4161605185.jpg,3,CMD,cde3268193fca80f,train
4161798280.jpg,4,healthy,d6897653f1145ce8,train
4162062319.jpg,4,healthy,9ce443d5947662ab,train
4162289609.jpg,3,CMD,8c3574d29aacf493,train
4162370694.jpg,3,CMD,86e73c0a0ff91ce2,train
416260433.jpg,3,CMD,85f83fdae5130943,train
416297686.jpg,4,healthy,83c76acf9e8d1c60,validation
4163008109.jpg,3,CMD,d46f4cc3b99227a4,test
416350020.jpg,3,CMD,d12e2692795bc48f,train
4163993800.jpg,3,CMD,c4b7285a90e87dba,validation
4164175215.jpg,3,CMD,908476eba9b952d5,validation
4165205071.jpg,3,CMD,c3913cc11eb6f9a1,train
4165290692.jpg,4,healthy,886d2deb48db56d0,train
4165383936.jpg,0,CBB,d8e27da48b9b1076,train
4165541319.jpg,0,CBB,c680a97b3a754937,test
4165714007.jpg,3,CMD,c4af5a322be880bf,train
4165918071.jpg,3,CMD,c6b014b3a9caf393,train
4165966394.jpg,2,CGM,d0de2d7422ef2f80,validation
4166172905.jpg,2,CGM,84930e61b5dc63f5,train
4166257739.jpg,3,CMD,c8af42195d2730fb,validation
4166481906.jpg,3,CMD,9be231f2243866e7,validation
4166602274.jpg,3,CMD,d9d229c57a650eb1,validation
4166762.jpg,3,CMD,84097860c9ffcb37,test
4166830303.jpg,1,CBSD,c1e24cc768976cdc,test
4167054860.jpg,2,CGM,8e8e8c8c3adb5b94,train
4167185859.jpg,2,CGM,cce8717aa861dcd8,train
4167436274.jpg,4,healthy,f49ed464196c0ed3,train
4167938990.jpg,3,CMD,9b5c71ec6ec20666,validation
4168229813.jpg,4,healthy,d4941589cbf3c2e3,train
4168406521.jpg,3,CMD,9adf52a476f2a488,train
4168463468.jpg,3,CMD,91cbd1c9639c8dcc,validation
4168645136.jpg,1,CBSD,8a85597b3a1f9d11,train
416874515.jpg,3,CMD,c1cb33b405734ef1,validation
4168975711.jpg,4,healthy,c7d558c7bb38908c,train
4169005982.jpg,4,healthy,94d033f5646c6cea,train
4169071977.jpg,3,CMD,978b4d6b21a76235,train
4169121477.jpg,3,CMD,97e2cdd55220fc49,validation
4169133281.jpg,3,CMD,c0db0f3153c78b66,train
4169428267.jpg,1,CBSD,d3b526921224bd3f,train
4169508703.jpg,4,healthy,dc1e35b26c54715a,train
4169558391.jpg,3,CMD,c8fc33c75cb8e0c1,train
4169577123.jpg,3,CMD,dbc4b094a1bed1e8,train
4169595131.jpg,1,CBSD,e858313264af772e,train
4169606060.jpg,3,CMD,93ed0a33c2633d6c,train
4169747301.jpg,3,CMD,8de7703472f593a0,test
4169857735.jpg,3,CMD,b5c516f84558447f,train
4169866451.jpg,2,CGM,82816ebd87bc7217,validation
4169894391.jpg,3,CMD,92fa1f5a3883c3a6,train
4170279280.jpg,4,healthy,88f0b8b998c91df3,train
417059979.jpg,3,CMD,929fb0b1ade8ecc0,validation
4170665280.jpg,3,CMD,d4cf77140e66413b,test
417083161.jpg,2,CGM,877878f320a4799b,train
4170892667.jpg,2,CGM,c1b6714d3c513e6a,validation
4171069852.jpg,3,CMD,99df38a594c600f7,train
4171083166.jpg,2,CGM,95f0c4a29be5a197,train
4171117342.jpg,1,CBSD,c8ea7ae0e3aee203,test
4171305326.jpg,0,CBB,84f1642a7bca0d9f,train
4171327555.jpg,3,CMD,969f2fcbca3004da,train
417135798.jpg,2,CGM,d8e9723762bc024f,train
4171363767.jpg,1,CBSD,88d0a0df91be9cdc,test
4171404904.jpg,3,CMD,9ce26b98ad8559c9,train
4171429454.jpg,4,healthy,d88a8896fe1ec0de,validation
4171468415.jpg,2,CGM,dbb438d1435ba703,train
4171475132.jpg,3,CMD,84174cbda7447a8f,train
4171842238.jpg,3,CMD,8cf26a8d3c84764f,train
4172116548.jpg,3,CMD,c48165c5f5e5c9c9,train
4172181287.jpg,1,CBSD,9dcf6a21091f5e62,test
4172211620.jpg,3,CMD,81be418e3ee934f8,train
4172221636.jpg,3,CMD,83f249ad5ed4a558,train
4172276292.jpg,3,CMD,8cc34b2eb18d3787,train
4172444687.jpg,3,CMD,816d17f2e68a0f3c,validation
4172480899.jpg,0,CBB,cca236ec8bc84bce,validation
4172651490.jpg,3,CMD,c6b06eaf19e3c2a1,train
4172721678.jpg,3,CMD,d54f5e562d602b85,train
4173133461.jpg,3,CMD,87a6041e4a6e1fde,validation
4173419470.jpg,3,CMD,907b0709d93fd2f0,validation
4173430293.jpg,1,CBSD,89ef0d5c7283432f,validation
4173509764.jpg,3,CMD,eac58daa939eb031,train
4173521076.jpg,0,CBB,d21355e36b6c6e90,train
4173578063.jpg,3,CMD,9ea541f865db8709,train
4173585663.jpg,3,CMD,82bc782837376ba3,train
4173729579.jpg,4,healthy,86e53b1270f52937,validation
4173960352.jpg,3,CMD,ce8533ea7f070255,train
4174034867.jpg,0,CBB,c8e27ffe10710ba4,train
4174350664.jpg,3,CMD,9d9c39e9216974ac,train
4174883420.jpg,3,CMD,9d8362db8d14734b,test
4175172679.jpg,3,CMD,a7907d88595e037d,train
4175214629.jpg,3,CMD,8c166d87738cf24d,validation
4175366577.jpg,4,healthy,96d939376674514a,test
4175374809.jpg,2,CGM,cb0027dbf28c1de3,train
4175405033.jpg,1,CBSD,c1e771ab3c94545c,train
4175483651.jpg,4,healthy,c47d1ae60d8cee31,train
4175723076.jpg,2,CGM,bcc2fc15ba9e0a62,train
4175864678.jpg,1,CBSD,8ee767566283b590,validation
4175885310.jpg,3,CMD,92f558e94adcd912,train
4175951103.jpg,4,healthy,c029374db68c65db,train
4175967929.jpg,1,CBSD,d9aa62acf0a3b718,validation
4176018336.jpg,3,CMD,88bf72a4cd406dd3,train
4176445921.jpg,4,healthy,d43372b393d06a9a,train
4176553783.jpg,2,CGM,95852d95e14a7cea,train
4176585618.jpg,3,CMD,80e51d9f64959ef0,train
4176726961.jpg,3,CMD,85d8277a63213fe2,train
4177084912.jpg,3,CMD,9a8e1291e1be47da,train
4177148396.jpg,3,CMD,dea7752d6a9b1090,train
4177200098.jpg,3,CMD,9edb3a22e045597a,validation
417726822.jpg,3,CMD,849a6076b17f5a8b,test
4177391802.jpg,0,CBB,964a671667073f07,train
4177392079.jpg,0,CBB,909e3ad25342f373,validation
4177483982.jpg,2,CGM,c2b40d17cb7cc4ce,train
4177519290.jpg,3,CMD,978627838787cb9a,validation
4177958446.jpg,4,healthy,d8c8b7a62dab4c1a,train
4178125933.jpg,3,CMD,d1eb8ec0549fa14e,test
4178245302.jpg,3,CMD,841b772b2db22cba,test
417840962.jpg,1,CBSD,92ad69fa5de401e4,validation
4178594597.jpg,3,CMD,ec867c05382f5d8d,train
4179147529.jpg,2,CGM,c3b07843e74cc6ec,train
4179303014.jpg,3,CMD,86f330441dfb6e64,train
4179442683.jpg,3,CMD,d60c69c9e8d54e39,train
4179444530.jpg,3,CMD,9659602679b67792,train
4179630738.jpg,2,CGM,c4fe5ad248e3362c,train
4179735226.jpg,3,CMD,d3ea28665bb58649,train
4180192243.jpg,3,CMD,d1aa33f163e8384b,train
4180586995.jpg,1,CBSD,d4943863a3b8a6f5,train
4180626813.jpg,3,CMD,94ab692dafac608e,train
4181129288.jpg,1,CBSD,8ab15db5d0e6b14a,train
4181351157.jpg,0,CBB,a9a0e7b5ccd8a391,train
4181746841.jpg,2,CGM,93e7719904ab1e2e,train
4182063113.jpg,2,CGM,85ad381d6712c6f5,train
4182229432.jpg,3,CMD,99892aab55a4bb74,train
4182496583.jpg,3,CMD,d69e255a9b9d602a,train
4182510325.jpg,2,CGM,831a4ede4d30beb4,train
418261395.jpg,3,CMD,c0e33dd240be879e,validation
4182626844.jpg,3,CMD,f8d8ab21b9343476,train
4182634633.jpg,3,CMD,94e550be73c11d1e,train
4182646483.jpg,3,CMD,ad165c6ccf817ca1,test
4182745953.jpg,3,CMD,bbd4219741255b7c,train
4182889279.jpg,2,CGM,d1ac73ec4503af64,test
4182898688.jpg,3,CMD,97f10c46a3390dbd,train
4182987199.jpg,3,CMD,97df49482481b577,validation
4183077936.jpg,3,CMD,d58a2e716f25b4a2,train
4183078751.jpg,3,CMD,cda318b7397c6344,train
4183084622.jpg,3,CMD,c8857f8aa95e3391,test
4183253873.jpg,3,CMD,c6906e708e719ee3,train
4183312671.jpg,3,CMD,81d12c92538f7cdd,train
418334255.jpg,3,CMD,948d6fe107e63c32,validation
4183847559.jpg,2,CGM,e1da3d524a380bcf,train
4183866544.jpg,3,CMD,c9cb28b3b294156f,train
4183926297.jpg,2,CGM,9619636cf1c71c59,train
4184062100.jpg,2,CGM,d4a80c4f71f9b4cc,train
4184461961.jpg,3,CMD,c1df94262b6b61d8,test
4184485788.jpg,1,CBSD,932a79d56d646670,train
4184902338.jpg,3,CMD,84db2e6a59f206a7,train
4185096944.jpg,3,CMD,99b6c7f81e0330e6,train
4185505558.jpg,3,CMD,c1c1e2e0abaf2ae3,train
4186416539.jpg,2,CGM,d79f686ae8709119,train
4186436193.jpg,3,CMD,c29934fb10b71eb2,train
4186528669.jpg,3,CMD,a9464c1e4b5ec53d,validation
4186603766.jpg,3,CMD,c6cd58962dc568ad,train
4186633206.jpg,3,CMD,d29f61b7924a0ed1,train
4186640212.jpg,1,CBSD,8eba28ae9429e7a5,train
4186680625.jpg,2,CGM,d2c83fbb14097af0,train
418673724.jpg,4,healthy,ccf3ece042c4cb8d,train
4186901068.jpg,3,CMD,87d32f96d0cc598a,train
4186913818.jpg,3,CMD,dcccedec643d0223,train
4187343844.jpg,4,healthy,91e6218668fd9c8f,train
4188111262.jpg,0,CBB,85d55f17616a712c,train
4188170872.jpg,3,CMD,d8bc7681145ba0df,test
4188219605.jpg,2,CGM,90bf2a4a710ff274,train
4188255023.jpg,3,CMD,815778ad59281b6f,validation
4188579631.jpg,3,CMD,8c4c3463b5edcd8c,test
418911240.jpg,3,CMD,c8f534092df0cf55,train
4189307730.jpg,2,CGM,90cf17194ff52523,train
4189434450.jpg,3,CMD,d18423776ed3b905,train
4189463484.jpg,3,CMD,c8a13f73315aa2b6,train
4189636250.jpg,3,CMD,d883b87918e53937,train
4189821383.jpg,3,CMD,f0c76c363d9c1316,train
4190467935.jpg,4,healthy,95424df584ffae80,train
4191284579.jpg,3,CMD,82b778986a271e76,validation
4191409437.jpg,3,CMD,d192d97554560a6f,train
4191778272.jpg,3,CMD,86a839a77cf94155,test
4191979346.jpg,2,CGM,926d71e6e1b11c39,train
4192173547.jpg,3,CMD,a5ac535b4b587456,train
4192202317.jpg,3,CMD,92db6fa69690598c,validation
4192503187.jpg,4,healthy,b4b2f2a3b0d75234,train
4192665082.jpg,0,CBB,f3a025c22e6d474f,train
4192717491.jpg,3,CMD,d7d8879a8980be63,train
4192792225.jpg,3,CMD,82b54ee941694eeb,train
4192933342.jpg,3,CMD,c08e073c3c7cbcb9,validation
4193039618.jpg,2,CGM,83861c1d42bf376e,train
4193527713.jpg,1,CBSD,834c37a59a9a4d73,train
4193627922.jpg,3,CMD,d6766b206328b1f6,train
4193821272.jpg,3,CMD,891e6eb947b8c478,train
4193954616.jpg,4,healthy,c2e06da208fdf58d,train
4194395982.jpg,3,CMD,d7ea98ac952b3780,train
4194767619.jpg,3,CMD,e28f49e49a6621f9,train
4194771487.jpg,3,CMD,95b773c705c60fa0,validation
4194820497.jpg,3,CMD,99b979cd4906c8ae,train
4195040582.jpg,3,CMD,c41b6be4f2093de2,test
4195112641.jpg,3,CMD,95c379a54b5865ac,train
4195244088.jpg,3,CMD,f48047d212bc7977,train
4195466993.jpg,4,healthy,84bf604f37661f18,train
4195586692.jpg,3,CMD,b1a2b687d39fce00,train
4195598174.jpg,3,CMD,c4336cb1f28d1c67,validation
4196010375.jpg,3,CMD,85e63fc60f91523a,train
4196311493.jpg,3,CMD,c1831d7f637358a4,validation
4196557563.jpg,3,CMD,d1d8396228aa9df6,train
4196856438.jpg,0,CBB,c1d83dc645a2cb76,train
4196928486.jpg,3,CMD,891c776b0bc6b127,validation
4196953609.jpg,3,CMD,d9a12d9e4c589697,test
419708385.jpg,4,healthy,c1db34707bb0cd89,train
4197342074.jpg,3,CMD,cfdf1714c0e80e35,train
4197537350.jpg,3,CMD,8bb013fe60cb257c,train
4197541916.jpg,3,CMD,938c3a6bc38cdc8d,train
4197748508.jpg,3,CMD,e5bc21788a7cf243,train
4197924159.jpg,4,healthy,c8cc3c2fc28686fb,train
4198242632.jpg,3,CMD,86f0394f2d73f290,train
4198510978.jpg,3,CMD,d2b34dd573122b19,train
4198716327.jpg,3,CMD,d64f053ffc805c46,train
4199179186.jpg,3,CMD,d1587fab09b115d1,validation
4199257644.jpg,3,CMD,95f96c413ae66c31,train
4199323027.jpg,3,CMD,8dcd43983a4779e8,validation
4199546662.jpg,4,healthy,c666302e24756f6d,train
4199549961.jpg,3,CMD,94c02e1b5f0e3f2d,train
419974195.jpg,3,CMD,b0d3fcb4138d89c3,validation
4200117481.jpg,3,CMD,c1b92d48b50ff153,train
4200249723.jpg,3,CMD,e0ea73d83a2b5aa1,train
4200538063.jpg,3,CMD,912c26f47457595b,train
4200872179.jpg,0,CBB,c9d620527afdc58a,train
4200880538.jpg,4,healthy,93566db94ea422cd,train
4200969502.jpg,3,CMD,83aabbfa5a5858c8,train
4201017527.jpg,4,healthy,d0cee0cad29b1a9b,test
4201154907.jpg,3,CMD,d8ba32e94377148d,train
4201636225.jpg,3,CMD,cd7b28988ea623ea,train
4201637914.jpg,2,CGM,81c79a6f18ae4fb0,train
4201965605.jpg,3,CMD,999bebaa9d909291,test
4202098451.jpg,3,CMD,c3ba487a548c476f,test
4202232655.jpg,3,CMD,dde30c83e5cb560c,train
4202339262.jpg,3,CMD,c7856a363d78c2a9,train
4202436858.jpg,3,CMD,d9aa18e735c83639,test
4202441426.jpg,3,CMD,92a637f270b99998,train
42026505.jpg,0,CBB,c1924eab098f597d,validation
4203360884.jpg,3,CMD,c9f2aca7980a5ee8,train
4203623611.jpg,1,CBSD,b29169e993446dba,train
4203754534.jpg,3,CMD,d17c269dc760339c,train
4203886176.jpg,3,CMD,ac4d37aa2bcdcac0,train
4203927586.jpg,3,CMD,ee9046ed3bda0195,train
4204029505.jpg,1,CBSD,c7403b8758e9157e,train
4204052226.jpg,3,CMD,cde32342529d99ad,train
4204435196.jpg,0,CBB,83ae61f19e5847d4,train
4204628073.jpg,3,CMD,cd527f6146266b13,test
4204930835.jpg,3,CMD,a179628f4ec22776,train
420499628.jpg,4,healthy,c5d961673cb2b81c,validation
4205231348.jpg,2,CGM,c3b17bc544176a4d,train
4205256960.jpg,3,CMD,8fff79c03ea0411c,train
4205544766.jpg,3,CMD,c92d7857d458783c,train
4205804371.jpg,2,CGM,9e116d92bb295aa3,train
4205935925.jpg,3,CMD,9cf52093487aee6c,train
4206104015.jpg,3,CMD,dd7f60c904949f2c,train
4206128911.jpg,3,CMD,873978be076c61d1,train
4206288054.jpg,3,CMD,e61b06c01dc65df6,test
420653130.jpg,3,CMD,9cea6ae8ca7aa88a,train
4206587190.jpg,0,CBB,e445aef44a877ea0,train
4206778919.jpg,2,CGM,99ce370876c799b0,test
4206947168.jpg,3,CMD,d1cc259679c628f3,test
4206993197.jpg,4,healthy,f1925f7828454fca,test
4207293267.jpg,3,CMD,9c9741fc0ac93dc5,train
420749600.jpg,4,healthy,9999263973d8e24e,train
4207507257.jpg,4,healthy,e1200d0df9c4d7d7,test
4207531803.jpg,3,CMD,d3902d70638f957c,train
4207597104.jpg,3,CMD,d27540d24caa35ef,test
4207597254.jpg,0,CBB,93a5640e6a6f7591,train
4207857980.jpg,2,CGM,9725641c29fd1b39,train
4208333966.jpg,2,CGM,c5956dc24af2e68c,train
4208451715.jpg,3,CMD,84e379ad75e08c9c,train
4208508755.jpg,1,CBSD,d0c527b1a9de459a,train
4208715814.jpg,3,CMD,86e96aebec1e1189,train
4208734427.jpg,3,CMD,96f94488b14e79b3,train
4209027570.jpg,3,CMD,94f24b0c31f26d9d,train
42091153.jpg,3,CMD,d6e16e93499629d8,validation
4209232605.jpg,3,CMD,cc84495ec999c7ce,train
4209575445.jpg,3,CMD,c1a46def11d2e26c,train
4209628430.jpg,3,CMD,81ae69b358ef12b4,train
4209668687.jpg,4,healthy,e1de7bfcb4407009,train
4209715863.jpg,3,CMD,83e479c45a6c255f,validation
4209772803.jpg,3,CMD,d4f8252e3e5e0f03,test
420979598.jpg,3,CMD,cfb971d099e9b006,test
4210199349.jpg,1,CBSD,d5a91b342bf21b25,test
4210262767.jpg,3,CMD,d0823f735660edc9,train
4210272961.jpg,3,CMD,8ce57f4dc1c8092f,validation
4210295166.jpg,3,CMD,d3206bb77d08f0d2,validation
421035788.jpg,1,CBSD,b41ecfa146d251e6,train
4210428578.jpg,1,CBSD,85687845ba2f57b2,train
4210616939.jpg,3,CMD,9af6cc204ef1c1cd,train
421071700.jpg,0,CBB,8fbe203929609eee,train
4210825389.jpg,3,CMD,933636d8a3dc4a35,train
4210831538.jpg,3,CMD,8dc23de4ba39c12d,validation
4210844423.jpg,2,CGM,859a3d366a865eac,train
4210867586.jpg,4,healthy,d4ed2c98f8936193,train
4210957612.jpg,3,CMD,9a7d6308239bf5d0,train
4211138249.jpg,3,CMD,9b296922c5cef265,test
4211450087.jpg,3,CMD,80ff03fa6f80741e,train
4211652237.jpg,3,CMD,d83d6496c6332b1b,test
4211828884.jpg,3,CMD,815c7f6a54233d95,train
4211960085.jpg,3,CMD,d0ad166abd6a568c,test
4212247949.jpg,3,CMD,c4b48e6e9a36e4c5,test
4212381540.jpg,2,CGM,d8a824cf1cbb94d5,train
4212642108.jpg,3,CMD,85ed5aec55a60ae2,train
4213060082.jpg,3,CMD,d8e12c9f603c87f1,train
4213221330.jpg,3,CMD,968c03d8eba8b35e,train
4213312070.jpg,3,CMD,9090b7b99aacbc9c,train
4213411330.jpg,0,CBB,91946baf14bf4631,train
4213471018.jpg,3,CMD,83bcae82a5c9b0cf,test
4213479544.jpg,3,CMD,c43d37b5248a8da7,train
4213496821.jpg,3,CMD,e18e6530f761accc,train
4213525466.jpg,1,CBSD,81b0076ff8674d9a,train
4213617078.jpg,3,CMD,d8063bd26c6643f3,test
4213734588.jpg,1,CBSD,d39232e1e339393c,train
4213863678.jpg,3,CMD,81f608651bcbb771,train
4214126617.jpg,2,CGM,c6914a64b63c75e5,train
4214231918.jpg,3,CMD,c19c7b5b31f90e03,train
4214625845.jpg,4,healthy,87b982f888bd99ac,train
4214804223.jpg,1,CBSD,c6fe17013118fa1f,train
42150813.jpg,3,CMD,b5e04c3f67401b5b,train
4215244581.jpg,1,CBSD,f6e2367e50363107,validation
4215295571.jpg,2,CGM,89bd6a2334939de8,train
4215365960.jpg,4,healthy,c6e371f078381796,train
4215422065.jpg,3,CMD,847b25b21b6e35b2,train
4215590346.jpg,3,CMD,dcb92ac566c2c695,train
4215606048.jpg,3,CMD,d4556c8e4bbb1570,train
4215655540.jpg,3,CMD,dea405d84ab2ea8f,train
4215887355.jpg,1,CBSD,d67929145be88397,train
4216163881.jpg,3,CMD,9ca712dc621bfa61,train
4216173282.jpg,1,CBSD,d1e11c8e6b3d3d28,train
421638370.jpg,3,CMD,927c7f8ed98b1430,train
4217597340.jpg,1,CBSD,d71e237f929ec108,train
4217871378.jpg,2,CGM,d5ea1c1df1ed4b00,train
4218379987.jpg,2,CGM,c24a73fc1cf2d9a0,validation
4218669271.jpg,2,CGM,876a17ab54b3498d,train
4219325672.jpg,3,CMD,86c8644a972fb6cb,test
4219389723.jpg,1,CBSD,9c9939a4c93a764b,train
4219528096.jpg,1,CBSD,cc76786503e9c1cb,train
4219779875.jpg,3,CMD,8919fa7323e37e20,train
4220427697.jpg,3,CMD,c38f4d936c469e8c,validation
4220488715.jpg,0,CBB,c7a93895916666ab,train
4220602838.jpg,4,healthy,85b5e7d2a69a461a,test
4220858043.jpg,1,CBSD,d1e67f894d021d36,train
4221079095.jpg,1,CBSD,9df6edc960315851,train
4221104214.jpg,1,CBSD,d8f070a2b0d0fc6f,train
4221172112.jpg,3,CMD,98e6c29e37f0a44d,test
4221245537.jpg,3,CMD,d1913cbf0f0263f8,validation
4221337280.jpg,2,CGM,91df13c70c46f616,train
4221848010.jpg,3,CMD,94676ba7e9299609,train
4221898488.jpg,3,CMD,adf87507145c7487,train
4221918564.jpg,4,healthy,d4a167f40b757413,test
4221969635.jpg,3,CMD,d3b67c89270914fc,train
4222040143.jpg,4,healthy,efa206632bad34b1,test
4222242.jpg,3,CMD,96706ac54db4335b,train
4222358832.jpg,3,CMD,d0f72dc594664569,train
4222447484.jpg,3,CMD,92ed620e3b237ab1,train
4222515459.jpg,3,CMD,aa2e517e1d54af82,train
4222869193.jpg,3,CMD,dae3584a2f2f2472,train
4222895181.jpg,3,CMD,95512b4be1e71e1c,train
4222936048.jpg,3,CMD,dbe17c84c5ada0a5,validation
4222984856.jpg,2,CGM,f0f0e3b3b6871382,train
4223217189.jpg,3,CMD,a1f76d0cdb938494,train
4223297410.jpg,2,CGM,ccd32a9e526d6a51,test
4223515593.jpg,4,healthy,d9863ac74b553155,train
4223598705.jpg,3,CMD,c0182c7fe075b78b,validation
4223665750.jpg,0,CBB,95e178693670e617,train
4223800974.jpg,2,CGM,82636cf39cc2177a,train
4224082964.jpg,0,CBB,810f34f3534dd9c5,train
4224255718.jpg,3,CMD,b8fc7eea290b0b03,train
4224427146.jpg,4,healthy,87b92dc758484b7c,train
4224453437.jpg,2,CGM,d488175e3b6c2799,validation
4224616597.jpg,4,healthy,c88d24da5a5c3e9e,train
4224712607.jpg,3,CMD,c7a2b497f390a964,train
4224873954.jpg,3,CMD,c2a8ebc8c612d776,train
4225063396.jpg,3,CMD,89b57203c24bcdde,train
4225133358.jpg,2,CGM,9ed644a1989db987,test
4225259568.jpg,2,CGM,999a39d1d1e8256e,validation
4225506393.jpg,3,CMD,93b154ee20f75247,train
4225572023.jpg,3,CMD,8dd46c4ade294eca,train
422596234.jpg,3,CMD,953b53316b3298ce,train
4226051437.jpg,3,CMD,afde2c143b158d54,test
4226241214.jpg,3,CMD,cdb004bd3cfb4236,train
422632532.jpg,3,CMD,83f414c99c3f654e,train
4226417214.jpg,3,CMD,c1e629b14d11d3f6,train
422690051.jpg,2,CGM,d7a970ad5811af46,test
4227424714.jpg,3,CMD,851631e702fa2aef,train
422752547.jpg,0,CBB,aff1285f62850799,train
4227613635.jpg,3,CMD,d2aca8c2a5bda8b3,train
4227756572.jpg,3,CMD,cbbc50192dbbfc40,train
4228006175.jpg,0,CBB,c7e578f61968283a,validation
4228467711.jpg,4,healthy,d9c7269d635ea141,train
4228501282.jpg,4,healthy,bc80cffba4d65520,train
4228517372.jpg,3,CMD,c28069de767b1566,train
4228621377.jpg,3,CMD,d13a45960eb63cdc,train
4228732666.jpg,4,healthy,d69421394e7539ec,validation
4228743901.jpg,2,CGM,c4ed20df48ca5aae,train
4228769241.jpg,3,CMD,c2d905f823d956b3,train
42290082.jpg,3,CMD,d1c67ac51d3528b6,train
4229009634.jpg,4,healthy,99dc6d833c0b526d,train
4230253873.jpg,2,CGM,dcc12b4e744e6347,test
4230502495.jpg,3,CMD,d31130ca1de65a7b,train
4230605387.jpg,2,CGM,ab9416b6222e54f7,test
4230970262.jpg,3,CMD,9cb04b7391ec4799,train
423114651.jpg,3,CMD,e32e8b894b47d86a,train
4231168569.jpg,3,CMD,d1ce1ef121b67892,validation
4231979613.jpg,3,CMD,d6d12cbd0786f0b4,train
4232363601.jpg,0,CBB,d03fd9b14a6e3960,train
423248664.jpg,2,CGM,cd93641d083e1ef3,train
4232654944.jpg,2,CGM,81f37e7167e8228c,train
423272178.jpg,2,CGM,94de34632bf1a28d,train
423288187.jpg,0,CBB,c0ca4fbc63bd9125,test
4232966905.jpg,3,CMD,c76e427a51b0e3b1,train
4233314988.jpg,4,healthy,95bb65006e2e435f,train
4233592574.jpg,4,healthy,f6d061b002c75f4f,train
4233694735.jpg,3,CMD,93ac79b41627ac59,train
423373963.jpg,3,CMD,892638b33cee46dc,train
4233818337.jpg,3,CMD,e4216c23959b5e79,train
4233882902.jpg,1,CBSD,c3d025f870e46ced,train
4234424797.jpg,3,CMD,85cc1b13136ba6f3,train
4234497061.jpg,3,CMD,87884f73c9d28bb8,train
4234605337.jpg,3,CMD,c6722ef1aa0e23e5,validation
4234858756.jpg,3,CMD,87cd7ce12fa90554,validation
4235208276.jpg,1,CBSD,c536186deb06f8e4,train
4235664377.jpg,3,CMD,a6cd76990683d137,train
4235958385.jpg,3,CMD,d3b1a7f8e4e42468,train
4236479992.jpg,3,CMD,aed6b2497a651ce0,train
4237027288.jpg,0,CBB,858e3963c9e9e534,train
4237100244.jpg,3,CMD,86f2555467669b0b,test
4237476054.jpg,0,CBB,de27780d6229877c,train
4237501920.jpg,2,CGM,869827f4264f27e3,train
423771558.jpg,0,CBB,8c8573582e7f4a65,train
4237851473.jpg,3,CMD,d0dfcc94fb882139,train
4239036041.jpg,1,CBSD,fadd70ab57908588,train
4239047736.jpg,3,CMD,c8d526f329a5b06e,test
4239074071.jpg,1,CBSD,d67929c7902d4739,train
423907510.jpg,4,healthy,8ca93bd2de4813d5,test
4239164688.jpg,3,CMD,90673bc5bcca5269,train
4239180232.jpg,1,CBSD,969210fe9676a2b3,train
4239262882.jpg,3,CMD,ce113c63a9b5193b,train
4240036351.jpg,4,healthy,aba1854573cb49cd,train
4240281500.jpg,3,CMD,c5bc0cce728137f2,test
4240296796.jpg,3,CMD,f18d6ce42fb44a70,train
424041602.jpg,4,healthy,d8a21eb1393dd1c5,validation
4240447884.jpg,3,CMD,83f46ded90df8842,validation
4241010942.jpg,3,CMD,8f0e5f5ed6132158,train
4241128101.jpg,2,CGM,b69235580393377b,test
424168659.jpg,3,CMD,c89754d47aa9ebc0,train
4241697639.jpg,2,CGM,d695266c7d8c382e,test
4241803356.jpg,3,CMD,91c87e4a7f164996,test
4242194730.jpg,3,CMD,ccbe29c25ce233cc,validation
4242296013.jpg,3,CMD,cbd93236441e4f87,train
4242325516.jpg,2,CGM,9ba32d545e4a6b0b,test
4242340626.jpg,2,CGM,fb64d8c101ec0d9f,test
424246187.jpg,3,CMD,838e29f06e437af8,validation
424257956.jpg,4,healthy,d5582a7578272765,train
4242793741.jpg,3,CMD,d9a15ba46cc51796,test
4242899751.jpg,3,CMD,99843a7414dbf897,train
4243068188.jpg,4,healthy,e0944f83adc57e32,train
4243138480.jpg,3,CMD,d9ac744327e6a11b,validation
4243169950.jpg,2,CGM,977c720f1c3b2866,train
4244470722.jpg,2,CGM,889d71f2e9ca9532,train
4244950360.jpg,3,CMD,d1fc6b75520b4269,train
4245177289.jpg,3,CMD,86826e35f39e2c1d,test
424538562.jpg,3,CMD,b54446ae32b47e8d,validation
424543130.jpg,2,CGM,81c11fe147bda55a,train
4245498205.jpg,3,CMD,831d737514f408fe,test
4245562546.jpg,3,CMD,e8c75f8a98901e73,train
4245683638.jpg,4,healthy,98c7e635e3ac1e28,train
4245699755.jpg,3,CMD,d1a718529aa947de,train
4246064356.jpg,3,CMD,e9bf31388546dc13,train
4246281634.jpg,3,CMD,d93662301e5f2be1,validation
424650710.jpg,3,CMD,d8e326995b0674d3,validation
424686742.jpg,0,CBB,d69d01d1b83c65b5,train
424691365.jpg,3,CMD,82d985f4e3223737,test
4246986532.jpg,3,CMD,c9ea6b59dca5a015,test
4247295410.jpg,3,CMD,9cae0d4825dd337c,train
4247400003.jpg,3,CMD,81ea5a9da0e53be4,train
4247589581.jpg,1,CBSD,c2e23ddb7c04a687,validation
4247710206.jpg,3,CMD,d8a67d83d3c81aa6,train
4247839780.jpg,1,CBSD,dc3368acf20b7b14,train
4248003612.jpg,3,CMD,d936608c92ce6b67,train
4248062879.jpg,1,CBSD,999d0ca6f21a87e5,validation
4248105895.jpg,3,CMD,9913165a193d39f6,test
4248150807.jpg,3,CMD,cb921e9c2e3a8d69,train
4248249660.jpg,1,CBSD,82d542438f2d779e,test
4248329912.jpg,3,CMD,c1853a4d9eb4636d,train
4248343921.jpg,1,CBSD,d19669908b943f6b,train
4248695502.jpg,3,CMD,8c862ed46ec46e67,validation
4248770671.jpg,3,CMD,93d2581ab3e96999,train
4249429876.jpg,3,CMD,8ae90845aea6f3ea,test
4249694195.jpg,3,CMD,dbab3e46555180b6,validation
4249699505.jpg,3,CMD,9091535f7e7a9823,test
4249930536.jpg,2,CGM,978f780b3cc3ce60,validation
424999624.jpg,3,CMD,d5c35ebe69a1005d,test
4250119562.jpg,3,CMD,d5bd0eed130528d3,validation
425020385.jpg,3,CMD,82c42dfb13947b35,train
4250210058.jpg,0,CBB,869969c6cd38b167,train
4250231606.jpg,3,CMD,99e6063979911e5b,train
425031851.jpg,1,CBSD,80ac3add9eac8ae3,train
4250418714.jpg,3,CMD,96054b3f936a758c,test
4250520416.jpg,1,CBSD,a5ef9aa282c703c7,train
4250538490.jpg,1,CBSD,d98456eb25176a69,train
4250554784.jpg,0,CBB,d0ba3e9fab111f20,train
4250623520.jpg,3,CMD,ff800dcdad0e0ada,train
4250668297.jpg,3,CMD,d6ad7813637ab520,train
4250729106.jpg,3,CMD,96f90e29568ce3ac,test
4250754910.jpg,3,CMD,b3c269b684e85f46,train
425082747.jpg,3,CMD,d9f962cdf8836601,test
4250885951.jpg,1,CBSD,80a65f2098d977fc,train
4251001492.jpg,3,CMD,f8f9f0a2b042732b,validation
4251271803.jpg,4,healthy,d01b7ea152da356c,train
4251608120.jpg,2,CGM,91e9125cbe8d5bc8,train
4251678390.jpg,2,CGM,c39863a3e9f12d38,train
4251933055.jpg,3,CMD,918c673715f09b93,train
4252015282.jpg,4,healthy,99ce606762839bd9,test
4252058382.jpg,2,CGM,84963567c5ea0c7b,train
4252095621.jpg,3,CMD,85c2d3bdc6916b62,train
4252192689.jpg,4,healthy,92b8b49c32f6bc26,train
4252235677.jpg,3,CMD,e4eed9809d175718,train
4252236416.jpg,3,CMD,92c1793b44943bd7,train
425235104.jpg,3,CMD,c71839b033a157e7,train
4252410554.jpg,4,healthy,bffdc40d1d30a035,validation
425244758.jpg,1,CBSD,d2db25853eb029e6,train
4252535713.jpg,3,CMD,85876e7371310b6e,validation
4252539994.jpg,2,CGM,a0b7a09e508feb4d,train
4253189039.jpg,1,CBSD,d4662b9b6ca43a63,validation
4253520478.jpg,3,CMD,9a30655a3758b5b6,train
4253753819.jpg,3,CMD,9c8e1acaaee18774,train
4253761974.jpg,4,healthy,9ae646892596b99b,validation
4253799258.jpg,3,CMD,c0fd532f768ab281,train
425389648.jpg,3,CMD,93903a769b6f403b,train
4254213032.jpg,2,CGM,8ed368273aa985c7,train
4254533142.jpg,3,CMD,c5086f8478fac5d9,validation
4254813390.jpg,1,CBSD,ca615fef267828d0,train
4254971723.jpg,3,CMD,fec4abe0c581c566,train
4254996610.jpg,1,CBSD,91963ef8b168d507,train
4255100884.jpg,3,CMD,891d9357aac1e4d6,train
4255196582.jpg,3,CMD,8774140777789e4e,train
4255258797.jpg,3,CMD,d5cb6cf6b8d23101,train
4255275522.jpg,3,CMD,d2873dd0866d1b96,train
4255452857.jpg,3,CMD,94a52fd6e1491f52,train
4255490685.jpg,3,CMD,8bd74ca5654b4ea8,train
4255738008.jpg,2,CGM,c0c32fb75698a8ce,validation
4255843801.jpg,2,CGM,ee87b1858135ceb8,validation
4256202412.jpg,3,CMD,d5d1119b7f2406b3,train
4256268171.jpg,3,CMD,c3c0471636672df3,test
4256542670.jpg,3,CMD,cd963d1975395162,validation
4256620425.jpg,3,CMD,f8db00f81fc0fe0c,test
4256663928.jpg,3,CMD,a4caa1d32bb39d2a,train
425678500.jpg,1,CBSD,900f3c736c62efc4,test
4256882986.jpg,3,CMD,c0affcf24c0a265b,train
4256968855.jpg,3,CMD,87b61bea507a5c43,train
4257203192.jpg,3,CMD,dbd262f2b6f2c088,train
4257261494.jpg,2,CGM,c084e5e9c0f0fafa,train
4257577206.jpg,0,CBB,83d42a8afbcb5326,train
4257897572.jpg,4,healthy,d92b649204fbb1ba,test
42586742.jpg,1,CBSD,c8bf62bc265e6309,train
4258860412.jpg,1,CBSD,b4e64e33086b2fb8,validation
4258928980.jpg,1,CBSD,c4eeaa65b28e3d84,validation
4259637871.jpg,3,CMD,c1db2ce0cf38f01d,test
425994591.jpg,3,CMD,81bd0c732e8ef269,validation
426011031.jpg,3,CMD,d15e49b525b163d4,train
4260449976.jpg,3,CMD,94853bd9c6f4058f,validation
4260526608.jpg,3,CMD,cd33828e33cca33d,train
4260532551.jpg,4,healthy,da8f742805f31e36,train
42609166.jpg,3,CMD,85cc502f257e75e8,test
4261141445.jpg,3,CMD,9bc833ae9e29a455,test
4261150820.jpg,3,CMD,d1d43dd002bc99be,test
4261199097.jpg,1,CBSD,c65d34213fe1959a,train
426129077.jpg,3,CMD,97fc40d0a9ee32e1,train
4261378787.jpg,2,CGM,90caaf1bb47cc41e,test
4261671268.jpg,3,CMD,94b86ff56aa25047,train
426170022.jpg,3,CMD,85a475f22dca1c37,train
4262071206.jpg,3,CMD,d9993b88b527414f,validation
4262086916.jpg,3,CMD,c7bc306f79804753,train
4262259136.jpg,1,CBSD,ccac2ba5655e6aa8,train
4262410116.jpg,3,CMD,d26e659672a48d66,train
4262559239.jpg,3,CMD,d08e2e6fdb037056,test
4262567845.jpg,4,healthy,d9e16eb1da90a623,validation
4262629224.jpg,4,healthy,decd69ac24a92c33,train
4262860938.jpg,3,CMD,c7863eb2c191633d,train
4263534897.jpg,3,CMD,d8a7143b69728cab,validation
4263725317.jpg,3,CMD,849a6bc5e5e03c7c,validation
4263858320.jpg,3,CMD,b4db5d0c623aa2b9,train
4264274445.jpg,3,CMD,ed52358b14a9f8b1,train
426501539.jpg,4,healthy,c89bb2d11d38f487,train
426528709.jpg,3,CMD,8a8e6ab2c49f57c1,train
426530715.jpg,4,healthy,d7e20d2d40bab2f8,train
4265695955.jpg,2,CGM,94896c3d54e6e0e7,train
4265793200.jpg,3,CMD,f8956572b8177c48,train
4265846658.jpg,3,CMD,85e432839b9b538f,test
4265873256.jpg,1,CBSD,c8be4d7d074ed2c0,train
4266410348.jpg,3,CMD,859b71c1561bf196,train
4266856745.jpg,1,CBSD,c37f70c39ed1160c,train
4266883021.jpg,3,CMD,936931d6c3b04aeb,train
4266959009.jpg,4,healthy,bc855af225bdda40,validation
4267085223.jpg,3,CMD,c4fc239b526c8e17,train
4267160725.jpg,4,healthy,92d262663e219fd9,train
4267171540.jpg,3,CMD,d78f3f3e80486c49,train
4267414655.jpg,1,CBSD,84bf2ea0e78691b3,train
4267819868.jpg,3,CMD,a7d06c1f709d03b6,train
4267879183.jpg,3,CMD,ce9b4db0b248e8e5,train
4268211199.jpg,3,CMD,8c6369f4438f74f0,train
4268256477.jpg,3,CMD,d0db3b1b1a239ae8,train
4268397225.jpg,0,CBB,8b944cce79d1b874,train
4268549566.jpg,3,CMD,9c3f4b48ba8592f8,test
42688414.jpg,1,CBSD,c5b3380cbfc99195,train
4269113447.jpg,3,CMD,c2f704392f785761,train
4269208386.jpg,1,CBSD,8ccf3135ac8a597a,train
4269789999.jpg,3,CMD,d518695ac33b268f,validation
4269823150.jpg,3,CMD,d5b149db21433aad,train
4269828095.jpg,3,CMD,a956702e64ad7ee0,train
4269977129.jpg,3,CMD,91b235958cadd6a3,train
4270123145.jpg,3,CMD,d596263d3a761c54,train
4270603433.jpg,4,healthy,818822bfff16e1e4,train
4270811965.jpg,3,CMD,dc033cded30c3699,train
4270972443.jpg,4,healthy,81c4e7c348af4dad,test
4270993331.jpg,3,CMD,f8ff7e4760883a40,train
4271000778.jpg,3,CMD,80f31af314ef2c96,train
4271208803.jpg,3,CMD,86a2356fca396359,train
4271963761.jpg,2,CGM,d34a0db21c6b638f,train
427201982.jpg,3,CMD,9bc431fe9d84a076,validation
427226135.jpg,3,CMD,e1fc221c1c2d9ee5,train
4272507898.jpg,3,CMD,84503f5f49e94ad6,train
4272684860.jpg,2,CGM,c89d61771f8c0b99,train
4272738876.jpg,3,CMD,9cbd743c72f4a0c1,validation
427286737.jpg,3,CMD,858c73f023dfecc0,test
4272950907.jpg,4,healthy,91db7784a6f02369,train
427331923.jpg,3,CMD,d29d2fc5a2e53134,test
4273381406.jpg,3,CMD,82d8306d73e21ff1,train
4273424873.jpg,3,CMD,81df7f824ba816a3,train
4273616869.jpg,4,healthy,8c8352a97172b35f,validation
4273727278.jpg,3,CMD,cba516f32c6dc20b,test
4273998923.jpg,3,CMD,d6c30eb98716175c,train
4274006379.jpg,3,CMD,d8204fcc7fead418,test
4274049119.jpg,4,healthy,b5e0ca5387659f14,train
4274564396.jpg,3,CMD,d1e85f9426b94c27,validation
4274689672.jpg,3,CMD,9c4d3c0f43e0f85e,test
4274749483.jpg,3,CMD,80ed61f4534e5db2,train
427487173.jpg,2,CGM,dcd54c3cca29961e,validation
4275116781.jpg,0,CBB,c79331ee0c187dcc,train
427517931.jpg,3,CMD,92b62eb5e2ce09e2,train
4275236690.jpg,3,CMD,9df969d199c64431,validation
4275245124.jpg,3,CMD,caac0abbb3ba51b0,train
4275284230.jpg,3,CMD,f099619eb843bea2,train
427529521.jpg,3,CMD,d1ee1d38e8d962c2,train
4275296346.jpg,1,CBSD,d1ae62d927c4cc69,test
4275452291.jpg,3,CMD,eda6722f1c0c295e,validation
4275645735.jpg,3,CMD,952e4ef60e5672c1,test
4275773216.jpg,3,CMD,84dd2c3b0fa60d3d,train
4276075687.jpg,1,CBSD,989eda87074368f9,train
4276437960.jpg,3,CMD,84cb73a9e96c2ea2,train
4276465485.jpg,3,CMD,c69878638aaa6d9b,validation
4276501403.jpg,3,CMD,91ac2fd329d238a7,validation
427669101.jpg,3,CMD,92d97289735c0fa5,train
4276702530.jpg,3,CMD,97ed74b0aaba9c04,validation
4276709796.jpg,4,healthy,e7863a099b1376e4,test
4276754883.jpg,4,healthy,c44e61b7584e6da9,train
4276789803.jpg,3,CMD,95959585a4a6ed6a,test
4277021360.jpg,3,CMD,a6a4b2d2dec6a929,train
4277157912.jpg,4,healthy,d1af14382357f4d2,train
4277201548.jpg,1,CBSD,dfc40f761415709b,train
4277213356.jpg,4,healthy,c0b632f06da42fd9,train
4277729347.jpg,1,CBSD,dcdcd8dadad24242,test
427782419.jpg,2,CGM,c7ec192f382f2f02,train
4278159410.jpg,3,CMD,d4e84d76692a61c7,train
4278290945.jpg,2,CGM,9df0334d5a893c5a,train
4278349650.jpg,3,CMD,bc9110426f9d7a3b,train
4278355555.jpg,2,CGM,b2a6746569696af0,train
4278469660.jpg,2,CGM,c8836d63cc4fea26,train
4278686402.jpg,4,healthy,c3dd2ccd52868fc8,train
4278878757.jpg,0,CBB,a5cc59b327656668,train
4279143511.jpg,3,CMD,98d2b2f092b992b7,train
4279177464.jpg,4,healthy,c92766a9361b0dbc,test
4279248558.jpg,3,CMD,cbd163625ec88787,train
4279337211.jpg,3,CMD,b30f375b9278688a,test
4279357084.jpg,3,CMD,87c50d77659c616c,train
4279465930.jpg,3,CMD,bfe2089e1cd85cd1,train
4279471194.jpg,3,CMD,c290d5392de14fad,train
4279868467.jpg,3,CMD,c48123aefcb1a96d,validation
4280091186.jpg,4,healthy,c9ea3e0a83a1ae2f,validation
4280523848.jpg,3,CMD,db9e0db389886ab8,validation
4280698838.jpg,3,CMD,c0843e4f4f31f5e1,train
4280760906.jpg,4,healthy,db854288a7fe6ce0,train
4280947903.jpg,3,CMD,c0c337ef68b61994,test
4281502207.jpg,3,CMD,83d365a919adb255,train
4281504647.jpg,3,CMD,a73430366afeca4c,validation
4281654118.jpg,3,CMD,c1bf22ca1c7aa4b9,train
428166614.jpg,3,CMD,919c77109d890f9f,train
4282010677.jpg,0,CBB,dddf61f11620e311,train
4282408832.jpg,3,CMD,c8ce136b96596e34,test
4282442229.jpg,1,CBSD,dece7ac11e493550,train
4282530176.jpg,2,CGM,a4973a8ec3b49dc2,test
4282727554.jpg,3,CMD,88847ba476a774d3,train
4282894767.jpg,0,CBB,932b58c9378b0bab,train
4282908664.jpg,3,CMD,92cde95a741716a9,train
4283054120.jpg,3,CMD,e1c14cface52366c,train
4283076582.jpg,4,healthy,e3d834c2f5ba5125,train
4283270414.jpg,4,healthy,82873e8f79b406f1,train
4283277874.jpg,3,CMD,d1b8627347860ff1,validation
4283521063.jpg,3,CMD,ddc65514c519ecd8,train
4284057693.jpg,3,CMD,e61b8c3d1096ad75,test
4284191566.jpg,3,CMD,d2fac33d274d124a,validation
4284260544.jpg,3,CMD,cc952eab17f8130d,test
4284398134.jpg,1,CBSD,d5e14d6ccc755033,train
4284426558.jpg,3,CMD,d0a50fe5753270dc,validation
4284428305.jpg,3,CMD,c7806c33ed835277,train
4284674042.jpg,0,CBB,afe9b1ebe091c908,train
4284813323.jpg,3,CMD,8106fedb0aac1b79,test
4285226176.jpg,3,CMD,cb2533f8184ca7ea,train
4285379899.jpg,3,CMD,83da39033b7b612b,train
4285401686.jpg,3,CMD,93f96c8c33478e31,validation
4285755413.jpg,3,CMD,de803d1753d3561a,validation
4286158151.jpg,1,CBSD,c6e133de6801cc9f,test
4286169099.jpg,4,healthy,c5d206f512aeb8f4,train
4286174060.jpg,3,CMD,84f06a896dfb38c5,train
4286239894.jpg,3,CMD,98e4e69691dec919,train
4286284700.jpg,3,CMD,d4d74eed2186a728,train
428641617.jpg,3,CMD,9a1f707939a923b2,test
4286577227.jpg,4,healthy,ce9879a1326f2716,validation
4286700834.jpg,4,healthy,d40b3b720fde6017,train
428692692.jpg,3,CMD,9c91231b67ff0507,validation
4287033165.jpg,3,CMD,e1937f10a0d61bf1,validation
4287071486.jpg,3,CMD,98cac351aafe5a29,train
428725949.jpg,3,CMD,c33764cf8674e1a1,validation
4287278405.jpg,1,CBSD,c59f7d8c70ff0101,train
4287286739.jpg,3,CMD,d4a46fb03deac2a1,train
4287369745.jpg,3,CMD,94c81f0c6db03b9f,train
4287423419.jpg,3,CMD,d4ef66d3225a5b02,train
4287448555.jpg,2,CGM,89896d7b4322b6b6,test
4287820275.jpg,3,CMD,91a678a5061fe1fc,validation
4288246700.jpg,4,healthy,f3076cf194b169e0,train
4288249349.jpg,3,CMD,aecd363348d16b15,train
4288369732.jpg,0,CBB,90ca6c36369635f3,test
4288418406.jpg,3,CMD,99b36b627e0c82da,train
4288554103.jpg,3,CMD,84907bc36a69a39f,train
4289523242.jpg,4,healthy,b5c74f6d7c501033,train
4289669666.jpg,0,CBB,8cb620c6b05ed9ee,train
4290607578.jpg,3,CMD,93196b53db0ce075,validation
429071612.jpg,3,CMD,daf1a4e5d0a923b4,train
4290786696.jpg,3,CMD,d9b431c12db50f8b,train
4290827656.jpg,3,CMD,90c007cf6e5eeaaa,train
4290868604.jpg,3,CMD,d4d22b6c7621ec36,train
4290883718.jpg,3,CMD,d0b871f8f962918e,validation
4291020124.jpg,3,CMD,d9ce3fd9265b8022,train
4291517626.jpg,3,CMD,a053671f9b784729,validation
4291622548.jpg,2,CGM,dea23f98dcd92190,train
4291798124.jpg,2,CGM,d3c26fb76009c669,train
4291850520.jpg,3,CMD,87fafa16699070e8,train
4291924776.jpg,4,healthy,d5f92832b9935b28,train
429193832.jpg,3,CMD,97f35a59430f21e4,train
4291943687.jpg,3,CMD,c7982c3731686ae7,validation
4292043437.jpg,3,CMD,eef72ae101e5a485,train
4292224219.jpg,3,CMD,96897dd78cecc064,train
4292271303.jpg,3,CMD,c6b062ec92c8caef,validation
429230321.jpg,3,CMD,81b25ca16f0fa7c9,train
4292333499.jpg,3,CMD,95c26dd653b4e0d2,test
4292377658.jpg,3,CMD,91f9728e0e15d547,train
4292386497.jpg,2,CGM,9f7f5a2a500ca12f,train
4292850114.jpg,3,CMD,9a8b3abb2b329332,train
4292988075.jpg,2,CGM,d0af61c397245af1,train
4293129441.jpg,3,CMD,8429369b6da4e59d,test
4293589004.jpg,0,CBB,8fcb3067e31ed421,train
4293661491.jpg,3,CMD,853943c27ec625f9,train
4293817306.jpg,2,CGM,90db37e09d8f80c7,test
4293860103.jpg,3,CMD,d56d0cda39c0e0bd,validation
429424915.jpg,3,CMD,c5f606d57b09341d,train
4294756187.jpg,2,CGM,c699723c25e2e62d,train
42968835.jpg,3,CMD,867128f36a9d2f86,train
429832892.jpg,0,CBB,83a71bbd1bad7402,train
429982747.jpg,3,CMD,945c71b1eba4554b,validation
430094135.jpg,2,CGM,e4b70b6652d1a53a,validation
430916626.jpg,0,CBB,81a8df28df41743d,train
431233168.jpg,3,CMD,d1972f0f833c307c,train
431411749.jpg,1,CBSD,922e7494c9dbb1e2,validation
431419127.jpg,2,CGM,c36766f1ce213d82,validation
431535307.jpg,3,CMD,d01c31e1a7cc3e5b,test
431731696.jpg,3,CMD,d2f828453f2bb233,train
431851340.jpg,3,CMD,cf302fb68986eb21,train
431956415.jpg,3,CMD,958c5e344b29d557,test
432302938.jpg,2,CGM,958e7853cc3e21ce,train
432371484.jpg,4,healthy,a77c7127acc33485,test
432428117.jpg,3,CMD,80ce6bdd6a913c63,train
432656934.jpg,4,healthy,c67071e652c8a5fc,train
43315915.jpg,3,CMD,d8cca5f8ea85849b,train
433273878.jpg,2,CGM,ddcc004760a1f7fa,train
433569439.jpg,2,CGM,d2816d36236d97d2,train
433676551.jpg,2,CGM,9191b93d252f0f47,test
43400769.jpg,3,CMD,a68b3746837ff028,test
434025087.jpg,3,CMD,87e51ad3cd0e1875,train
434128804.jpg,2,CGM,d2857be5b1a10f70,train
434367485.jpg,3,CMD,d1e126da68865b7c,train
434900248.jpg,3,CMD,928984679e3b695e,train
435059376.jpg,4,healthy,c5ce51b910cbd1cd,validation
435094576.jpg,0,CBB,caa427d2369bf0b4,validation
43523745.jpg,1,CBSD,95903b3f71115717,test
435303871.jpg,1,CBSD,cd932c10c7c6ed63,validation
435404397.jpg,3,CMD,b2d6739931cc4c87,train
435467528.jpg,3,CMD,d686526377474c55,train
435476831.jpg,1,CBSD,c5c42ecfe10b4b69,train
4359365.jpg,3,CMD,85bd332f6e5449c1,train
435951726.jpg,4,healthy,dbe82072336df862,train
435952255.jpg,3,CMD,8c4857cba82f173d,test
436004250.jpg,3,CMD,d8912fdb2a6c21f2,validation
436011038.jpg,3,CMD,869878c7f6d1a934,train
436031847.jpg,2,CGM,dbd21b4e25d7cc20,train
436314229.jpg,3,CMD,ebb468cc83d90d1d,train
4365857.jpg,2,CGM,e59bc42039a17f96,test
436868168.jpg,0,CBB,9cf4628c136f8d95,train
437121347.jpg,3,CMD,a5f064861db56ea9,train
43727066.jpg,3,CMD,ddfd0270e04f4f03,train
437398008.jpg,3,CMD,8deaa18639476ce9,validation
437629432.jpg,3,CMD,a5b20ed903f34a9e,train
437673562.jpg,4,healthy,898a6bafc44eada4,train
437931902.jpg,3,CMD,99b7714c49694d5a,train
437958298.jpg,1,CBSD,81843e753a958ff4,test
438095815.jpg,3,CMD,dcb11c4b62f4c99a,train
438286664.jpg,3,CMD,b9c4324d769b0eb4,train
438352262.jpg,3,CMD,c1fd3c891a9b0d96,train
438557972.jpg,3,CMD,a4d565e21313dbb1,train
439049574.jpg,3,CMD,ef124cb04dcf9929,train
439346642.jpg,1,CBSD,c48758bff8d2251c,train
43958226.jpg,3,CMD,f16c702e3d8d5c43,train
439915243.jpg,3,CMD,84fc5cc147167d0f,test
440064041.jpg,3,CMD,85b4378e3e8911ee,train
440065824.jpg,3,CMD,d0f30137391b6ae3,train
440608001.jpg,3,CMD,d2b4319645f94be2,train
440896922.jpg,2,CGM,96f063a32d36636c,train
441313044.jpg,3,CMD,99827e05f1a5e752,train
441408374.jpg,3,CMD,d8a37a98cc2f52d1,train
441501298.jpg,1,CBSD,879829b6f7490e4b,test
441540366.jpg,2,CGM,c6935b92b9ab810f,train
441579945.jpg,0,CBB,8bde7c5a608343cb,train
441630949.jpg,3,CMD,c2ff2cf1c28e50c3,train
442164564.jpg,0,CBB,e7da39a58a224e78,validation
442172384.jpg,3,CMD,caf42c5b71655ab0,train
442179764.jpg,3,CMD,c2e4353e39269e3a,test
442207015.jpg,3,CMD,fc85772725293165,train
442386946.jpg,4,healthy,c1c4b696dcbc264b,validation
442397332.jpg,3,CMD,c0b318d7e4ce299b,train
442454672.jpg,2,CGM,f5b52d202d0773c9,test
442646143.jpg,3,CMD,faea281e2381e1fc,train
442743040.jpg,3,CMD,d8f941ad0b5523da,train
442743258.jpg,3,CMD,d3a71c0b6b2b0d36,train
442849128.jpg,3,CMD,e595d0681fa398f2,train
442906284.jpg,3,CMD,d0267bad18663796,train
442989383.jpg,3,CMD,9add655a4c495bc1,train
443211656.jpg,4,healthy,d17264f92e890bdc,train
443215881.jpg,2,CGM,94c28e19edc63b65,validation
443656391.jpg,4,healthy,c37835c6b38cf921,validation
443817384.jpg,3,CMD,82b577c159097d53,test
444154867.jpg,3,CMD,bab70803230fe2fe,train
444416814.jpg,3,CMD,cd9964b3733d1443,train
444631842.jpg,3,CMD,98ad3fdf1b4400f2,train
444715052.jpg,4,healthy,9b5f360bfc41bc40,validation
445058593.jpg,2,CGM,cfb86a469126a337,train
445321069.jpg,1,CBSD,ad4a4e1e9459f1b1,train
445341591.jpg,4,healthy,e19228fa605ee6f4,train
445689900.jpg,3,CMD,a8556aabac085baf,train
445879019.jpg,3,CMD,cecb2fd98333a604,validation
446451403.jpg,3,CMD,c0254a8eaf77469e,train
446511089.jpg,4,healthy,c9722b6d044e4dfc,train
446546740.jpg,3,CMD,84ec6c8d7e4e859c,train
446547261.jpg,2,CGM,c4b367a17073745c,train
446585225.jpg,3,CMD,e8eeeea594151516,train
446913360.jpg,3,CMD,9519da7b2ca44fc8,train
446986430.jpg,3,CMD,cab3340e74e3aa39,train
447048984.jpg,2,CGM,8993579e7ad15145,validation
447053671.jpg,2,CGM,d61c78a7899a1ee8,validation
447327937.jpg,3,CMD,d93cc46983765569,test
447702060.jpg,2,CGM,9bd46ea646e9a264,train
44779769.jpg,4,healthy,c1937ccc7b86113d,train
447826793.jpg,1,CBSD,d18f66ce65b408b6,train
447847284.jpg,2,CGM,d12aa3ab2cd76c16,train
44786547.jpg,3,CMD,95397a9a51560da7,train
448026259.jpg,3,CMD,8b463df5d00bf918,train
448572806.jpg,3,CMD,9d9c58ea2de704a6,test
448840430.jpg,3,CMD,82a97d66e557a20d,train
448853755.jpg,3,CMD,c9a3a93540bc7769,train
449389274.jpg,3,CMD,ae364a69ac8f02bb,train
449531366.jpg,3,CMD,928a1bd46f8e6363,test
450167036.jpg,0,CBB,c8a736d839182bbd,train
450217405.jpg,4,healthy,eb9c07710c7e0793,train
450239051.jpg,3,CMD,91fc628925f2b8f4,test
450609144.jpg,3,CMD,b959037c87a15f2c,test
451058398.jpg,3,CMD,cae57b1d0e89b8b0,train
451261982.jpg,3,CMD,cd873f7a104cc3d1,validation
451285147.jpg,4,healthy,95c24b8bdccd43d2,train
451431780.jpg,1,CBSD,be94696b6096b6b0,train
451433123.jpg,3,CMD,c0128cf8bb66cde6,train
45143723.jpg,3,CMD,80b948c4ecb62fed,train
451482977.jpg,3,CMD,90e87f1f304a2c6f,test
451500275.jpg,3,CMD,b9fe2499a710c0af,test
451532153.jpg,1,CBSD,c7bd3c7f49855041,train
451612458.jpg,3,CMD,947c32c963da4b27,train
451825559.jpg,0,CBB,beaf494b575ac280,train
451922996.jpg,3,CMD,c18b36586d1db275,train
4522938.jpg,3,CMD,9e6162d04bafbb88,train
452327589.jpg,3,CMD,870f04962cfbe369,validation
452338583.jpg,3,CMD,d18e26d96e46433e,train
452351258.jpg,3,CMD,c39863763c675383,train
452420525.jpg,3,CMD,94b43d9b524c496f,train
452781312.jpg,3,CMD,a7b171a48f52adc8,train
454183787.jpg,3,CMD,9463691badbe6e10,test
454246300.jpg,4,healthy,8c9db65bc0323ce5,train
454637792.jpg,3,CMD,94ae62c661b266f5,train
454710225.jpg,3,CMD,d94a06b55fb83a32,train
454771505.jpg,2,CGM,98a0b9a3e9f1d998,train
4551119.jpg,3,CMD,dbb15c5a05996395,train
455136283.jpg,3,CMD,c4e3649a2db223be,train
455188005.jpg,3,CMD,89c6316695897af9,train
455328033.jpg,4,healthy,84b2e3b6a08b7f58,train
455503561.jpg,3,CMD,dc494f3161be4e46,validation
455970803.jpg,3,CMD,c2caebcb8f89091d,train
456001532.jpg,3,CMD,d4c36369135c74b5,train
456107080.jpg,3,CMD,cab0397d319d08db,train
456224979.jpg,3,CMD,fffe2a7e70400544,train
456278844.jpg,3,CMD,c3cd1de986cf430c,train
456464390.jpg,3,CMD,d2c92f3a487e96c1,train
456647345.jpg,3,CMD,d10d2eb1859e7d85,train
456963939.jpg,4,healthy,c5e5377917966901,train
457102375.jpg,3,CMD,9c4c6bc61731cb1d,test
457376738.jpg,3,CMD,81735e0147ce07f7,train
457405364.jpg,1,CBSD,f1850fda7c62682d,train
457446390.jpg,1,CBSD,f2f26a0d4dc1a335,validation
45753456.jpg,3,CMD,87383fb360564aad,train
45787177.jpg,3,CMD,c4d927345af039cd,test
457931044.jpg,3,CMD,cab55bb3644a3585,test
457946090.jpg,3,CMD,a5d2465279c9f09b,train
457979538.jpg,4,healthy,80627f369de493d1,train
458078692.jpg,2,CGM,dde02f606f0d2ce1,validation
458083471.jpg,3,CMD,8d72638e35cc18f3,test
458086405.jpg,2,CGM,9592434a7a5f3b68,train
458113547.jpg,3,CMD,d4cb0f74e31646e2,validation
458279026.jpg,2,CGM,a4a7527ce34c618f,train
458282782.jpg,3,CMD,8fc91eb600adc97c,train
458696690.jpg,1,CBSD,d12554eb75dc290e,validation
458698920.jpg,1,CBSD,979a2d856a694e4e,train
459018171.jpg,4,healthy,9fd8391011e0f53f,validation
459025811.jpg,3,CMD,d107643cc704ff1d,train
459069338.jpg,3,CMD,8a852f56f3ea490e,validation
459155800.jpg,3,CMD,819c251933c679df,train
459183399.jpg,3,CMD,c6d56d13628967d8,test
459241736.jpg,3,CMD,fe83623b5898d782,train
459331011.jpg,3,CMD,908d6bb13956c9e3,test
459566103.jpg,3,CMD,89f4670bb4f9c186,train
459566440.jpg,0,CBB,88aa7998cf2b72c6,test
459715600.jpg,3,CMD,c3ed38311e74c635,train
459727273.jpg,3,CMD,d1cb3cdba4154e61,train
459889345.jpg,3,CMD,953adf859533061b,train
460359141.jpg,4,healthy,c1ce6b9e311e4a3c,train
460660800.jpg,3,CMD,98ec32ca776d4946,train
460695084.jpg,3,CMD,8d4b433f1d37c0d1,validation
46087551.jpg,1,CBSD,c6b2b5ca0fcf508c,train
460888118.jpg,3,CMD,8ecb49afb6d54182,train
461042131.jpg,2,CGM,c4b3295c369b51f4,train
461442834.jpg,4,healthy,ccba6301997df071,train
461505973.jpg,3,CMD,81d646271a3e1eed,validation
461517299.jpg,3,CMD,c1fc1595ce9309ae,train
461574055.jpg,3,CMD,d9d3067e39c881e6,validation
461654762.jpg,1,CBSD,d4c01e16697b7c66,train
462009251.jpg,2,CGM,d3e67d8e14514ab8,train
462053910.jpg,3,CMD,b50c611f133c1f73,validation
462079305.jpg,1,CBSD,d1682897da876d36,train
462192848.jpg,3,CMD,d4a22b70239dfe83,validation
462402577.jpg,2,CGM,c4b42dc536516fa9,train
462491927.jpg,4,healthy,86a5606c797e728b,train
462652564.jpg,2,CGM,c2ed1bc90cc7f0e2,train
462768820.jpg,3,CMD,d19d355f9ca46914,train
462938008.jpg,3,CMD,90bd26fbe52ce10a,train
463033778.jpg,3,CMD,95ca19f223d66e29,train
463306990.jpg,3,CMD,80936aefb62d1d91,train
463752462.jpg,3,CMD,8de8490de5953ae9,train
463938223.jpg,3,CMD,95c26e057ee75036,train
464089326.jpg,4,healthy,92ad799278e01f1b,train
464249040.jpg,4,healthy,dc8023de24a3b9f6,train
464299112.jpg,1,CBSD,cf70663f7418b01d,train
464335035.jpg,3,CMD,af63366984c261f3,train
46435039.jpg,1,CBSD,d19e7ce08cd9d0e2,train
464695635.jpg,4,healthy,91da2567b5ce8589,train
465394840.jpg,1,CBSD,95c56cae3748a596,train
465786805.jpg,3,CMD,8bd431bdc24a571e,validation
466394178.jpg,3,CMD,d7ee1f9852cc0934,train
466665230.jpg,3,CMD,87613d1f11e4dc95,train
466809222.jpg,3,CMD,86b169ae3574d349,train
467000681.jpg,3,CMD,f4bcb0beb4360744,train
467037759.jpg,3,CMD,d0b2262ff267eb01,train
467561327.jpg,3,CMD,cc2478c97ce3c792,validation
467965750.jpg,3,CMD,ccc37ca2bcbd01d2,train
468599121.jpg,4,healthy,92a27ebb348530f3,train
469109506.jpg,3,CMD,94f63c331f7542e0,train
469245584.jpg,2,CGM,c484b6e9cc2b5f54,train
469487.jpg,1,CBSD,d2f4368ed34b320d,train
469514672.jpg,3,CMD,d1f322e658195676,train
469559658.jpg,3,CMD,c47253b6a1f848dd,test
469627647.jpg,3,CMD,d213261d19fe5c4e,test
469651575.jpg,3,CMD,d58c61ac04ebd99b,train
46965268.jpg,4,healthy,8085f63db8c706db,train
469662229.jpg,3,CMD,929d62bc2dc94e5c,train
469729622.jpg,1,CBSD,91d36285e79694d3,train
469774939.jpg,3,CMD,e48e0db913cfb4a4,train
469798275.jpg,3,CMD,dad9376a2c136a23,validation
470010237.jpg,3,CMD,86023ffabf9206c5,train
470266437.jpg,3,CMD,c1ea30e067ba17b6,train
470378049.jpg,3,CMD,d7c4cfd324c75380,train
470635054.jpg,3,CMD,a1fc83c93ae6341d,train
471126071.jpg,3,CMD,f700d90b027dd727,train
471570254.jpg,3,CMD,c4366617abf01ec6,train
471647021.jpg,3,CMD,89905fad659b4ad4,train
471719560.jpg,4,healthy,dcb6622925468aef,train
471733925.jpg,0,CBB,ead8af07723c103e,validation
471759171.jpg,3,CMD,c8db2a2413af69f2,train
471808107.jpg,3,CMD,c5f63b1359cce424,train
471996434.jpg,4,healthy,e7f02dc1496fc682,validation
472269630.jpg,3,CMD,90967a2ba1f66b89,validation
472300747.jpg,2,CGM,d5af1ad1217132ea,train
472370398.jpg,3,CMD,ded928787d4bd005,train
472465250.jpg,1,CBSD,93855cb0a995f1ce,test
472489554.jpg,1,CBSD,e3ccf410ed9c74a8,train
472536044.jpg,3,CMD,a9956424ad1a799f,train
472839300.jpg,0,CBB,dc32632c6577522b,validation
473238027.jpg,3,CMD,80fc410f30b6bfd3,train
473358865.jpg,3,CMD,839c13cc49c63b6f,train
473737593.jpg,4,healthy,c0d53dd59438ba1b,train
473806024.jpg,3,CMD,84e672416dfe9668,test
473823142.jpg,4,healthy,85f25dfa24167a89,train
473895860.jpg,3,CMD,9a981eefc6c62615,validation
473941755.jpg,3,CMD,8ee935d5644a495e,train
474097045.jpg,3,CMD,93c839708fd067d3,train
474493920.jpg,0,CBB,c6b23994ac9f491d,test
475006659.jpg,3,CMD,86f23c780bc3495f,train
475084135.jpg,3,CMD,c58b3ae69969065b,train
475097203.jpg,3,CMD,863cda925f6d25a2,test
475228141.jpg,4,healthy,d7813ede483e7032,train
475418863.jpg,3,CMD,cfb44a72688f166c,train
475593787.jpg,3,CMD,97e34ed87c114ba8,validation
475756576.jpg,3,CMD,81757376b49443ab,train
476012362.jpg,1,CBSD,d5b14bc85ed63485,train
476113846.jpg,3,CMD,c398524e474d5be3,train
476295659.jpg,4,healthy,c9ec74622a93969e,train
476297006.jpg,4,healthy,919b1d111d971bb5,test
476487552.jpg,3,CMD,8be301ee13d617c3,train
476858432.jpg,0,CBB,d0ff38942a3a7ca4,train
477466097.jpg,4,healthy,ceb6d2e8d598a145,train
477484606.jpg,4,healthy,f0f936d3305c384b,train
477523981.jpg,1,CBSD,d6bb03f47fc001a5,validation
477888939.jpg,3,CMD,c6c16c26f2723bd1,train
478036306.jpg,0,CBB,d4eb635b0f419538,train
478370518.jpg,4,healthy,dd6392d926cec823,train
478400081.jpg,0,CBB,c1c5e3d689c89cf8,train
478426425.jpg,3,CMD,90c36ff89b0f2037,train
4785038.jpg,3,CMD,c4ed5997b0398d91,validation
478546048.jpg,4,healthy,9ebf4f0e130251e3,train
478554372.jpg,3,CMD,ef10962eaeb45943,train
478676678.jpg,3,CMD,c78e6c69c23a18f3,test
478688374.jpg,3,CMD,dafe5a603c561a2c,test
478757157.jpg,0,CBB,a7a500c77b4a557a,train
478838530.jpg,4,healthy,8cb9679a4d3a2572,train
479283253.jpg,3,CMD,c0d227f5675cb324,train
479472063.jpg,3,CMD,d5cf6492e5259691,test
479609263.jpg,3,CMD,939b26644de86e99,validation
479659706.jpg,3,CMD,85a4edc1d8e053de,train
479691451.jpg,3,CMD,cde867859c6bc0f0,validation
480419575.jpg,3,CMD,c3d94c066f877689,train
480420375.jpg,3,CMD,95ca79cf643583a8,test
480492521.jpg,3,CMD,c1ee7a4d2619649b,train
480754210.jpg,1,CBSD,8214bcab1d3d3b35,validation
480764320.jpg,2,CGM,c16b5b9274ad03f4,train
480985864.jpg,3,CMD,cf89c70b702f2c8e,train
48105658.jpg,3,CMD,c5a12de79a9816f2,train
481101110.jpg,2,CGM,aad5c082951a3f6f,train
481152398.jpg,3,CMD,996a4f7c2c3c9313,train
481202063.jpg,3,CMD,ccb32dd4b271624b,train
48153077.jpg,3,CMD,85857337156d6dc8,train
481585072.jpg,3,CMD,f206363c5cb04e9f,validation
481972599.jpg,4,healthy,dd8d548a0fe1b41d,train
482191440.jpg,3,CMD,d0c712744f27d8f2,train
482335767.jpg,2,CGM,88df426eb701d837,validation
482396705.jpg,3,CMD,88617ead9c317b8a,train
482843238.jpg,3,CMD,82addf5281f2b30e,train
483058921.jpg,3,CMD,87e8510f1bee0ca7,validation
483070348.jpg,2,CGM,ebeb001abce586e8,validation
483132634.jpg,3,CMD,d29d5a035b1cfa68,validation
483199386.jpg,3,CMD,c298b3b45c937333,train
483210216.jpg,1,CBSD,88e08086aefd9b3f,train
483372035.jpg,3,CMD,84df26f8055a4b2f,test
483398598.jpg,3,CMD,d2ad61c7868f34b2,train
483417793.jpg,3,CMD,8af428d16b7853cb,train
483725147.jpg,1,CBSD,c2e878071e2de557,validation
483774797.jpg,3,CMD,8e892bf1d642cf64,train
483986538.jpg,3,CMD,9319dd3b87c50a66,validation
484161659.jpg,3,CMD,918f7bad04b2a27a,train
484219848.jpg,3,CMD,9ae123b5a4a5dc78,train
484286450.jpg,3,CMD,c4d125b8772f7846,train
484462927.jpg,1,CBSD,859b1a607a66e67a,train
484625436.jpg,3,CMD,d8981af8794f6349,train
484710612.jpg,3,CMD,f0c2676b1ee01a9e,test
4851187.jpg,2,CGM,d58a7348259accb7,train
485289472.jpg,3,CMD,90ba2ca862f5d1eb,train
485328354.jpg,3,CMD,90ff6c262e277832,train
485496455.jpg,3,CMD,b5d311b6e48f2465,train
486088821.jpg,2,CGM,948e7b2c1997c297,train
486182898.jpg,1,CBSD,e1e97f8125cd48b4,train
486370102.jpg,1,CBSD,cff170c2c534924f,test
486378688.jpg,3,CMD,c16765d50d95c378,train
486827297.jpg,3,CMD,d0f10edf42a73a26,train
487107070.jpg,3,CMD,9c3c05d75ff025b0,train
487175432.jpg,3,CMD,843629653a2f7ae5,train
48759144.jpg,3,CMD,f2811fdb03aec417,test
487710367.jpg,4,healthy,977077cd99094d07,train
487884059.jpg,1,CBSD,c396346fe00c9e3e,train
488165307.jpg,2,CGM,9c9e66e6c6021bd5,train
488245279.jpg,3,CMD,c8f875816eef50a1,validation
488438522.jpg,3,CMD,daf01632da649f07,validation
488450580.jpg,3,CMD,d0953180663becdf,train
488530530.jpg,3,CMD,da705c42e33e38ba,test
488621358.jpg,3,CMD,95e415d671d31c5c,train
488710990.jpg,1,CBSD,968a258659f986de,validation
488981840.jpg,3,CMD,92a947656cad5a6a,train
489343827.jpg,3,CMD,cfa7119612b261e7,train
489369440.jpg,1,CBSD,91a659a48ed9eaa9,train
489562516.jpg,3,CMD,d38e6317ad36d0b0,validation
489607845.jpg,3,CMD,d1ae6fd02c574293,train
489859226.jpg,3,CMD,9ccb195e756332a4,train
489869560.jpg,3,CMD,958d396636391f8a,train
490262929.jpg,3,CMD,864f58e2d2ed4e49,train
490343607.jpg,3,CMD,b5c76cf8c2c18e4c,test
490603548.jpg,1,CBSD,9bc4d0a49236fe2d,train
490649765.jpg,1,CBSD,8bda08c9bd8dac4e,train
490760030.jpg,1,CBSD,e8172a5436ded13a,train
490933333.jpg,3,CMD,9d496ce7121373a6,validation
491244285.jpg,4,healthy,cc127c067af65ca9,train
491341032.jpg,3,CMD,ecac26b293b6e8c2,train
491402925.jpg,3,CMD,d8e9568eabd88c23,train
491516744.jpg,3,CMD,c19a7e335aa27c8a,train
491673903.jpg,2,CGM,a50259794ea8e7e5,test
491901266.jpg,3,CMD,d947d0af9123c876,test
492140725.jpg,0,CBB,d407e82521bd3fe8,train
492151497.jpg,3,CMD,c4a866819da6db6e,validation
49247184.jpg,0,CBB,df90339a2984be33,train
492645288.jpg,3,CMD,d5d65e306c2554ab,train
493667259.jpg,3,CMD,8dad1ee052d27473,train
493875479.jpg,3,CMD,d2a770c36e29936c,train
494174224.jpg,3,CMD,8ad221d691deae99,train
494373942.jpg,3,CMD,ea9578aa936d4ca8,train
49440106.jpg,3,CMD,9dce780e12b307e9,train
494558399.jpg,3,CMD,d3de71488d155ea2,train
494596361.jpg,3,CMD,859e38926ca15ebe,test
495190803.jpg,3,CMD,988d319f4ef0730b,train
495290160.jpg,3,CMD,8595175a61ea35e5,train
49533395.jpg,2,CGM,d7cc349478e3685a,train
495499602.jpg,3,CMD,d1f6b5b8b4a88c89,train
495769274.jpg,3,CMD,849cece4c0c2e3ef,train
495897960.jpg,2,CGM,c29c0ce5947a5e37,train
495907528.jpg,4,healthy,9a9d6f2865647ea0,train
496190872.jpg,3,CMD,c43e69a77a0316f8,train
496222891.jpg,3,CMD,8a7e797d59308d03,validation
496284862.jpg,4,healthy,9099595b206366ff,train
496523270.jpg,3,CMD,8f3c1bbbc2917498,test
496631673.jpg,3,CMD,d4ea2d190edcf416,validation
496814023.jpg,3,CMD,d36b25faacc46990,train
496924131.jpg,3,CMD,d87e7f272bbc1004,test
496949674.jpg,3,CMD,e4a66453b7ac668c,test
49697815.jpg,2,CGM,8469ed9233ad1da3,train
497021480.jpg,3,CMD,c8d14ece173417b9,validation
49703968.jpg,4,healthy,c4cf2983e2e31fc8,train
497447638.jpg,1,CBSD,c0b72fe01bc9495e,test
497483114.jpg,3,CMD,99c235596f68c339,test
497620321.jpg,4,healthy,d5c628d07abc5e98,train
497624056.jpg,3,CMD,cb9e065df08b19e4,validation
497685909.jpg,3,CMD,81b4643033afcb5f,train
498197766.jpg,3,CMD,b2d46d694b522c9d,train
498240070.jpg,3,CMD,a6b3ccd9ba8c6843,validation
498242244.jpg,3,CMD,cccb65e0d3320e37,validation
498277992.jpg,3,CMD,c59c7069c66666b5,test
498454187.jpg,3,CMD,8d6f1b1830d473e9,train
498491072.jpg,4,healthy,c5e7688a3b98f0c3,train
49856658.jpg,2,CGM,85ea2d4cd9b21d36,train
498735095.jpg,3,CMD,89ba653d4632d83d,train
498850777.jpg,0,CBB,968c4962ecee7c70,validation
498928968.jpg,3,CMD,87fe0a1d241d7738,test
499130995.jpg,3,CMD,d5d3785a2335262e,validation
499152575.jpg,3,CMD,c89175f025873eb9,train
499195591.jpg,3,CMD,86a6795343bb689c,train
49920337.jpg,3,CMD,91ea4d35762b25aa,train
499499899.jpg,4,healthy,96c91cf201677ce3,train
499562675.jpg,3,CMD,96b17c067fa04a3d,train
499671530.jpg,3,CMD,c7c12b81c3cb69f2,train
499934842.jpg,4,healthy,c7d76421a65342f9,train
500165253.jpg,3,CMD,861c27165ecb639b,train
500317925.jpg,3,CMD,f4086969b8bf74d0,train
500440865.jpg,3,CMD,a7b85cec607123d3,train
500785791.jpg,3,CMD,d03d282ce629ed73,train
501052709.jpg,3,CMD,90b170a7bcd0773c,test
501215014.jpg,1,CBSD,c6d331953c619af2,train
501394346.jpg,3,CMD,cfb2153d4821237f,train
501634061.jpg,3,CMD,d981643fa969269d,test
50223703.jpg,3,CMD,d1c92ccf4acb6925,train
502274488.jpg,4,healthy,9994607465ef4d9a,train
502320523.jpg,3,CMD,87633522f13d6ab1,train
502783701.jpg,3,CMD,9dc263bc298478bb,train
503037836.jpg,3,CMD,93dd2bbe95428532,train
503224990.jpg,4,healthy,88c973e86c715bb4,train
503366497.jpg,4,healthy,dc8675d94c4c6669,validation
503851333.jpg,3,CMD,9db7f00adc24d23c,train
503867520.jpg,3,CMD,c2fc673499d823d4,train
503880370.jpg,3,CMD,80f019f356acb35e,train
503916638.jpg,3,CMD,dec43192c97c16cb,train
504065374.jpg,3,CMD,8b307da9dcc86f60,test
504400425.jpg,2,CGM,91c67bdb242b5516,train
50441514.jpg,3,CMD,935368ec6c64aee4,train
504689064.jpg,2,CGM,d917d8991fb0ad0c,validation
504875275.jpg,3,CMD,dac633b37e98a085,train
50496855.jpg,3,CMD,8cf0249eeee10b3d,validation
505261633.jpg,3,CMD,9cd138e13e933eb0,validation
505355209.jpg,3,CMD,d1d868389486ddd7,test
505693686.jpg,3,CMD,80c723fa78d65b1a,train
505820957.jpg,4,healthy,fac40c9fa1b3594c,train
50589657.jpg,1,CBSD,95b63585b42d5953,train
506080526.jpg,3,CMD,df8341c54e6905f6,test
506567755.jpg,3,CMD,f5ff6c23482415c5,train
506664858.jpg,2,CGM,81ee3996ec359aa1,train
506713297.jpg,3,CMD,d1c922f164b03dbe,train
506774842.jpg,0,CBB,c18c2f27f3f8c8c1,train
507004978.jpg,3,CMD,c95e3ea28e784f44,train
507089312.jpg,3,CMD,a19311f483ad32fe,train
507279911.jpg,3,CMD,c6b97017167243ee,train
508104541.jpg,4,healthy,80d915cf91c7196f,train
508241911.jpg,4,healthy,86e965ac4fb00f39,train
508250510.jpg,3,CMD,c1be7f5a2e0c64b0,test
508378289.jpg,3,CMD,c6c29bd21e56172e,validation
508653988.jpg,1,CBSD,d64a4eb261a9e867,train
508678905.jpg,1,CBSD,c4ee4adcc8ec71b0,train
5088626.jpg,3,CMD,d7e961662d0827b6,train
509573595.jpg,3,CMD,daf531ec00b728d5,test
509720498.jpg,3,CMD,fe870aa36db091b8,train
509958138.jpg,3,CMD,dcee4e800d6b51a7,test
510134831.jpg,3,CMD,c09739a295fcb526,train
510336475.jpg,3,CMD,bf8555584bb50365,train
510338633.jpg,3,CMD,cec29df06135358b,test
51063556.jpg,3,CMD,88873709b6e64ade,train
510655855.jpg,3,CMD,d91b82e0eccdd2d2,train
510749381.jpg,3,CMD,83bc16dd626c70e5,test
51075448.jpg,4,healthy,d59a27d00c5da5ce,train
510847291.jpg,3,CMD,efd52f44c2f05c24,train
510873412.jpg,3,CMD,81fe47911f64792c,train
510931414.jpg,3,CMD,87d17be011ea7076,train
511089845.jpg,4,healthy,d1667ae9041b78a7,validation
511322441.jpg,3,CMD,d4297a8225d32d5f,train
511472935.jpg,4,healthy,919f2ee30f3204f6,train
511494516.jpg,3,CMD,845e3363f48d079d,train
511654743.jpg,3,CMD,ce8d386c992f906d,train
511675910.jpg,2,CGM,c6793798815ee887,validation
511932063.jpg,3,CMD,e5a7475c1c9592b8,train
511993936.jpg,3,CMD,acaa3d0df11d16a3,train
512152604.jpg,3,CMD,be9ff70aa4442227,test
512168162.jpg,1,CBSD,8307af63b1b16b86,train
512575634.jpg,0,CBB,dd706023329b5d5e,train
512651880.jpg,3,CMD,d98e7b6881268d76,train
512811593.jpg,3,CMD,c42abf161e710a9f,train
51284514.jpg,3,CMD,dd8fdea12070313e,test
512994798.jpg,3,CMD,c9e9eb8f454c6862,train
513308138.jpg,4,healthy,e2b2656c33f33898,train
513364056.jpg,1,CBSD,86af68d0e8a3674b,validation
513549647.jpg,3,CMD,d8a924b26b6f3782,train
51370822.jpg,1,CBSD,90aaefe0c2d6526b,train
513780423.jpg,4,healthy,8d8d62b7a77530a1,train
513916180.jpg,3,CMD,91d138355bcf4993,train
513986084.jpg,4,healthy,dd4cb0cf69916712,train
514040790.jpg,3,CMD,94b34cbae526cbc4,train
514282454.jpg,3,CMD,839c68e30546fbb5,train
514376645.jpg,3,CMD,c1b5365a65913756,train
51460409.jpg,3,CMD,85d87cb05fb058a7,train
514638622.jpg,3,CMD,99d1712a9cb50cdb,train
514840131.jpg,3,CMD,c34c3df468768a27,train
514995034.jpg,3,CMD,996373586764b698,test
515083070.jpg,3,CMD,c89c12eb3fb47889,train
515191532.jpg,3,CMD,85e8b59f13cf804e,train
515241983.jpg,3,CMD,fd655478a39a540d,validation
515316460.jpg,3,CMD,93c46de660734e4b,train
515391369.jpg,3,CMD,dac4546bb2a3993a,train
515448717.jpg,3,CMD,c966b3b080e9b3ea,test
515738750.jpg,2,CGM,d5a5619019b78fe2,test
51624303.jpg,3,CMD,e6304c4f34eb7c83,train
516331845.jpg,4,healthy,d2199f720ce0bfc4,train
516333196.jpg,3,CMD,80d57ca2afb21f89,train
516746229.jpg,3,CMD,ddf19ca71906f700,test
517018049.jpg,1,CBSD,9d1e6c75626ce053,validation
517170612.jpg,4,healthy,e3e676274dd49888,train
517295595.jpg,3,CMD,80b06e2ba78d75b9,train
51748275.jpg,2,CGM,91e36c8594801fff,test
518232429.jpg,3,CMD,d69fa08524b197da,validation
518284284.jpg,3,CMD,d7445b39510db32e,validation
518398469.jpg,4,healthy,93cd36f18896135b,train
518719429.jpg,4,healthy,d1e376f8c7944261,validation
518891556.jpg,3,CMD,91c84f8e3d4da355,test
519050764.jpg,0,CBB,9a986666ccccfc8a,train
519080705.jpg,1,CBSD,d79f72c060733543,train
519341092.jpg,1,CBSD,9ac974d497159e91,train
519363437.jpg,3,CMD,85853ef70e14535e,validation
519373224.jpg,4,healthy,ab8d6bae05076267,train
519516742.jpg,2,CGM,c1367bd80a19d8dd,train
519569660.jpg,2,CGM,86f97c9e1c8caaa8,test
520111872.jpg,3,CMD,853272e3269e9d39,validation
520184661.jpg,3,CMD,8297dab512cd6e38,train
520310239.jpg,3,CMD,c1bb42cd767117b0,test
520827506.jpg,3,CMD,cae725e548b687a1,train
520992069.jpg,3,CMD,c18c37534db6d24e,train
521262022.jpg,3,CMD,fc8f38b92a3a3892,train
522043720.jpg,3,CMD,d01463e59f522ef2,train
522172661.jpg,3,CMD,d53d24379ce558a4,train
522209459.jpg,3,CMD,9abf2c0a196a36b9,train
522535695.jpg,3,CMD,89e1668fe48a559e,test
522793998.jpg,2,CGM,d38c2a875a432ff8,validation
522854384.jpg,3,CMD,cca45ff893c586c8,train
523005537.jpg,2,CGM,b0732d7cf66254c1,train
523032468.jpg,3,CMD,94ab43807af5734e,train
523149736.jpg,3,CMD,85a427a5ce5b791a,train
523201478.jpg,3,CMD,d03964581bbf5363,train
523467512.jpg,2,CGM,90ac27b570773f0a,train
524130379.jpg,4,healthy,8c9ab964164fe1b5,train
52417145.jpg,4,healthy,c3ea0231afa89eb5,train
524188630.jpg,3,CMD,8ff705d960c4c89e,validation
524234621.jpg,3,CMD,d9bb67c638a43384,train
524701920.jpg,3,CMD,d3e06d8b682dd46a,train
52480515.jpg,1,CBSD,ed914f84d641d44f,train
525349447.jpg,3,CMD,a5fab4cabd348b04,train
525691978.jpg,3,CMD,9dc23e386b918d8e,validation
525742373.jpg,2,CGM,a0c2568e3dd7ca56,train
525960141.jpg,3,CMD,d2ad5fa529304b1b,train
526290781.jpg,4,healthy,86e62979593e6435,validation
52672633.jpg,3,CMD,c5cf12ce2d1aa98d,train
526842311.jpg,3,CMD,919965d8cda465b6,test
527207274.jpg,4,healthy,a2e642c36de61f61,train
527287896.jpg,2,CGM,8d7103c6f3ac21af,train
52729180.jpg,1,CBSD,d8de2232766d12b5,validation
527304483.jpg,3,CMD,80e519e9d6df8703,train
527458103.jpg,2,CGM,e28765990c7ee4b4,train
527474755.jpg,3,CMD,80b42e593eedd1ac,test
527619168.jpg,4,healthy,94983559ab3c47bc,train
527648295.jpg,3,CMD,8585384f64f1d4ee,validation
527923260.jpg,3,CMD,87e37d9d261111c7,train
528179991.jpg,3,CMD,9b3519662cc2cc7d,validation
528487165.jpg,3,CMD,d46123bef3013e78,train
528632958.jpg,3,CMD,90e7546e11ae2fc9,train
528691632.jpg,3,CMD,8dce3499454cdf13,train
52883488.jpg,1,CBSD,c99c769928e31796,train
529324614.jpg,3,CMD,d0de706c8bf8125e,train
529520501.jpg,3,CMD,d46b36f20d84f34c,train
529572554.jpg,3,CMD,c7e80ddf47936182,train
529641068.jpg,2,CGM,fc94e6da4346037c,validation
530166145.jpg,0,CBB,93892dc6a6613773,train
530221019.jpg,3,CMD,c6b92c9e39033a73,train
53025412.jpg,3,CMD,82f902d3f74ab03b,train
530355388.jpg,1,CBSD,89e578cf159091bd,train
530632304.jpg,3,CMD,9be362e561cc1d89,train
53065520.jpg,3,CMD,ce5c1d880ab3fb0e,validation
530867664.jpg,3,CMD,c0db5cf0432e6ce6,test
531185235.jpg,3,CMD,8fe00b12e8faf0e3,test
53126023.jpg,0,CBB,82e9339bb80657b3,train
531614810.jpg,2,CGM,d2c8c78b32108ff7,train
53164927.jpg,2,CGM,c1602e3d7aa9e553,validation
531653208.jpg,1,CBSD,90d5574a2dad2c3d,train
53200283.jpg,0,CBB,9966097e0b15bb9a,train
532038171.jpg,1,CBSD,c3fc18259f3ec5a0,train
532081653.jpg,0,CBB,d6c5b4d1b586a781,train
532103360.jpg,2,CGM,c7e5344a65b4569c,test
532201178.jpg,1,CBSD,91e07ab03775270f,train
532235062.jpg,3,CMD,95391ae4e8ca58de,train
532255691.jpg,1,CBSD,9c9c2cb47353d64a,validation
532304081.jpg,2,CGM,969e9f9fa3868281,train
532464272.jpg,3,CMD,93a42e24a0a7677f,test
532508558.jpg,1,CBSD,d8c92503afde2666,train
532692632.jpg,3,CMD,90a32c2e3d997cc7,train
533133014.jpg,3,CMD,c6cf30393e8217b9,validation
533486476.jpg,4,healthy,90b430be69bc6f68,train
533613162.jpg,1,CBSD,969225f15ec8a67c,test
534270890.jpg,0,CBB,96ed6dc6cb8481c3,train
534358787.jpg,3,CMD,d0a50d58cd2f1f9a,validation
534364866.jpg,2,CGM,d3963cb1206a5fd4,train
534568222.jpg,1,CBSD,888533d974faa5a5,train
534784883.jpg,3,CMD,958a62a73a6966d3,validation
534932324.jpg,2,CGM,8098e3f77f1c0b92,test
534969562.jpg,1,CBSD,d4ad3cc2e3c4ec92,train
53515353.jpg,3,CMD,f44f334b7e106958,train
535314273.jpg,4,healthy,d4a0b69e9ecae162,train
535503922.jpg,3,CMD,c60c502ff75749e1,train
535534657.jpg,3,CMD,909d6bb973123647,train
535537385.jpg,3,CMD,84b758a9ce0ef531,train
53615554.jpg,3,CMD,92b9662578e64dc3,train
536966524.jpg,3,CMD,cba92e3e87c4c760,train
537247997.jpg,3,CMD,d18279ee7c642175,train
537279050.jpg,3,CMD,d7a0334fe8d309e8,train
537462269.jpg,3,CMD,861c11e1b9acebf8,train
537704740.jpg,0,CBB,d69f7d4863492c07,train
537771989.jpg,3,CMD,c04f3f208777e1e4,train
538079327.jpg,3,CMD,84930fa6f19c13f9,train
53822293.jpg,3,CMD,898f3b89cbc293e2,validation
53835845.jpg,3,CMD,9190773719cc55b6,train
538938122.jpg,2,CGM,819a6c1926f5f8cd,train
539156114.jpg,3,CMD,99936689d30de8ea,train
539212497.jpg,4,healthy,c308e7f12c83f81f,train
539448425.jpg,2,CGM,b43f48d0786a65b9,test
53955129.jpg,3,CMD,e9835f87f80ba099,train
539640759.jpg,0,CBB,8bd560fc56aa3634,test
539706836.jpg,4,healthy,bac85a745a65155e,train
540248010.jpg,1,CBSD,9b9b49a33da8a42d,validation
540729599.jpg,3,CMD,851d56065bfe2a2b,train
540762921.jpg,3,CMD,d7b361d97cac4884,train
540817686.jpg,3,CMD,a05c5a7bc54c0f5b,train
540860171.jpg,3,CMD,87293370db0668f7,train
541016077.jpg,2,CGM,8c891f895261fe6b,train
541216971.jpg,1,CBSD,91e47981663c71cf,train
54133224.jpg,3,CMD,d5ca33ed50b55483,train
541581535.jpg,3,CMD,c3561ee359b4296a,train
541684272.jpg,3,CMD,e5e90b5173117c2d,test
541812079.jpg,3,CMD,d4216a488f677e8e,test
541997227.jpg,3,CMD,92bb7dc4c4963c2c,train
542067115.jpg,2,CGM,d4de280b3af33561,test
542129392.jpg,3,CMD,f58809fb3013b799,train
542215511.jpg,3,CMD,a4da08037ef8babc,train
542432519.jpg,1,CBSD,c3e66bb46491255e,validation
542560691.jpg,3,CMD,80f70cfaf4307a95,train
542786109.jpg,2,CGM,80d76f4a5eb5a286,train
542875481.jpg,3,CMD,f2d5c44b991a60e7,train
543032315.jpg,3,CMD,c283780c1fd37679,train
5430583.jpg,3,CMD,91c47c62a7f41bb1,test
54321323.jpg,3,CMD,e3dca1ca7981383d,train
543312121.jpg,3,CMD,f217d9841cc73c8e,train
543499151.jpg,3,CMD,f2091ef813aa7f84,validation
543515988.jpg,3,CMD,95912cbacd2e435e,validation
543588730.jpg,3,CMD,d34a6cb637a031b5,train
543674498.jpg,3,CMD,d0d178f9c9469e26,train
543908014.jpg,0,CBB,d2982f2e2885d5fa,train
543908861.jpg,3,CMD,82c8243b6cdbd99d,train
544308898.jpg,3,CMD,95d329ab5e647851,validation
544310124.jpg,3,CMD,8d36d43334be29b2,train
544346867.jpg,3,CMD,eda2259f4cd709c1,train
544498440.jpg,3,CMD,d38c062d6adba88f,train
544530143.jpg,0,CBB,88d42b0bd5de2e2e,validation
544532198.jpg,3,CMD,db9843fc298e86e1,validation
544545158.jpg,3,CMD,d0bf4ed92382266d,train
544761733.jpg,2,CGM,967568d121560fcf,train
544785304.jpg,3,CMD,8d291fe36e3c6883,test
544841387.jpg,3,CMD,8f99179b0a3c159d,train
544885077.jpg,1,CBSD,d3687a226a2dad95,train
545003862.jpg,3,CMD,899acb60acc93ee3,train
545074586.jpg,3,CMD,d5a26f30eae1c0cd,train
545206870.jpg,3,CMD,9cb26d4f9620c7c5,train
545499966.jpg,0,CBB,f4b9b1970c9d8187,train
545763549.jpg,4,healthy,c8c35495a9ab6f94,test
545818494.jpg,3,CMD,8bb0b386e74a5f24,test
545843686.jpg,3,CMD,c6e026d94d3a78d6,train
545897624.jpg,3,CMD,948e67934f954c3c,test
54600142.jpg,3,CMD,c58956b65b263665,train
546003679.jpg,3,CMD,8a741f82bdca60f5,test
546383916.jpg,4,healthy,94f66744a846cf27,train
546421963.jpg,1,CBSD,962d3b81d0ef1574,train
546528869.jpg,3,CMD,9e4b61761d383791,test
546602360.jpg,3,CMD,dcf63d9448dd4868,train
546912616.jpg,3,CMD,dea3441b23611df3,train
546931175.jpg,2,CGM,d6a92ef8c398f1c0,train
546947132.jpg,3,CMD,81cc178e67cb52e9,train
547059239.jpg,3,CMD,dcb73358369c5116,train
547270823.jpg,3,CMD,d49d5eb23e18606d,train
547271949.jpg,1,CBSD,d6c67adb1381a46a,validation
547866885.jpg,4,healthy,b6b065e11e7a6a62,train
54787315.jpg,2,CGM,82936a223ef43f2d,train
548402353.jpg,3,CMD,db7c061ae3c6143b,test
548412421.jpg,3,CMD,d0c439c0fafa4a8f,train
548597854.jpg,3,CMD,d6d72d6d3d181883,train
548717343.jpg,3,CMD,98f17a574e8161e9,train
548963583.jpg,3,CMD,8cf04f9e346265f1,test
549334343.jpg,1,CBSD,c46a6a89f0b553b5,train
549529055.jpg,1,CBSD,a7a51baf67c86118,train
549591801.jpg,3,CMD,85053678eee8fc58,test
549750394.jpg,1,CBSD,c9ac3cbd8d818747,test
549830599.jpg,3,CMD,e49d69523cf1942e,test
549854027.jpg,1,CBSD,dcdc27673098ce38,train
550133495.jpg,3,CMD,961b3471e63f48e2,train
550429661.jpg,3,CMD,82f635a132cb970f,train
550691642.jpg,0,CBB,85b46eed00f1d2da,train
550742055.jpg,3,CMD,99c257760bb0675a,test
550916089.jpg,3,CMD,84ac33884fda785f,train
550983047.jpg,3,CMD,9cf21512f5917713,train
551051657.jpg,3,CMD,b60072b0cd0ef757,train
5511383.jpg,0,CBB,9e7a6da670514ca9,validation
551310653.jpg,4,healthy,9c9c9c94955b51cb,train
551716959.jpg,3,CMD,c7e0f172e1d698d0,test
551875095.jpg,3,CMD,d8e161b1f1a43b8d,train
552169332.jpg,3,CMD,adbc669502eb0ae9,train
55220429.jpg,3,CMD,80bf0d9748c31fc7,validation
552242420.jpg,0,CBB,98c725d4a7f2b0d1,train
552389666.jpg,3,CMD,98d67b844be11e95,train
553154853.jpg,2,CGM,8e95385533a3cfd0,train
553195372.jpg,1,CBSD,94ec665b0fdd08c3,train
55319830.jpg,3,CMD,888e38e967b98e6a,train
553204190.jpg,3,CMD,9a255bd550df942a,train
553294224.jpg,0,CBB,d7930b313e690cf8,train
553826173.jpg,4,healthy,d07c6c922a3f1ec9,train
554118057.jpg,3,CMD,c8d648d5adcd039e,validation
554189180.jpg,2,CGM,9a4119b645baed53,train
554488826.jpg,1,CBSD,aebcdb10c62919da,test
554618944.jpg,3,CMD,c3b36af446535934,train
5546511.jpg,3,CMD,f2dd4961639146bc,train
554934001.jpg,4,healthy,ce9b09cec6d089ad,test
555028236.jpg,1,CBSD,d5904294d5ec5f4b,validation
555296352.jpg,4,healthy,f4d9f47836551e08,train
555882055.jpg,1,CBSD,c5917ec9ddda240a,test
556066757.jpg,3,CMD,84e12bb55738ee15,train
556170087.jpg,3,CMD,c6ad4b4619e23ee1,train
556223341.jpg,3,CMD,970e71c63f51652a,train
556542792.jpg,3,CMD,e8d1627e4c616f2a,train
556624815.jpg,3,CMD,891b3c91e7c18f1e,train
556665949.jpg,3,CMD,95a3782fda571183,train
55670030.jpg,3,CMD,939a76443e2d5e2c,validation
557056564.jpg,4,healthy,959160d0ba6bdd63,validation
557774617.jpg,3,CMD,97a6616d33996193,train
55799003.jpg,3,CMD,f89807647f85f027,train
559509734.jpg,3,CMD,98863dec70595d3a,train
559693099.jpg,3,CMD,ac9c0d2b3a97f261,validation
559984441.jpg,3,CMD,85b173241e5f70ec,train
560477016.jpg,3,CMD,dfcb90f4a61030eb,train
560592460.jpg,2,CGM,d0b33db570a51743,train
560888503.jpg,4,healthy,8bd03d50d3f685aa,train
561131295.jpg,4,healthy,8e318718ee55b1e6,train
561201584.jpg,3,CMD,c71e71e39e48811f,validation
56135051.jpg,4,healthy,bddd5ad4a9160a8a,train
561385001.jpg,3,CMD,856b1e1765dc294e,train
561444501.jpg,0,CBB,978d35928bc6171b,train
561647799.jpg,1,CBSD,f0c77aad5288d88b,validation
561864770.jpg,4,healthy,c5db60777a286455,train
562027159.jpg,2,CGM,cbce2084be6aa3e9,train
56205477.jpg,3,CMD,adb161f79d0e11c2,train
562228915.jpg,3,CMD,931c323cf391ed4a,test
562337477.jpg,4,healthy,d6941c5664db8b95,train
562822735.jpg,3,CMD,9a25d966d1374d92,test
563348054.jpg,1,CBSD,d0bf7adb165012f0,test
563887175.jpg,3,CMD,92f878d9ad8dca44,validation
564364376.jpg,3,CMD,810bdc7e32cfc453,validation
564511381.jpg,0,CBB,d5cd74fa0bf44890,validation
564643932.jpg,2,CGM,f5ea67d8908fb003,train
564925067.jpg,3,CMD,953b001f6fa2e34d,train
565347582.jpg,0,CBB,8bb878fbaa941d0a,train
565367936.jpg,4,healthy,95733ab54ad0c536,train
565965080.jpg,3,CMD,c4dafab081a7a2a7,train
566159695.jpg,4,healthy,87f803663b11eee1,train
566231170.jpg,3,CMD,cddb26845aa34dd8,test
566279368.jpg,3,CMD,c6ec7e8258950977,train
5664536.jpg,3,CMD,a2a338847d665bad,train
566469674.jpg,2,CGM,85e503833f8d7671,train
566542293.jpg,4,healthy,d4be56d233a5055a,train
566571284.jpg,0,CBB,e4ce5bf81ee98620,train
5666225.jpg,3,CMD,95b578d095a555ca,train
566719664.jpg,4,healthy,d56a7d928d72043b,train
567206056.jpg,3,CMD,a48d0767a74fb2c8,train
567537807.jpg,3,CMD,c8f3e4cc118e5cf1,train
567779495.jpg,3,CMD,84dc376523de60f4,validation
56784677.jpg,3,CMD,93cb052f4e6170f6,train
567892299.jpg,3,CMD,94fb7c9c7024639c,train
56813625.jpg,3,CMD,92a233c5b98c5cf6,train
568226171.jpg,3,CMD,80f939d2cf98563c,train
568347975.jpg,3,CMD,815c739c1e8d3f4c,train
568411429.jpg,3,CMD,cbbc71476312d895,test
568504809.jpg,3,CMD,c6fa1b9759851271,train
568585262.jpg,3,CMD,d7894ea6b29ad80b,test
568805661.jpg,3,CMD,9a9db2ec430e29f1,train
568949064.jpg,3,CMD,90f23546b466a7b5,test
569345273.jpg,3,CMD,9db3266c89997269,test
569545786.jpg,3,CMD,94736abc564a720f,train
569609163.jpg,3,CMD,a78d4798169f742a,train
569842713.jpg,3,CMD,cc13532ea1347b6d,train
570097057.jpg,3,CMD,9995339879f88707,train
57023383.jpg,4,healthy,c4803a3be5d6cb3c,train
570348622.jpg,3,CMD,f4b4f6920ace32ca,train
570526420.jpg,2,CGM,ddd51969809a359d,train
570889595.jpg,1,CBSD,d3e26687ae395348,test
57099592.jpg,0,CBB,d9993e91389e9b90,train
571006343.jpg,2,CGM,cf0a49159de057ad,train
571189248.jpg,3,CMD,c77e27e7510b7820,train
571328280.jpg,3,CMD,802ee49e4c57fc5a,train
57149651.jpg,4,healthy,c7c63c0ca959f931,train
571576955.jpg,2,CGM,89e47f6750b0ad52,train
571732176.jpg,3,CMD,9503c3e0d6877cb5,train
572003019.jpg,2,CGM,86e52986f1391e6b,test
572073587.jpg,2,CGM,ad871d841dbad3d0,train
572515769.jpg,2,CGM,94eeef92e980b261,train
572739477.jpg,3,CMD,c3ce627f13852327,train
573039129.jpg,2,CGM,868865f66a259fcc,train
573324267.jpg,3,CMD,b2b22313b1f154ed,train
573623784.jpg,3,CMD,d0d5476f08be813d,train
573832722.jpg,3,CMD,c2ad70924dcb19ed,validation
573879422.jpg,0,CBB,859f32641df176c2,train
574000840.jpg,3,CMD,9b8c31e5b0cfcda0,train
574578186.jpg,3,CMD,cbbb74b2168c2ac3,train
575082952.jpg,3,CMD,86863cd069bacadd,train
575098680.jpg,3,CMD,8f880cd2434f5cf7,train
575135832.jpg,3,CMD,814a2975edd2cf52,train
575181306.jpg,1,CBSD,d9b4744262e88d9f,train
575338550.jpg,3,CMD,a774112f33311dda,train
575396227.jpg,4,healthy,94992cc77e741ce8,test
575428243.jpg,3,CMD,813852ebe836359f,train
576478448.jpg,1,CBSD,87fe3c011e9a7ab0,train
57665451.jpg,3,CMD,a32b6e436f8c54d4,train
577090506.jpg,3,CMD,c7b1717038166ef4,train
577274696.jpg,1,CBSD,cd2c36927379383a,validation
577275229.jpg,3,CMD,d6b265a02e7f7460,train
577684636.jpg,2,CGM,d2d2f3f4ac25252c,train
577741069.jpg,3,CMD,c5b578807aeb30f8,train
578080012.jpg,3,CMD,97a91fa86a50e8a7,train
578106393.jpg,2,CGM,c5ae7f36246c1c49,train
578279237.jpg,3,CMD,b0cafd877fc028c4,train
57861623.jpg,3,CMD,cecf7161a4898fa1,validation
578646228.jpg,3,CMD,80f92b3dc72b4b98,train
57892387.jpg,4,healthy,80a5769d9e82fcd8,train
579280251.jpg,1,CBSD,d13e68cdc23eb132,validation
579333790.jpg,1,CBSD,88f961b47384b39b,train
579336785.jpg,3,CMD,cab373329ba3058d,test
579498969.jpg,3,CMD,d5cc692734b37a18,train
580100046.jpg,3,CMD,83e618021fc7f57c,train
580111608.jpg,1,CBSD,a8ac3f0b7266951e,train
580293785.jpg,3,CMD,d277600dcd929717,train
580516102.jpg,3,CMD,92cc78b77c80afe0,train
580550239.jpg,1,CBSD,c0db7f604c98c337,train
580838214.jpg,3,CMD,84e10ae6378aebe9,train
580859644.jpg,3,CMD,958f360f25b8e82d,test
581030887.jpg,4,healthy,9aa74ac91c1e38f3,train
581164870.jpg,2,CGM,8cde33710e1e23e9,train
581179733.jpg,3,CMD,99a671d173a2b2ca,validation
581235562.jpg,4,healthy,ffaeaeaa48425056,test
581749808.jpg,4,healthy,99d61926ca116e9f,train
581902083.jpg,3,CMD,d791583774644dac,train
582120514.jpg,2,CGM,dfc57076322e06d8,train
582179912.jpg,3,CMD,d1ca290d7fb4d2e0,validation
582352615.jpg,3,CMD,d2894dfa1ee2a13c,train
582499050.jpg,3,CMD,dcc279a57bc9a910,train
582719754.jpg,3,CMD,d2cd32c41d6a4df2,validation
582948478.jpg,2,CGM,cbcf8406d8f56427,train
58390189.jpg,3,CMD,84a964cb7ae27f14,train
584367116.jpg,3,CMD,87f330cc64945bad,train
58446146.jpg,3,CMD,d8963e7981b15ce2,validation
584513475.jpg,4,healthy,8eed13e5c0894f72,train
584742887.jpg,3,CMD,854f7a13d79c14d4,train
584853244.jpg,4,healthy,9c7334b28c96a9b5,train
584996062.jpg,0,CBB,9595979536296c6c,train
585067161.jpg,3,CMD,94b92163694efaa9,test
585209164.jpg,2,CGM,c1073ef107d28fcc,test
585228910.jpg,3,CMD,d1c22bd817d31bc5,train
58528063.jpg,3,CMD,938654f55b465d19,validation
58559275.jpg,4,healthy,e5fd0f0d68b33051,train
585813976.jpg,3,CMD,a6d9159c778d11d8,test
585953153.jpg,3,CMD,d69924a4bbf65162,train
586054705.jpg,0,CBB,d9a5165a693516da,train
586116935.jpg,2,CGM,c2c762c78ddc5878,test
586367885.jpg,1,CBSD,81db333c4eb72c8c,train
586470698.jpg,2,CGM,879b23b11c4f25f4,train
586485536.jpg,3,CMD,99d66aac81b23739,test
58667011.jpg,2,CGM,cfe870124bede524,train
586687554.jpg,3,CMD,908a6137cdbc1be6,train
586808428.jpg,3,CMD,8a57e89ae2c89b78,train
587011215.jpg,3,CMD,dbf500cd33f4b828,validation
587043810.jpg,3,CMD,95934ead1d91a07b,train
58720038.jpg,3,CMD,d8cc6d0e2ec105f7,train
587329916.jpg,3,CMD,e1ad9e241e3256ad,train
587410113.jpg,3,CMD,9ca41269a96eb1de,train
587420634.jpg,4,healthy,8fee78d0e44a8746,train
587620501.jpg,3,CMD,f1990f7a6b8ccc18,validation
587692768.jpg,1,CBSD,847f3dd0231bb8a5,validation
58780369.jpg,0,CBB,97e82a91139f1d2d,validation
587829607.jpg,3,CMD,d1ae14ab2cb572c6,train
588030213.jpg,3,CMD,b7b44c4bdb984463,train
588169966.jpg,3,CMD,c7e5311426dbea31,train
588425651.jpg,3,CMD,fce35a6f0e032c64,train
588893932.jpg,3,CMD,bca524ca8f727c34,test
589122135.jpg,3,CMD,8535ca6a16db5c96,train
589247571.jpg,2,CGM,c3927affc8ce8c80,train
589734688.jpg,3,CMD,c4b748eb3944337c,train
5912799.jpg,1,CBSD,d2a44d95479e6c4b,train
591335475.jpg,3,CMD,a16e4a79cda197b0,train
591372512.jpg,2,CGM,c41f4d937d971461,train
591721064.jpg,3,CMD,87eb7415d50b38c9,validation
591741499.jpg,3,CMD,cf6138b4178f86c9,validation
591760666.jpg,3,CMD,ce8f18636e485b56,train
591792170.jpg,1,CBSD,82946fd60ace6e5a,train
591802054.jpg,3,CMD,b8cd1dc268f98593,test
59208991.jpg,3,CMD,e0874cfc271727b2,train
592098292.jpg,3,CMD,e18e34cc71a67cf0,validation
592236552.jpg,3,CMD,80726f24366fd5f0,train
592251506.jpg,0,CBB,c8ce7c3467a52746,test
592322076.jpg,3,CMD,ddcd33087031f1f8,validation
592477386.jpg,0,CBB,92b602e844deaf8f,train
592844774.jpg,3,CMD,906a4ae355917ddc,train
592978315.jpg,3,CMD,d0836f6c34f69b09,train
593092759.jpg,3,CMD,85caa5c3ead66a94,train
593244106.jpg,0,CBB,8db06a6b25849e3f,train
593295166.jpg,3,CMD,c1e27a38a2766f0d,validation
593922825.jpg,3,CMD,ccb0338899ee5fc1,train
593986608.jpg,3,CMD,c0864b9436b9ddcb,train
594027454.jpg,1,CBSD,ccd36ebc920e2971,train
594438051.jpg,3,CMD,86f77e80907ba187,train
595285213.jpg,3,CMD,cd83bed8a3715261,train
595384865.jpg,1,CBSD,d4131bb4dbce8c43,train
595567358.jpg,2,CGM,95c26bf4528b92d5,train
595787428.jpg,4,healthy,c9e5e1c6e60bab82,test
595835562.jpg,4,healthy,87b90c4a473d33cd,train
595909449.jpg,1,CBSD,873c2ac198fb345e,train
596124693.jpg,2,CGM,84ad7568d165f51a,train
596572459.jpg,4,healthy,80d659cb62da25ed,train
596602212.jpg,3,CMD,81ff0f817c596899,test
596669967.jpg,4,healthy,c7c12bc2622273fe,test
596706595.jpg,3,CMD,c5c5d5f4b52564c2,train
59686251.jpg,3,CMD,d77474463d519a86,train
596964772.jpg,1,CBSD,ada9307a574d1f11,train
597003847.jpg,4,healthy,c2d455c6caa2dec6,train
597213250.jpg,3,CMD,d0f3f2b62607425b,train
597269294.jpg,3,CMD,d4e91a90b9d65de0,train
597389720.jpg,2,CGM,94d648ccbefec700,train
597527186.jpg,4,healthy,99631e397b1a1a9a,train
598088658.jpg,3,CMD,95a276a3ced9701a,validation
598311175.jpg,3,CMD,b6d1281a457c768f,validation
598574502.jpg,4,healthy,d0557b831bfd48a8,train
598720270.jpg,3,CMD,89eb343163ba5a4e,train
598746218.jpg,3,CMD,87e301f2f2c70717,train
59894282.jpg,4,healthy,f1f6a01ba4e5b425,test
59901561.jpg,3,CMD,80944d2dfd3e3e1a,train
599325048.jpg,0,CBB,e99937ca23f5118a,train
599387864.jpg,3,CMD,c48934df2d72d68c,train
599867773.jpg,3,CMD,d6b4786c54039ecb,train
599872588.jpg,3,CMD,c47827984bcff492,validation
600110842.jpg,4,healthy,81cdc9e02e7aae5a,train
60029813.jpg,3,CMD,b4d83ae50245697f,train
60038493.jpg,3,CMD,9d9736f220a12eec,validation
600422438.jpg,4,healthy,cec7153bf0a580b5,train
600610735.jpg,3,CMD,d0853c031ffcf8d8,train
600691544.jpg,2,CGM,ecd11177666d94c1,validation
600736721.jpg,1,CBSD,c5bc308b4e3de293,train
600869262.jpg,1,CBSD,d98d2582d298f9e9,validation
60094859.jpg,1,CBSD,d3fb78b484aca04b,train
601096842.jpg,2,CGM,92a227b1954e2eaf,test
601263353.jpg,2,CGM,918b1b97c8bd3233,train
601644904.jpg,3,CMD,caf34262ace9443f,train
602031471.jpg,3,CMD,9ee8ea4515d97e40,validation
602562857.jpg,3,CMD,8127612f7bf19790,train
602798038.jpg,3,CMD,e68f6631b8b0cb68,validation
602912992.jpg,3,CMD,906c5d527c395771,train
603736760.jpg,3,CMD,892678ccab2807ff,validation
603756866.jpg,3,CMD,939e934acb4c6e62,train
604445173.jpg,3,CMD,c1f1646239c779d1,train
604476990.jpg,3,CMD,d2b768b49a20b87e,train
60495599.jpg,3,CMD,c0d596329459cf76,train
605088351.jpg,3,CMD,c1946f682b7295cd,train
605469419.jpg,1,CBSD,81f3f8f092d9e348,validation
605794963.jpg,3,CMD,c1da46650d9b49f5,train
605816056.jpg,3,CMD,898126d2754e27ef,train
605921029.jpg,3,CMD,93a6b122b4b3acb9,validation
606006336.jpg,3,CMD,c25875cda8b25f94,train
606101170.jpg,3,CMD,93c45adb23981c7e,test
606601717.jpg,3,CMD,84e57aae10997d1d,train
606691167.jpg,1,CBSD,c7907eacb0a3786a,train
606831482.jpg,3,CMD,90bd4b639db54998,test
606945473.jpg,2,CGM,de79408790d927ce,train
607008468.jpg,3,CMD,d1ad4519b116d8e7,test
607067900.jpg,1,CBSD,dc8d190a8d35775a,train
607207422.jpg,3,CMD,dcf446209dd22776,test
607627857.jpg,3,CMD,d6ea39d8485295b3,test
607734947.jpg,2,CGM,d082404fdeb73c3d,test
607840807.jpg,1,CBSD,e0cf1a829f6972f0,train
607886591.jpg,3,CMD,c78847cd41fa7c92,train
608243264.jpg,2,CGM,91d76ac1a5b552d8,train
608264330.jpg,3,CMD,d7e7612402637f49,train
608266906.jpg,3,CMD,c41f3e7913ccd047,train
608792631.jpg,3,CMD,d8e61ffc6003a6d8,train
609027712.jpg,2,CGM,dba60d7d51426c1d,train
609134640.jpg,4,healthy,d5ff70901fc1c624,validation
609358362.jpg,4,healthy,99b14e1c994cddc6,train
609480856.jpg,3,CMD,e4f2f57e09142395,train
609857978.jpg,2,CGM,91e93fcd581d0b07,train
610094717.jpg,3,CMD,d37169e28c17768a,train
6103.jpg,3,CMD,d2d43ad4d8a269ba,validation
61044687.jpg,3,CMD,8ed469978c48f366,train
61074408.jpg,4,healthy,d3931b13253433eb,train
610968546.jpg,0,CBB,d2c964e66565270f,train
611122414.jpg,3,CMD,d4eb38cd953219b4,train
61139702.jpg,3,CMD,e5b530ea19dbd812,train
611507457.jpg,3,CMD,c6032f36adfc406b,train
611582421.jpg,3,CMD,c5f62214dc1a4fe6,train
611767283.jpg,3,CMD,af666986c26938b6,train
611831978.jpg,2,CGM,9dc27dfa8461f444,train
611858169.jpg,2,CGM,ab83373d0b129cd9,train
612054401.jpg,3,CMD,d0c33f205e2b43dd,train
61216809.jpg,3,CMD,c8b93bed4689d642,train
612223117.jpg,3,CMD,d4a763807d605fa5,train
612296656.jpg,3,CMD,ad44093b27cb5367,validation
612426444.jpg,4,healthy,c3180e673fbd3232,train
612647551.jpg,4,healthy,c1ccbde1701bc9d8,test
612680278.jpg,3,CMD,e58a14d20e72e5ed,train
612701263.jpg,2,CGM,d0ce6c9f37331870,validation
612816896.jpg,3,CMD,c4a4e2c2d3c8f1de,train
61297107.jpg,3,CMD,c6a436cbcd15715c,train
613168943.jpg,3,CMD,b2f07eaf5107f410,train
61357519.jpg,4,healthy,9ef44adb49c83931,train
613608531.jpg,3,CMD,a1c7198d661574e7,train
61393807.jpg,3,CMD,bfe46601ca9917b2,train
614085740.jpg,4,healthy,c7e7715768184a4e,test
614181171.jpg,3,CMD,89ead1e3668a6d38,test
614215074.jpg,3,CMD,979b2b52944d724d,train
614350420.jpg,3,CMD,a8a32fa5e918c6f2,train
614363476.jpg,3,CMD,c5e2577c6638217a,test
614423071.jpg,3,CMD,dace21895996be23,validation
614554751.jpg,3,CMD,d18d596c977601f2,train
61492497.jpg,3,CMD,d5d63424525e59b9,train
615415014.jpg,3,CMD,d4bc2ba4625f6cc1,train
616067166.jpg,3,CMD,c2a034da1cb66af7,train
616109576.jpg,3,CMD,8c9f3770a309ec71,train
616514000.jpg,1,CBSD,c19279d85cc86f2d,train
616531930.jpg,3,CMD,e8ededb8ac9c8068,train
616718743.jpg,1,CBSD,d60d38f2cd12f16c,train
616740640.jpg,4,healthy,99c629273bd5cae0,train
616745238.jpg,3,CMD,80f8c998cbd9c1d7,train
616889374.jpg,3,CMD,d33c21677cc140df,validation
616937230.jpg,3,CMD,aad5ab466d9a0b85,train
617446207.jpg,3,CMD,83fc667132e827c3,validation
617446787.jpg,3,CMD,ce96296d37066617,test
617651411.jpg,0,CBB,c0b1e4df0e9fa892,train
617719193.jpg,3,CMD,d0f262c9bd8d1e46,train
617763677.jpg,3,CMD,8cf9618246fa3d4d,train
618049831.jpg,1,CBSD,d4961316fe4eccc8,validation
618242268.jpg,1,CBSD,9eb4337747053949,train
618257527.jpg,4,healthy,eedb3bde800103da,train
618285041.jpg,4,healthy,80fe084e6fb0cf71,train
618525974.jpg,0,CBB,c3af0c3fbc08e2d1,test
618654809.jpg,3,CMD,82c538b8f81dd9e5,test
618683385.jpg,4,healthy,c0e0921f8f49cb9f,train
618816554.jpg,3,CMD,821b3a76ab49e1ce,test
618916143.jpg,1,CBSD,98b73b258cd00bbb,validation
61901680.jpg,3,CMD,9a8d4dc62906fca7,train
619095657.jpg,3,CMD,888737f2bb5884d5,train
619372394.jpg,3,CMD,9cc06361f5b25a3e,validation
619658845.jpg,3,CMD,c9db6ae965661252,validation
619953066.jpg,3,CMD,dea31d1872b4c19d,test
620126996.jpg,2,CGM,8669271c530e79f3,validation
620158263.jpg,4,healthy,94e0235ed5256773,train
62053025.jpg,3,CMD,8e8b5979637111d6,train
62069424.jpg,3,CMD,86ef338132d6ca8d,train
62070739.jpg,3,CMD,a38f87d29cc6c645,train
620741082.jpg,3,CMD,d49c1c983ce864fe,test
620752009.jpg,3,CMD,96ce283676c13799,train
620790397.jpg,3,CMD,ed87518a96710caf,validation
620825319.jpg,4,healthy,c9e92f421b9296b5,validation
620927832.jpg,2,CGM,9ac72b9604b34eb9,validation
621125183.jpg,3,CMD,baad500684d6fca7,train
621131184.jpg,4,healthy,d71c643f9ace10e4,test
621367062.jpg,1,CBSD,d3967e01d4781373,test
621642656.jpg,3,CMD,d4930c7cf0c25cdb,validation
622130666.jpg,3,CMD,84b627de7147891e,test
622186063.jpg,3,CMD,86dc79f3f78b2010,train
622285967.jpg,2,CGM,972f42d93b1e8594,train
622386644.jpg,3,CMD,c83e35c8159f4d87,train
622555654.jpg,3,CMD,c9e41f356a873227,train
622587109.jpg,3,CMD,e8876bc5aa90b566,train
622599265.jpg,3,CMD,c28a57b5725e470b,train
623023838.jpg,1,CBSD,87c96dd74c782907,validation
623333046.jpg,2,CGM,aca84d09fb575670,train
623381434.jpg,3,CMD,ccbb27a36c94c18d,train
623631977.jpg,4,healthy,c6483bcdbbc02d3c,train
624542244.jpg,2,CGM,83dc7aa1545b4769,train
62457077.jpg,3,CMD,d89d74420f266d6d,train
624872321.jpg,3,CMD,8b2853ccac56e8bb,train
624911036.jpg,3,CMD,83954794f8865ee5,train
624921461.jpg,3,CMD,d8a62c096b3a7d17,validation
625159901.jpg,1,CBSD,8b89b1b98b8da969,train
625250328.jpg,1,CBSD,cdb04dd324ceb9d0,train
625258862.jpg,1,CBSD,93bf729127602d78,train
625604215.jpg,3,CMD,cd891c7568ff0e0a,validation
626727559.jpg,1,CBSD,c08f3a240d9af5db,train
626955644.jpg,1,CBSD,9db24d724c639935,validation
627068686.jpg,3,CMD,ab9707c0f6fe0982,test
627428671.jpg,2,CGM,99916e27f215654d,train
62771226.jpg,3,CMD,860d3a5d4bb55c36,train
628074703.jpg,2,CGM,8cff61586a1833e6,train
628142575.jpg,4,healthy,d8dc959fdd3022c4,train
628546721.jpg,3,CMD,c4ac3face0e2c347,test
628791743.jpg,3,CMD,94e3eb84b3baa185,train
628889573.jpg,3,CMD,98c7480fa5d03afe,train
629341978.jpg,4,healthy,8af325065b59b574,validation
629637059.jpg,4,healthy,90862eb9071df5f2,validation
629698342.jpg,3,CMD,c1367836173b66c9,test
629896725.jpg,3,CMD,e875cabe483cd322,train
629958689.jpg,3,CMD,d7d9332201f147cd,train
630211324.jpg,0,CBB,cda676c94c4d8eb0,validation
630240307.jpg,3,CMD,f48479858d6d2cea,test
630407730.jpg,4,healthy,d78076c36cc3aa95,validation
630454798.jpg,3,CMD,c5df2b165a258f88,train
630537916.jpg,4,healthy,fdc058dc2ff0620d,test
630797550.jpg,3,CMD,b1f0e4ed4c464b9a,test
630798966.jpg,3,CMD,85eb064b1d6c951f,train
631049662.jpg,3,CMD,c9b827b4751c11f3,validation
631221436.jpg,3,CMD,a5942dcba263bd31,train
631309846.jpg,3,CMD,c4ce6cc3c7e23227,train
631325296.jpg,3,CMD,96fb0e42653fc270,validation
631430009.jpg,3,CMD,953e64889bb1263f,train
631563709.jpg,4,healthy,90f03a261756cfba,test
63159897.jpg,3,CMD,84e30bed59415bcb,train
631607680.jpg,4,healthy,c1fbf3825a1454d5,validation
631676303.jpg,3,CMD,c5d87a05379a2cea,validation
631746612.jpg,3,CMD,e407697c78c33a53,train
631859689.jpg,2,CGM,d1d154c6d7ce0c2b,train
631890170.jpg,3,CMD,d198edafb482621e,train
631967336.jpg,3,CMD,956cf38827b6c84e,train
632197705.jpg,1,CBSD,c5f23c81b78599b1,test
632236115.jpg,1,CBSD,96dd6962ac5554aa,train
632357010.jpg,3,CMD,8cf15c3834de6a39,test
632417341.jpg,3,CMD,81fa1c6063b67ce9,train
632445353.jpg,3,CMD,d2c420ef3f345339,validation
632517607.jpg,3,CMD,b4883ac76f61426f,train
632697564.jpg,4,healthy,8cda257653c919d5,train
632799335.jpg,3,CMD,fef04cfe8018e15c,test
633010478.jpg,3,CMD,94c131e82fdc7792,train
633081194.jpg,3,CMD,ce8952476d45b54d,validation
633900413.jpg,3,CMD,f5436a306e711ee2,train
633946965.jpg,3,CMD,c51229593cec8bd7,train
634365236.jpg,0,CBB,99f07899717a60a7,train
634618230.jpg,3,CMD,89b13eb9260dfa34,train
634724499.jpg,3,CMD,c792f1e433e832f0,validation
634785695.jpg,2,CGM,94a57b96c94f2247,train
634792920.jpg,3,CMD,dee829507127674d,train
634816572.jpg,3,CMD,e5903ccb35161b97,train
635122883.jpg,2,CGM,c2d269c6479f1c0f,train
635279232.jpg,3,CMD,9dd747f442682695,train
635341993.jpg,3,CMD,adf679f8225134a1,train
635511735.jpg,1,CBSD,8453743c0bf716e3,train
635576141.jpg,2,CGM,d5e168dcb6849b2c,train
635664264.jpg,1,CBSD,c6652cdd6a0ef0e2,train
63578884.jpg,3,CMD,c9d3334627a54aea,train
635946158.jpg,2,CGM,e08084efa31fe67c,train
636286001.jpg,3,CMD,91a16d5f1fce0d88,train
636474296.jpg,2,CGM,9b1e73c3062c655b,test
636559480.jpg,3,CMD,fc9d63701ac6af10,train
636816861.jpg,3,CMD,c0bf638c3c9a473a,train
636890802.jpg,3,CMD,8da76e684eaad107,train
636948047.jpg,4,healthy,81dc3eb07d2204ff,train
63775422.jpg,2,CGM,95986ecf4ce91a51,train
637906306.jpg,3,CMD,c1dce9f7a48120db,train
638654515.jpg,1,CBSD,8ebe62e94c1538f8,train
639060341.jpg,1,CBSD,80cc78b9c8fcc8f6,validation
639068838.jpg,3,CMD,ca9621d1b1b63fa4,train
639229623.jpg,1,CBSD,c9b93c3039de71c4,train
640157848.jpg,3,CMD,c9f76c013e22631f,validation
640668148.jpg,3,CMD,86cd3441437e3fca,train
640671691.jpg,3,CMD,e8b8f8b8b9e08fc0,train
640674729.jpg,3,CMD,c518373a7d464a75,train
641096322.jpg,3,CMD,8538d6766f07097c,train
641309732.jpg,1,CBSD,97996a6b28857e26,test
641583443.jpg,2,CGM,92802b6a60fafbf8,test
641590483.jpg,3,CMD,8dcd2e3935f8f808,train
641625656.jpg,1,CBSD,ec885ec455b9685e,train
641852090.jpg,3,CMD,cc7037076191bccf,train
641947553.jpg,3,CMD,91e611e14e7cce2e,validation
642333740.jpg,3,CMD,81c92ad76a33752e,train
64287317.jpg,3,CMD,95047a17a63aff0a,train
643008801.jpg,3,CMD,c4a33d8c627f0fe0,test
643044892.jpg,1,CBSD,98acb798be8be490,train
643163594.jpg,3,CMD,84533b0b27a03f7b,validation
643541195.jpg,3,CMD,85c773e61a6a706c,train
643613398.jpg,2,CGM,d8e11f9f606a722c,test
643956994.jpg,2,CGM,c76e318c045dd9b3,train
644131683.jpg,2,CGM,8c662e33bab8175c,train
644212609.jpg,1,CBSD,dda2304b4fd8330f,test
6442965.jpg,4,healthy,9fafedd50d90060c,train
644617197.jpg,4,healthy,d3a43ed3e198c2c5,train
644666904.jpg,2,CGM,93282f624a9df6f0,train
645139700.jpg,3,CMD,c6d962e814074fde,validation
645166434.jpg,3,CMD,8886636b3c97297e,test
645203852.jpg,2,CGM,c6d23766e4486d78,validation
645674702.jpg,3,CMD,85c915ad6e251b8f,test
645726700.jpg,3,CMD,8e9536c3b5d2482f,validation
645748752.jpg,4,healthy,f6e8c31837d3c194,train
645764425.jpg,3,CMD,8781ce71e1db5594,train
645991519.jpg,4,healthy,c9e8747280d64f6d,test
64610911.jpg,4,healthy,d1cc482ea778764e,test
646595988.jpg,2,CGM,b29036cc7c3a4cdb,train
646796085.jpg,1,CBSD,c83627d0830dfce7,train
646841236.jpg,4,healthy,92952cf6f03887f1,train
646903835.jpg,3,CMD,d0b63d704a0ff4c3,train
646999993.jpg,1,CBSD,db9930368693919f,train
647038320.jpg,2,CGM,d98848e96949c9df,validation
647141648.jpg,3,CMD,8c0076e1397bb3f8,train
647301407.jpg,2,CGM,919322b92ed6f9c4,train
64732457.jpg,3,CMD,9d3d6c3713280ef4,train
647379181.jpg,3,CMD,9dd10d733f9e5808,train
6477704.jpg,3,CMD,858527a537ae3e2a,train
648013564.jpg,3,CMD,d4dc1a2a3d3ef444,train
648328136.jpg,3,CMD,8a993c46793c27e5,train
648438978.jpg,3,CMD,99b66e46251cd6a9,validation
648490394.jpg,3,CMD,a4b94413ed4fca2e,train
648535358.jpg,0,CBB,c9ac3fd149192e74,train
648590846.jpg,4,healthy,83e4659fa17d122e,train
648616108.jpg,3,CMD,9dca27bf20c70e2a,train
648870866.jpg,3,CMD,cb9e7c80a31f2ce2,test
649044628.jpg,3,CMD,9490694f2f7163c7,train
649463618.jpg,3,CMD,81913c9b93aeb197,train
650372735.jpg,3,CMD,c4c166d8db9f0c2e,train
650458335.jpg,3,CMD,f17377b224ae12c2,test
650816529.jpg,3,CMD,d2cd960c0fc7cbd0,train
650963380.jpg,4,healthy,8d9913034d3f48fd,train
651017189.jpg,3,CMD,85b03a7b7dd260d1,train
651041869.jpg,2,CGM,998b765572245f52,train
651123589.jpg,1,CBSD,c45b23063ba197fc,train
651255888.jpg,3,CMD,a3f5532534e21799,train
651331224.jpg,3,CMD,d2b66c711d5505ad,train
65139094.jpg,3,CMD,dc804752787cfa4b,train
651635547.jpg,4,healthy,98915ef395061377,train
651791438.jpg,3,CMD,aa28630b3dcd7971,train
652147847.jpg,2,CGM,d5fd2b9708484cba,train
65235972.jpg,3,CMD,f5d0c19eeb0aa945,train
652381513.jpg,4,healthy,d8da3b06da939718,train
652624585.jpg,3,CMD,d28d165d364d85d3,train
65328715.jpg,0,CBB,8496b4b434745dd7,train
65344468.jpg,3,CMD,d1f6632039af7c0c,train
653454326.jpg,3,CMD,8e332e4675c9ac56,test
653465782.jpg,2,CGM,be87681e346913d9,train
653660984.jpg,3,CMD,84e4021fd773de19,train
653790605.jpg,3,CMD,c1d348f2cab4b28f,train
653958117.jpg,4,healthy,c5b11cd8cfcda191,train
654307881.jpg,3,CMD,d78523b5c8304ecf,validation
654346166.jpg,3,CMD,d18d2b9e4b0746ce,train
654445822.jpg,3,CMD,c5ae37164b881fd4,train
654671746.jpg,3,CMD,cde27676540338e9,train
654782602.jpg,3,CMD,ea915c6e71d72170,train
654992578.jpg,3,CMD,90bf665e0cc35533,train
655836057.jpg,3,CMD,8bb47d43bd9e2083,train
655873382.jpg,1,CBSD,c7ec2a8c66d8e3c8,test
656522898.jpg,3,CMD,a5f33c0e571906f2,train
65671451.jpg,2,CGM,86ad8e714fd07a91,train
657031133.jpg,0,CBB,93a6469f072a794b,train
657278738.jpg,3,CMD,e49f3aa718085e79,train
657403248.jpg,3,CMD,92ed2aac27d00f3e,train
657424989.jpg,4,healthy,918a3c7f7a6041ed,train
657542940.jpg,4,healthy,d588073d68df9a54,train
657747231.jpg,1,CBSD,85a73cf9d73880a3,validation
657747378.jpg,3,CMD,85b704f848af6bd4,train
657817116.jpg,4,healthy,d9a374100bb9796e,train
657823258.jpg,3,CMD,8783623d76c2ccea,train
657935270.jpg,3,CMD,85867e6c6432f574,train
658043427.jpg,3,CMD,c02f7a861497b9ab,train
658285764.jpg,2,CGM,94c523f34eff6208,train
658300616.jpg,1,CBSD,96940d9b3887feb0,validation
658395701.jpg,4,healthy,c7d035263a513b3e,train
658617440.jpg,3,CMD,c5f31eb470a971a1,validation
658961090.jpg,3,CMD,c92f6bd960903f19,train
659315200.jpg,3,CMD,81dd78223cf57b22,test
65949096.jpg,0,CBB,d6f83506308b1fb9,train
659495074.jpg,1,CBSD,8ee7348e6a3a24ab,train
659615367.jpg,1,CBSD,d65966946bb4532a,validation
659696981.jpg,4,healthy,cad6ac5a35112fc6,train
659737430.jpg,3,CMD,b4abdb192dcd8c44,validation
660261179.jpg,2,CGM,d264e02fa878b4eb,train
660273630.jpg,3,CMD,80f528d83e4efa0f,train
660374182.jpg,3,CMD,88cf76f0938d7a50,test
660699898.jpg,3,CMD,e2c93681d942e5de,train
660715584.jpg,3,CMD,dce306b52b8a6593,validation
660729197.jpg,3,CMD,8e947346eaf92e0c,validation
66116561.jpg,3,CMD,827605dc3d818f6f,train
661256835.jpg,3,CMD,8dc6b1cce19aeca2,validation
66126211.jpg,3,CMD,8df03f1a03c938ee,train
661263276.jpg,3,CMD,e6f9634e538210f9,train
661610886.jpg,3,CMD,d4fd60982df05e46,train
661795879.jpg,1,CBSD,9ab24e9c708d74ab,train
662050128.jpg,3,CMD,d710487f6cf4066b,train
662317211.jpg,3,CMD,938c3dd4e93d418d,validation
662372109.jpg,3,CMD,81cc397826a3b4fd,test
66240294.jpg,3,CMD,c2e262c2e2b5b1b7,validation
662783465.jpg,2,CGM,c94a3e5e95c4aab1,validation
662844751.jpg,4,healthy,c1946f68ceb187e1,train
663146106.jpg,3,CMD,c4f206175ca6d3f2,train
663803096.jpg,0,CBB,94b1234f7e54526b,train
663810012.jpg,3,CMD,c3ffb58682c1c05b,train
664024610.jpg,3,CMD,d4b33ea5c1c968e8,train
664137344.jpg,3,CMD,975c3c1ebdf0e840,train
664265007.jpg,2,CGM,89a32fd01ef96329,train
664408485.jpg,3,CMD,d9c0308f953b635b,validation
66458318.jpg,1,CBSD,c96776c38f8e2454,train
664583876.jpg,1,CBSD,d1de6a5556582dc2,train
66494240.jpg,4,healthy,80cd771946b3b54e,train
664943933.jpg,4,healthy,e0d152b51afea05d,train
664996949.jpg,3,CMD,85fa49210ecf63e6,test
665478889.jpg,2,CGM,86a05678737c33ae,train
66571398.jpg,3,CMD,89a832a73bc334b7,train
665859596.jpg,1,CBSD,91efc2112fb11be2,train
666057688.jpg,2,CGM,da8666eb2418cd1f,test
666145174.jpg,2,CGM,89fcf5021f32f292,train
667058681.jpg,3,CMD,c8c12d895b1ef69a,validation
667064229.jpg,3,CMD,d7a169354368bcc3,train
66720017.jpg,3,CMD,cce30f3c171b9925,train
667282886.jpg,3,CMD,cd4836cd3ab7c312,train
667745883.jpg,2,CGM,d1ce7635516b3314,train
667790094.jpg,2,CGM,d1fd4612acd73918,train
668151635.jpg,3,CMD,93d3f4e4e4d0aa1c,validation
66820054.jpg,3,CMD,d0507e853e8a1eb7,train
668811521.jpg,2,CGM,d1942eabd7d82147,train
668943288.jpg,3,CMD,9ec524da1f3c662c,test
669119596.jpg,3,CMD,d67e6c321e83318e,test
669360547.jpg,3,CMD,d63d5ac521f65892,train
669612316.jpg,3,CMD,e362156a1a1e73cb,train
669748740.jpg,3,CMD,cdb926ee3007fc81,train
670049521.jpg,4,healthy,93f56b6839914e94,train
670363237.jpg,2,CGM,dc2e28c1dbd81e63,validation
670519295.jpg,0,CBB,84796a8451be79a7,train
670541081.jpg,2,CGM,86cd702b2de4cb8d,validation
670606517.jpg,1,CBSD,829a56ae2d5d2cad,train
670877458.jpg,4,healthy,962b372a09df5253,train
670935164.jpg,3,CMD,c3e4102b5fc44cef,train
670991329.jpg,1,CBSD,d2c823903ddf7507,train
671076744.jpg,3,CMD,95eb0c922e8bdb2a,train
671675016.jpg,0,CBB,95696296b871cd5c,train
671677199.jpg,4,healthy,dff0026d26592e53,validation
671906195.jpg,3,CMD,cc3f33c0cb1ce196,train
671937589.jpg,3,CMD,d3d771875609348b,train
671949861.jpg,1,CBSD,ceea6a2b700ef84a,train
672149291.jpg,4,healthy,d2db31369ca52c5a,test
67235681.jpg,2,CGM,c0d86e915eb456ab,train
672387843.jpg,3,CMD,88364b5f7af18d84,test
672634169.jpg,2,CGM,c6e31a72271fa2b4,train
672737517.jpg,3,CMD,949e3528a95b7ad4,train
672772302.jpg,3,CMD,86e07dd76857062d,train
673461056.jpg,3,CMD,c4e803bee08bc7dc,train
673860639.jpg,4,healthy,919b4da2f1397895,train
673868311.jpg,4,healthy,b2eafaaac2a55454,train
673903398.jpg,4,healthy,d391331aca6e6e64,test
673931298.jpg,3,CMD,94dc63a50cd8745f,train
674072472.jpg,3,CMD,9bc061fb8e886766,train
67417136.jpg,3,CMD,84cd2fb578bc09d8,train
674205254.jpg,3,CMD,b5b0d0dbaaa55703,train
674360414.jpg,1,CBSD,97b368d96d24562a,train
674380607.jpg,3,CMD,d12f6392e3a54665,test
674703368.jpg,4,healthy,a5b92f9f45d485a0,validation
674806764.jpg,3,CMD,80c9046d6a7e77d6,train
674941646.jpg,2,CGM,cf8360ce3e1cd325,train
675146219.jpg,4,healthy,86b4755c8aae31ec,validation
675264849.jpg,1,CBSD,94f210044f5f7ecd,train
675325967.jpg,2,CGM,e1b17a8e870f64e1,train
67533463.jpg,0,CBB,c8ff253d39484b26,test
676226256.jpg,1,CBSD,d5b566a42a33e0cb,train
677178045.jpg,3,CMD,d69d3e1929ae1326,train
677537252.jpg,3,CMD,d4f271ea61c304ee,train
677634085.jpg,0,CBB,d9d9353d2808cacf,test
677816697.jpg,3,CMD,89933b3861d6d0fa,test
677870514.jpg,2,CGM,9bce60655c53a6a5,train
678150539.jpg,4,healthy,d82b6554180f73de,train
678308655.jpg,3,CMD,914f3ff9d9c0c148,train
678699468.jpg,0,CBB,90fe7b732728094b,validation
678707458.jpg,0,CBB,dc7e6f8691493423,train
678743430.jpg,2,CGM,d54a2aed712b3a61,train
678779380.jpg,3,CMD,80c972e699762cfc,train
6788393.jpg,3,CMD,d6d65ad6b084253d,train
678943117.jpg,3,CMD,c2c35954541ef98f,train
678969911.jpg,4,healthy,c0c18f9f3aa13eb2,train
679033130.jpg,3,CMD,dbc43d7b2425622d,test
679212500.jpg,2,CGM,d479398093fef013,train
679522078.jpg,3,CMD,c9f47b0290af6995,train
679718743.jpg,3,CMD,d4076e9e293c497c,test
679887404.jpg,4,healthy,8cf1664ab1f75a0c,test
679977941.jpg,3,CMD,cab6225d3335615d,train
680272982.jpg,3,CMD,d8700bd632c0f5cf,train
680596021.jpg,3,CMD,89c22bf2d8bd6532,train
680707413.jpg,4,healthy,c4e37938e02ac8fd,validation
680852379.jpg,3,CMD,db8e2b634f88350e,train
680910518.jpg,3,CMD,9984eb927529e387,train
681073401.jpg,4,healthy,94f51b0774baa7a0,test
681211585.jpg,4,healthy,d3934cb63b99e007,train
68141141.jpg,4,healthy,c7cb431459585dce,validation
681602202.jpg,4,healthy,9a8b257fa076217a,validation
681610474.jpg,1,CBSD,d0e03d3fb4b09ba1,train
681698816.jpg,3,CMD,9e7530c57c5870f8,test
682135395.jpg,3,CMD,98cf2981cdd5135e,test
682215276.jpg,4,healthy,86b375d61a8bf0c2,train
682271538.jpg,3,CMD,c3386bd7a60e7b04,validation
682973253.jpg,1,CBSD,dea949922fda6194,validation
683096346.jpg,3,CMD,fdda704e4f8500ad,train
683136495.jpg,3,CMD,94945ebd8d53b0b4,train
683492948.jpg,3,CMD,c5afca937ed1b040,train
684887397.jpg,3,CMD,cdb6389b7414a533,test
684911390.jpg,2,CGM,dae55eda64122d25,train
685003567.jpg,0,CBB,c3c164e35bdf0709,train
685053856.jpg,1,CBSD,d085607f9ed51695,train
685199622.jpg,3,CMD,bbad3c2422c3cb95,test
685497354.jpg,3,CMD,ac42645ad9b6ad27,train
68550961.jpg,2,CGM,dc3760e66c8c959a,train
685533220.jpg,1,CBSD,df8135170a895d5e,validation
685596470.jpg,1,CBSD,91a47d17f70f208b,train
685742976.jpg,3,CMD,acad3cedb54b0143,train
685822440.jpg,3,CMD,ac97d229cb29eb12,test
685840333.jpg,3,CMD,b4cb76ca813f52d0,validation
685844269.jpg,2,CGM,83b3f9c98c3633a1,train
686071324.jpg,4,healthy,86b4528a54fabd56,train
686102337.jpg,3,CMD,89526d68c79bb0f1,validation
686214048.jpg,3,CMD,f7504ee14b625e45,test
686263581.jpg,3,CMD,c0c55ad6d6f4a0f1,validation
686316627.jpg,3,CMD,c0700b9f3df542e9,train
686503891.jpg,4,healthy,b9c055f422377e68,test
686958649.jpg,1,CBSD,c85a358d70d933e3,validation
687245677.jpg,4,healthy,929c61f40eed11de,train
68735991.jpg,4,healthy,d9d594cbd090d5d2,train
687533013.jpg,3,CMD,d5fa6fd5120134c3,train
68761769.jpg,4,healthy,d76b70d00274eccb,validation
68764231.jpg,3,CMD,c39c3baf424128f7,train
687693766.jpg,1,CBSD,ce3133df0f26e04c,train
687753518.jpg,3,CMD,d9ec3a847ae14578,train
687913373.jpg,3,CMD,fac70d9c71b0368a,train
687931574.jpg,3,CMD,94c94d76b8a40aef,train
688011612.jpg,0,CBB,c78b5b11a9b8514f,train
688243919.jpg,3,CMD,8f8b8e8381d4f4e5,train
688266741.jpg,4,healthy,d6ad56588d540be5,validation
688489193.jpg,0,CBB,f9bb7a460c4d1970,validation
688733567.jpg,3,CMD,a8e85140f2edf563,train
688748124.jpg,3,CMD,c9ec6ac3ded84251,train
689108493.jpg,4,healthy,93c9373a3d587494,train
689866725.jpg,3,CMD,d80f15393cf4d4a9,train
69003295.jpg,3,CMD,c5d34c385d247f49,train
690125781.jpg,4,healthy,c0e1ef1cf8f1e184,train
690163.jpg,3,CMD,c18b391c0fe639e3,train
690221576.jpg,4,healthy,949b2ec1ec85d32e,test
690258961.jpg,3,CMD,8df62a0d61af5139,train
69026823.jpg,3,CMD,d4817f6a13924bb9,train
690368559.jpg,2,CGM,893237216f9d4aec,train
690399930.jpg,4,healthy,c82b2893d75037b7,train
690440568.jpg,3,CMD,94326f8cdbc3163a,train
690564008.jpg,3,CMD,9aca2334d47a67c9,train
690565188.jpg,3,CMD,84a51d8c5f5bd654,train
690578148.jpg,3,CMD,d9b32cb7f8c122e0,train
690627061.jpg,3,CMD,cd9f1451918c7cec,train
690967280.jpg,1,CBSD,802c3f8c8fc2f19f,train
69119767.jpg,1,CBSD,c6e517149c9acd55,validation
691231499.jpg,3,CMD,98e85cb32d24eb36,train
691285209.jpg,2,CGM,81852de1aff2621f,train
691286710.jpg,3,CMD,82f474ca6de9464b,train
691829328.jpg,4,healthy,92c35f29643e5953,train
692019924.jpg,0,CBB,92be38811ef25796,train
692022283.jpg,2,CGM,e13e2fea1e1dc806,test
692398741.jpg,4,healthy,ca5b597a0ebe6228,train
692727457.jpg,3,CMD,c1e53ca396a8e13e,train
692997740.jpg,3,CMD,c46c2dbd159ed04b,test
693123459.jpg,4,healthy,982433c9f48c7f93,train
693164586.jpg,3,CMD,b9c03d37d0d62d1a,validation
693412624.jpg,4,healthy,9a8a76a53c5b349c,train
693609543.jpg,4,healthy,d30a3cfc07612ccf,validation
693678702.jpg,4,healthy,91cb17c40a9f17da,train
693711677.jpg,3,CMD,d4ef50c700bbc1b6,validation
694303061.jpg,3,CMD,8e5a7c85135b1747,train
694387219.jpg,1,CBSD,91b3a3a596aeac8a,train
694767625.jpg,3,CMD,b4c0669ccbf5287c,train
695000133.jpg,3,CMD,99f2275867284eb9,train
695167489.jpg,0,CBB,8686da3dc5d26ab1,train
695172067.jpg,3,CMD,9ca52bd87a706731,train
695438825.jpg,1,CBSD,894a569da99366d9,validation
695839663.jpg,3,CMD,c6ed13164ce56786,validation
695924951.jpg,3,CMD,b4276b156a9542db,validation
696062925.jpg,3,CMD,c6916f623ca98dac,train
696072814.jpg,3,CMD,89a5c3fe05b76906,test
696538469.jpg,3,CMD,843d60cc9ebba4ab,train
696638670.jpg,3,CMD,e0f90787085257fb,train
696867083.jpg,1,CBSD,c6c13a75451d7f06,train
697032846.jpg,3,CMD,ea954ab77052b6a8,train
697372150.jpg,3,CMD,ceb179c660cb91d4,train
697621030.jpg,0,CBB,98c66ec8f0933fb0,train
697821709.jpg,3,CMD,d0a7528b6ad1f1e4,test
697962684.jpg,3,CMD,85f661936a38f199,train
69803851.jpg,1,CBSD,972e6a9133f62c49,test
698154366.jpg,4,healthy,d6bd2b9614071c6b,train
698230072.jpg,3,CMD,9af47c66258712b3,train
698646619.jpg,4,healthy,9cdb2f4d80ba6994,train
698692514.jpg,3,CMD,81f25f2c225b6dc5,train
69869891.jpg,4,healthy,95fa6bba04e702c3,train
698853568.jpg,2,CGM,c1667a6b7c9091dc,validation
698931163.jpg,3,CMD,81d2459a3f7f26a2,test
699261554.jpg,4,healthy,84e3622fe7db4305,train
699282565.jpg,3,CMD,8b3e35e24e90d6f0,test
699330995.jpg,3,CMD,817a5ce81f43077d,test
699393181.jpg,3,CMD,d3f0b192bcc6ccc4,validation
699893195.jpg,3,CMD,dc3a19d7d08d2c8b,train
699952648.jpg,3,CMD,85ca29562ef4d2ae,validation
699957994.jpg,3,CMD,d4866d7d642133b5,train
700113045.jpg,3,CMD,c48317e2b3beaae0,train
700464495.jpg,3,CMD,96e244c6657e236e,validation
700664783.jpg,4,healthy,890239897e79a79d,train
700772842.jpg,3,CMD,dcb50721bb727a50,train
700919274.jpg,4,healthy,cd84347a43f9f131,test
700971789.jpg,3,CMD,9c136d806df41b5b,train
701052546.jpg,3,CMD,88bd3ac3c69815be,train
701148586.jpg,1,CBSD,c1c968999b9b5327,train
701496880.jpg,3,CMD,fdfa25151905c2b5,train
701698487.jpg,3,CMD,91c23c6337b24bf2,train
701939948.jpg,3,CMD,908b37e66d3cda22,train
702121018.jpg,1,CBSD,ced029e293fec18c,validation
702619228.jpg,2,CGM,9995682d748c0f7e,train
702921718.jpg,1,CBSD,9f704e360bf009ee,train
702974599.jpg,3,CMD,91806e0d3b395f6d,train
702998173.jpg,4,healthy,8af13a34031ab3df,train
703084766.jpg,3,CMD,a6f3ed2459f4810d,train
703096302.jpg,2,CGM,97c83b99291770e6,train
703310122.jpg,3,CMD,f5d664e0284e49b7,train
703444371.jpg,0,CBB,80dd09f92eba63ac,train
704115558.jpg,1,CBSD,97fb219ced00079d,train
70412561.jpg,4,healthy,966c60d86db6d1c3,train
704269024.jpg,3,CMD,d58b2707875960f3,train
704485270.jpg,3,CMD,8312fc09724b1bf7,validation
704504922.jpg,3,CMD,d8e1778031574ece,train
70462322.jpg,3,CMD,d2c965f6448b64b3,train
704827087.jpg,2,CGM,93ae1591c6b0d69e,train
704856896.jpg,3,CMD,86e734622b7d289b,train
705481569.jpg,3,CMD,90da3f82687f23a3,train
705499651.jpg,3,CMD,84eb2668a7c1376b,train
705789219.jpg,3,CMD,c6f5432c7725e342,train
705886704.jpg,3,CMD,87b87183161a3d5f,test
705928796.jpg,4,healthy,c0847dea47f3a938,train
70656521.jpg,3,CMD,89b42fca41f8968f,train
706776365.jpg,1,CBSD,828b3e153f4ee2e1,train
706806140.jpg,3,CMD,d4f457851f1ac293,train
706808191.jpg,4,healthy,c99330cd0fc436bd,train
70700352.jpg,3,CMD,c59a6b612e661fe0,train
707255804.jpg,3,CMD,c3b222f492468f6f,train
707347112.jpg,3,CMD,c4b128fcc0d751dd,test
707856389.jpg,3,CMD,94d7411c5314ceef,train
707908216.jpg,2,CGM,cbb74517d24a0f19,train
708059328.jpg,3,CMD,c0a868e8eafde1d2,test
70816770.jpg,3,CMD,c4936cd768817a4f,train
708185327.jpg,3,CMD,c3c76ee9503b382a,train
708463860.jpg,2,CGM,d2b970032d363f87,train
708732298.jpg,3,CMD,db9352d588466eca,train
708801738.jpg,4,healthy,969eac8ccf494963,train
708802382.jpg,3,CMD,c6e86bb472ec0559,train
708824087.jpg,3,CMD,daf8fb23212331c6,train
708900690.jpg,2,CGM,c0e175baf4d02cae,train
709094492.jpg,3,CMD,81c65f389178aff0,validation
709285563.jpg,3,CMD,d1ef60e33996160b,validation
709405326.jpg,1,CBSD,c4e321ac9f5f44a6,train
70951614.jpg,3,CMD,e09e647c5b960b1e,train
709663348.jpg,3,CMD,901f397c633b18f4,train
710147759.jpg,1,CBSD,d4d73d480e0d9f0b,train
710255784.jpg,4,healthy,8f7c620bcdcb0176,train
710350966.jpg,1,CBSD,c1ed7d904153265f,train
710380163.jpg,4,healthy,8ef817ea31129e0f,train
710791285.jpg,4,healthy,8d9e78a42bc3e3a1,test
710999120.jpg,4,healthy,da93d3939a90347c,train
711239502.jpg,2,CGM,d9915ab8b5d39630,validation
711417337.jpg,3,CMD,8bcc996b25887bd2,validation
711729648.jpg,4,healthy,c14035bdce692fd2,test
711824069.jpg,3,CMD,d2c741382b355c7b,train
712150180.jpg,4,healthy,8fae0897efa08b89,test
712373628.jpg,3,CMD,87ae04e568dcb4cb,train
712382120.jpg,3,CMD,e23359b706c27732,train
712421823.jpg,1,CBSD,dc992964f24b98dc,test
712443028.jpg,3,CMD,b1fc6c0b746d5682,validation
712488898.jpg,3,CMD,978c785060af2dbb,train
712506424.jpg,3,CMD,8bfb7c3da2c2092a,train
712756334.jpg,3,CMD,8afd7dfcf8029102,train
713216878.jpg,0,CBB,e0bbe8c05ece2535,train
713250541.jpg,3,CMD,95860bbf2e373a11,train
713259486.jpg,1,CBSD,939077c27b704177,train
713693996.jpg,2,CGM,867c3e5bb69320a6,train
714060321.jpg,3,CMD,dca5681e3dc584b5,train
714473351.jpg,1,CBSD,d0f0634f9fcc3898,train
7145099.jpg,3,CMD,913d204dfef8a334,train
714720109.jpg,3,CMD,92b5040f5f7dee80,train
714791504.jpg,4,healthy,9c147ab2ba4bfc41,train
715057901.jpg,3,CMD,cfa826e80c9da65b,train
715316118.jpg,1,CBSD,9c948c9a9b9bcb68,train
715597792.jpg,4,healthy,d2b42d99783c3e07,train
715785641.jpg,0,CBB,803369c7d5c837b3,validation
715889320.jpg,1,CBSD,c8f307b8ff0b4298,train
715948482.jpg,1,CBSD,d3e73b722e2c9844,train
716011398.jpg,3,CMD,95c0236d970d978f,train
7160206.jpg,2,CGM,f9c474033f683d34,train
716052378.jpg,3,CMD,c7b82315752564de,train
71608311.jpg,0,CBB,9abf35016c66c2c7,train
716279515.jpg,3,CMD,80fb0ed35b5951f0,train
716467114.jpg,2,CGM,a5e74a9cbbbc11a0,train
716707376.jpg,3,CMD,92e03d5f0d9db0d2,train
716814677.jpg,4,healthy,95c61e3c911de39a,train
717043764.jpg,1,CBSD,938d725764e454f8,validation
717221311.jpg,3,CMD,8cb0078ef94bdb94,train
717332289.jpg,3,CMD,9ef27061dab2530b,train
717532306.jpg,3,CMD,978967c40d976669,validation
717745388.jpg,3,CMD,c5bf12978a2b03e6,train
717753643.jpg,3,CMD,928988cba7ebaba4,test
717891487.jpg,1,CBSD,d61066f2987c4af3,train
717911960.jpg,3,CMD,97c86b2b5c68b28b,train
718077278.jpg,1,CBSD,d6d53ab52306c743,test
718198849.jpg,1,CBSD,cdad2de8bb2a0a1a,train
718245684.jpg,3,CMD,c0fcace8ea68e991,train
718269749.jpg,3,CMD,84390fd725327937,test
718324300.jpg,3,CMD,cdaab5f91621d21a,train
71842711.jpg,3,CMD,b8f37025f8876703,train
718497528.jpg,3,CMD,81c9ea8c431af7da,test
718957379.jpg,0,CBB,888b63efcf251166,test
71913940.jpg,3,CMD,831b58f13b36c8e5,train
719168391.jpg,3,CMD,b0f25699fb220acd,train
719222576.jpg,3,CMD,d2a945bc69374b52,test
719512192.jpg,3,CMD,95c66a251ff65868,test
719526260.jpg,3,CMD,dd9b78e58c246662,train
719562902.jpg,4,healthy,c74e67d00546cef2,train
719731461.jpg,3,CMD,d184cd7b73123716,test
719825434.jpg,3,CMD,81e86b66721fd616,train
719913445.jpg,3,CMD,a48f455ccf424aee,train
720028805.jpg,2,CGM,c473293e58ad1673,validation
720072964.jpg,3,CMD,a7b4f7399098068f,train
720076710.jpg,3,CMD,93fc48e562295d65,train
72014881.jpg,4,healthy,9d837c19f70c10e7,test
720275537.jpg,4,healthy,f99d03d4b2789730,train
720304671.jpg,3,CMD,d580671c3c21ff66,validation
720647277.jpg,2,CGM,d1841ba8e8c778f3,train
720749489.jpg,3,CMD,c6ee669503232bd3,train
720776367.jpg,3,CMD,c3bcce0b54f94949,validation
721126244.jpg,3,CMD,9ea3740be25a2bac,test
721201325.jpg,2,CGM,83edb597a9954492,train
721232616.jpg,3,CMD,8c650fa762c247be,train
721245068.jpg,3,CMD,dca06946d96827ed,train
721430436.jpg,3,CMD,a09735075fc25fe0,train
72147766.jpg,3,CMD,a7e91e7fc024bc60,train
721483208.jpg,4,healthy,ec89191115f1c6fe,train
722155866.jpg,3,CMD,caa627d85a3e32c5,validation
722419138.jpg,3,CMD,bdc709795a27a191,train
722430028.jpg,3,CMD,903661c39b1edd47,test
72286182.jpg,3,CMD,ce5964f74b1e510c,test
72299830.jpg,3,CMD,cc8139e55aab625e,train
723119750.jpg,3,CMD,94bc4ec64dea0e69,train
723564013.jpg,1,CBSD,ac57736076b07d50,test
723773880.jpg,2,CGM,c94038bbfe8825e7,train
723805565.jpg,3,CMD,d6c56586a3f7a0b0,train
723891592.jpg,3,CMD,d6882b8fedb20372,validation
723977410.jpg,3,CMD,d5b881bc263ff8c0,test
724059503.jpg,3,CMD,9102d78e2e9d639d,train
724195836.jpg,0,CBB,d47970273c963875,validation
724302384.jpg,3,CMD,c58561a73ee06736,test
724406669.jpg,2,CGM,c19f34cc328ef436,train
724656877.jpg,2,CGM,80c77aad463c53f2,validation
725027388.jpg,3,CMD,c92c37bd59eb5802,train
725034194.jpg,3,CMD,90e93c33494366bf,train
725248159.jpg,3,CMD,d0c776f3109b1d49,train
725502119.jpg,3,CMD,91993314afd678d1,train
725865491.jpg,0,CBB,96fe13e1238da217,test
726063333.jpg,3,CMD,e3c720f188583b9f,train
726108789.jpg,1,CBSD,909c3796dad94d13,train
726278005.jpg,3,CMD,90fd50316c5e6e6a,test
726374295.jpg,3,CMD,c1c5d6e3c3d560e1,test
726377415.jpg,3,CMD,b2aa3bb491d2da8a,train
72640810.jpg,3,CMD,9aa63789489f8679,validation
726818817.jpg,0,CBB,c0a57bdb291ad531,test
726948358.jpg,3,CMD,fc50a957ceb601d2,validation
72715709.jpg,3,CMD,dce62f9067634954,train
727949301.jpg,4,healthy,95d968a7e5345a4a,train
728024398.jpg,4,healthy,8a8e85ba9ecd5992,validation
728084630.jpg,4,healthy,c6dd39069637a525,train
728194146.jpg,4,healthy,c1cd3664663e62b6,train
728221316.jpg,3,CMD,c4bd1f527670438b,validation
728369192.jpg,3,CMD,d52a78f309fda821,train
728569501.jpg,3,CMD,c5b1785b7a76e804,test
728690551.jpg,1,CBSD,d597628a15743d2e,train
7288550.jpg,1,CBSD,d6c4a4daca2829f7,train
729230062.jpg,4,healthy,ddea709a15984bb1,train
72925791.jpg,0,CBB,cd92252c4de19eb9,test
729514787.jpg,3,CMD,a4fa0da63c65b0a7,test
729571986.jpg,3,CMD,899a7f211cbfc44c,train
730246469.jpg,3,CMD,d814cb5ca878b753,train
730367123.jpg,3,CMD,96bf60a934c11ef1,train
730431773.jpg,1,CBSD,c2d252958da56767,train
730805822.jpg,3,CMD,c18f2c85f92b9a1e,train
731031258.jpg,4,healthy,99b26b9d7622c16a,validation
731084892.jpg,3,CMD,80572b4cbdec449f,train
731497931.jpg,3,CMD,81c4c2cddee2d5f0,train
731606877.jpg,3,CMD,ca700b5f6d43cac3,validation
731638651.jpg,1,CBSD,93fc3992cc7e0994,test
731897320.jpg,3,CMD,e5c609c8f785bc19,train
732124818.jpg,3,CMD,c0b63f381e61b6d8,train
732377500.jpg,3,CMD,87e572c7fa485548,train
732483696.jpg,1,CBSD,b61b3c592d214f1e,train
732531942.jpg,3,CMD,d3c3269c6dcab8c4,train
732560190.jpg,2,CGM,91e53d73569079a2,train
732588563.jpg,3,CMD,c49d64673d911f8a,train
732613479.jpg,3,CMD,e3e6f5a9ea8d8180,train
73287115.jpg,3,CMD,c6957b1d35c064cd,train
732968835.jpg,3,CMD,d4ce79c46a954687,test
733045784.jpg,4,healthy,879fe1005efe1361,train
733232478.jpg,3,CMD,c2946f6916abe788,train
733445038.jpg,3,CMD,ccb14f5c13ff3802,train
733543752.jpg,3,CMD,b0e28b95cddf9608,train
733701690.jpg,0,CBB,d8bb6174074f79c0,train
733770850.jpg,3,CMD,88d46ca8b7de5a32,train
734091779.jpg,3,CMD,8fce619dac6f1601,validation
734163390.jpg,4,healthy,c70d2eb62aa66355,train
734530855.jpg,2,CGM,c5992d3c3b51446f,train
734583205.jpg,4,healthy,8db172c7ad2c5351,train
734701008.jpg,3,CMD,d496b2dec69916c2,train
735041254.jpg,3,CMD,9ef0d40b65e5266c,train
73533711.jpg,3,CMD,929334de2c916b6d,test
735529446.jpg,3,CMD,d3122955577f2196,train
736521224.jpg,2,CGM,86b9f2ce29628937,train
736522598.jpg,2,CGM,d2c26978781df4a6,test
736571688.jpg,3,CMD,c18f432c1fec94b3,validation
736694812.jpg,3,CMD,cec16546b3f62686,train
736834551.jpg,4,healthy,9ab4641fa8c555b3,train
736896439.jpg,3,CMD,90c91d5352f47d72,validation
736957194.jpg,3,CMD,97f84d3714987a70,train
737157935.jpg,3,CMD,b0ef41fa68c77122,train
73728059.jpg,4,healthy,80e18cf826dd7be8,train
737465791.jpg,3,CMD,87f11d067ac92d74,test
737529075.jpg,4,healthy,98bf6f222d601ba9,test
737556184.jpg,3,CMD,f60fa4ca24b1a87d,train
737753256.jpg,3,CMD,88df57976c340a69,train
738238956.jpg,3,CMD,d5a32a5c03b2f745,train
738338306.jpg,2,CGM,de5324b125f8781e,validation
738403041.jpg,3,CMD,c4f87aa6cce8db02,train
738435591.jpg,3,CMD,92a4a2bae6fe5a12,train
738553844.jpg,3,CMD,99f066c159ed5256,train
738656611.jpg,3,CMD,81a889dfaba9a6e2,test
739227863.jpg,2,CGM,dcc18f076060fbd6,test
739247147.jpg,3,CMD,f8f1fdf9e8830202,train
739320335.jpg,3,CMD,91e1618ada6c8f9b,train
739346655.jpg,3,CMD,97896af42e0eb117,train
740035863.jpg,3,CMD,c9e633fa25f201c6,validation
740762568.jpg,3,CMD,c293720a5fdc615b,train
741358374.jpg,3,CMD,94ad3711caf3534a,train
741807266.jpg,3,CMD,99947b4a75dac885,train
742038371.jpg,3,CMD,d2d84ed43c2d0df1,test
742154911.jpg,3,CMD,c03e2c937fda2552,validation
742278677.jpg,3,CMD,87a255dd11cd594d,train
742410118.jpg,3,CMD,c3aa276347e5c594,train
742519691.jpg,4,healthy,a9b93ae34a5a1999,validation
742539602.jpg,4,healthy,9a4b51eea4469ad5,validation
742622446.jpg,2,CGM,8cc4685aeb9a3cb3,train
742898185.jpg,3,CMD,c1b725e2585e26d5,train
743105570.jpg,3,CMD,c36e7f4761b0181e,train
743135503.jpg,3,CMD,ac137d4f3aa6c641,test
743348334.jpg,4,healthy,92ad78c49977d2a8,train
743721638.jpg,3,CMD,979e15c03eacbb82,train
743850893.jpg,3,CMD,b79b7c90d8326964,train
743945725.jpg,1,CBSD,8b4d6696b9565ca8,test
743999758.jpg,2,CGM,869e232064b53f6f,validation
744348515.jpg,4,healthy,dcd452a614fa06fa,test
744371772.jpg,3,CMD,c6c16cb73943292f,train
744383303.jpg,4,healthy,c7e31ce85760e817,train
744419664.jpg,3,CMD,de040b0b5f7d30b5,validation
744619434.jpg,2,CGM,9495687a1c15e6cf,train
744676370.jpg,3,CMD,93f131a22b954dea,train
744968127.jpg,3,CMD,949f66c73095d2b8,train
744972013.jpg,4,healthy,f1b144b589c9327b,train
745112623.jpg,3,CMD,81ed71bd32f61a30,test
745135323.jpg,1,CBSD,cf9860959b2b653c,train
745226266.jpg,1,CBSD,85d41fa95f1a215e,train
745442190.jpg,3,CMD,8dbe73a1268b85d2,validation
74548158.jpg,3,CMD,86998de3e8f214f4,validation
745566741.jpg,4,healthy,959b798177312665,test
74571802.jpg,4,healthy,b48ff2c30e7043bc,train
745723934.jpg,3,CMD,d2e343f1216c84ef,train
745792080.jpg,3,CMD,c3f64b38ba8b1e81,train
746494129.jpg,3,CMD,c0f02b85795f16b6,train
74649970.jpg,3,CMD,d16f26369903c85f,validation
746746526.jpg,1,CBSD,fce160f8c5a64b94,test
746879421.jpg,0,CBB,b4d972864ac6e4d6,validation
747082270.jpg,3,CMD,f38a0027529cd7db,train
747646454.jpg,4,healthy,85cb209471dec9be,train
747698769.jpg,3,CMD,80fe045666e94f3b,validation
747749936.jpg,3,CMD,9a3d428778c31d5b,train
747761920.jpg,3,CMD,84916a6f16bad2a7,test
747770020.jpg,4,healthy,d0912f9d3e4ce9c2,train
748029556.jpg,0,CBB,bdd0379d0c6623c9,validation
748035819.jpg,4,healthy,c59a3ec16f122d3a,train
748154559.jpg,3,CMD,c1e46acd3786694d,validation
748237612.jpg,3,CMD,c8d336aca9e18ab9,train
748345018.jpg,3,CMD,eca8cc870615e3f3,validation
748404648.jpg,3,CMD,f240bccaf9791469,validation
748448917.jpg,3,CMD,8914fa25f023778f,train
748623930.jpg,3,CMD,d4cc64e1cb63698d,train
748745239.jpg,2,CGM,98bc25f481197af6,test
749023134.jpg,1,CBSD,81a620c3bcfddfc0,test
749210924.jpg,0,CBB,de8c046bcb674c8d,test
749454717.jpg,3,CMD,c7d170384aa59cbd,test
74966012.jpg,3,CMD,e6c5369213bd487c,train
750060449.jpg,2,CGM,9dea2d36499fc0c1,train
750376884.jpg,3,CMD,dbec2cd5d411a788,train
750488061.jpg,2,CGM,d89c57b67832702d,train
750645140.jpg,2,CGM,c8c57bc82ae688ee,validation
75068408.jpg,3,CMD,8da03ecb3472e19e,test
750828465.jpg,4,healthy,e45e6d6050b05baf,train
751463025.jpg,2,CGM,91cf5eeb2980541f,train
751472775.jpg,0,CBB,ca8b273cf4171671,train
752038369.jpg,1,CBSD,f09c05c746c8e7b3,train
752076516.jpg,1,CBSD,a9d34eac8499f869,train
75207996.jpg,3,CMD,d29b36b2438f7c05,test
752382759.jpg,3,CMD,84d67ce8d94e9856,train
752869166.jpg,3,CMD,9bdf7a01c02d86d5,train
752884975.jpg,1,CBSD,d1d376b096240777,train
753116208.jpg,3,CMD,cc135be412bb26ab,train
753470251.jpg,2,CGM,8d164f12eccb82bb,train
753617544.jpg,3,CMD,c1b85d0666a79d53,train
753837203.jpg,4,healthy,a7cc602acdb4de68,train
753901704.jpg,2,CGM,98e356de0f443ec2,train
754110483.jpg,3,CMD,c6c03f7f306c269c,train
754271436.jpg,3,CMD,dcc70655bc4dc037,train
754482252.jpg,2,CGM,d0b730f2cc265379,validation
755073612.jpg,0,CBB,ccce2621d93f04ed,validation
755119269.jpg,3,CMD,c4d0e8e798a9b791,train
755437879.jpg,3,CMD,807e6f2336647933,train
755497707.jpg,3,CMD,deb54b38a09a2799,train
755729450.jpg,3,CMD,952b3bb4c2ac0d7c,validation
755912815.jpg,4,healthy,dca26e909e6137b2,train
755941592.jpg,3,CMD,c58602d30fec35e7,train
75598343.jpg,3,CMD,95e92eb83b9a014f,train
756009491.jpg,3,CMD,84e936da9b447aa5,train
756195820.jpg,3,CMD,84f87b850e306de7,test
756368308.jpg,3,CMD,d5ca2bda9bc9c602,validation
756826989.jpg,2,CGM,a8d68d14c933d7ca,validation
756993867.jpg,3,CMD,c0b64ff331c92635,train
757527381.jpg,4,healthy,9490bcb4e9fe3a0c,test
758001650.jpg,3,CMD,c29331786c8abbd3,train
758155419.jpg,1,CBSD,94bb6ab42b56126b,train
758535635.jpg,4,healthy,89ffd08d6ca033c3,train
758980708.jpg,3,CMD,94de4cd4a4e50797,validation
75951556.jpg,4,healthy,f0b189b1f9a8a8b5,train
759526675.jpg,3,CMD,ded968a4a8a184fe,validation
759532134.jpg,3,CMD,ff9862dc49848fa2,train
759559409.jpg,1,CBSD,9eea13976e526087,train
759626803.jpg,3,CMD,9a0f793ccb13426e,train
759934720.jpg,4,healthy,ebe881c71cb815bc,train
76026574.jpg,1,CBSD,91c86f57794c26a5,train
760333191.jpg,3,CMD,8a9a2723d79a2dc6,validation
760603911.jpg,3,CMD,973f093ea36146b4,train
760650876.jpg,3,CMD,d4b32d8827dd36e0,train
760745341.jpg,2,CGM,88d67c6956aa5157,train
76080816.jpg,3,CMD,c5744f958e3d8aa1,test
760863006.jpg,2,CGM,cf98738e5272218f,train
760916412.jpg,2,CGM,cdd5e9a88ba5c08b,validation
761160675.jpg,3,CMD,93c0203cf3f3da4b,test
761651651.jpg,2,CGM,c1843e787062e7e7,train
761719454.jpg,3,CMD,97b140896833bed7,train
761767350.jpg,3,CMD,c1fb37d048cf6c82,train
762063619.jpg,3,CMD,c8c36d9dfb4f040a,train
762338204.jpg,3,CMD,9bf7634961b807a1,validation
762372916.jpg,3,CMD,cdc01f535a1ee2b4,train
762558370.jpg,3,CMD,81d2697e8caa9b27,train
762652990.jpg,3,CMD,97cc696aa892d5a5,test
763303438.jpg,3,CMD,d54f523bb1056ac5,train
7635457.jpg,0,CBB,dcfa6ab1f8e0a822,train
763642259.jpg,3,CMD,8ce2738c6987cc57,train
76382862.jpg,4,healthy,d1884a6531d5b3bd,train
763846038.jpg,3,CMD,f61cd22967c92a87,train
764093492.jpg,3,CMD,d85a468d0f8e3d3c,train
764276739.jpg,3,CMD,cf8e25f023a71af0,validation
764628702.jpg,3,CMD,c71e2ea18bbec305,train
764713577.jpg,2,CGM,81d07e1cd9a5a6cd,train
764879606.jpg,4,healthy,cbac353b67cea204,train
764956722.jpg,3,CMD,f98d0f9a119f1e90,train
765160322.jpg,3,CMD,97de8d341cd1331a,train
765925416.jpg,3,CMD,de810cdc8b36d947,train
76610968.jpg,1,CBSD,85d16fa6513456e9,train
766741415.jpg,3,CMD,af4207fd00a9f45d,train
766864157.jpg,3,CMD,92c147adb289afd1,test
766908244.jpg,2,CGM,d29953fe151027b5,train
767516217.jpg,3,CMD,96a335c3ad92de81,train
76754228.jpg,3,CMD,86d5933b3bf69480,train
767824748.jpg,3,CMD,f5880e214a7dfac6,train
76786311.jpg,3,CMD,9170357d9f20aa7c,train
767882051.jpg,3,CMD,cee73491cf343318,validation
767931500.jpg,3,CMD,89f0c70ef2234b3b,test
768298131.jpg,3,CMD,8cf0cc0fcfd0633c,train
768729652.jpg,4,healthy,cf1c45c1177ab136,train
768744313.jpg,2,CGM,f26921d50e1f4f34,train
768801643.jpg,4,healthy,d1a635c2235f3876,validation
76889034.jpg,3,CMD,84bd5f0c0bb33879,train
768948562.jpg,3,CMD,d2bb305a4ff60ae0,train
76900399.jpg,3,CMD,92e423c5fbec2436,test
769509727.jpg,3,CMD,ccb20827b383b5fc,test
769621297.jpg,2,CGM,c0da4617ab1ecd71,train
769737121.jpg,4,healthy,90f84ea633999c9e,validation
770022346.jpg,4,healthy,93dd3a514d140f3b,train
770144532.jpg,3,CMD,f12eb1e7f1830f02,train
770243890.jpg,0,CBB,81a67b7a67b29826,train
770348865.jpg,1,CBSD,d1f1f5f5381c4c48,train
770763357.jpg,2,CGM,c5d424ba11dc47d7,train
770913881.jpg,4,healthy,bed443205368fbcc,train
771092021.jpg,1,CBSD,91e159316f396743,train
771269957.jpg,4,healthy,83565abc036d3aab,test
771444014.jpg,3,CMD,e4dc6b2e588d878c,train
771588286.jpg,3,CMD,91c87ead777226c0,train
772210592.jpg,3,CMD,842b6934f1f71ab4,test
772317210.jpg,3,CMD,d0e73e78150f39c4,train
772651285.jpg,3,CMD,aada3ef408ba7944,train
773007484.jpg,2,CGM,d6d9249d218c74e7,train
773130398.jpg,3,CMD,d5b86a99224f570e,train
773139109.jpg,3,CMD,d0c971761c1bcec5,test
773221073.jpg,3,CMD,889e56decc411bc7,train
773525225.jpg,3,CMD,89a235c8eca555dd,train
773722195.jpg,3,CMD,e7982dd056ecce14,train
77379532.jpg,3,CMD,c09e3d6067c7b938,train
77416532.jpg,3,CMD,d99f762bc04506f2,train
774557036.jpg,3,CMD,97a818bb3c436eb4,validation
774618628.jpg,0,CBB,8d9d71d42eb3c3a0,train
774796489.jpg,3,CMD,fa869ad564f53580,train
774801310.jpg,3,CMD,87e5369038bb3497,test
774942626.jpg,3,CMD,c3843cf3e75c0157,train
775786945.jpg,2,CGM,b18c39442ffd9ba0,train
775831061.jpg,0,CBB,d856d5a12b5cb58a,train
775841859.jpg,3,CMD,d2db1d9a52356e84,test
776473897.jpg,3,CMD,cb9e6b331a911aa3,test
776814328.jpg,3,CMD,90ce627149a9abd7,train
777180004.jpg,2,CGM,85c8c15f733a2756,test
777515553.jpg,2,CGM,81c53bf874f87268,test
778084917.jpg,4,healthy,bfe45b8b95825e01,train
778101302.jpg,4,healthy,85967c4bc9662cbc,train
778148477.jpg,3,CMD,8cf81e4e55251ae7,train
778751547.jpg,4,healthy,95d030ff43a3984f,test
77896504.jpg,3,CMD,80e57c623dad5c55,train
779284958.jpg,3,CMD,96b413d44946f4eb,train
779647083.jpg,3,CMD,956148dd6332e3ae,validation
779704473.jpg,3,CMD,9f04463a7cd6789c,test
779799514.jpg,4,healthy,de9a392d62616c63,train
77981157.jpg,2,CGM,f5b63744f13028e3,train
779832601.jpg,3,CMD,89c519a3b5ed25b8,train
779905140.jpg,3,CMD,988a2c9e7b1b4e66,train
780018709.jpg,1,CBSD,dd9d4e2221b1e476,train
780244327.jpg,4,healthy,9ca255e22a27f173,train
780779910.jpg,3,CMD,85bb3fda485591d0,train
780806888.jpg,3,CMD,89d52e7452a2c7da,test
780810143.jpg,3,CMD,d9c6585dec266e06,train
780812090.jpg,3,CMD,d1f7910cb6da6a21,train
78106943.jpg,3,CMD,cd9654ab3a9076b4,train
781215669.jpg,3,CMD,ab56708986da7d2c,test
781490175.jpg,1,CBSD,991671e663ce14d9,train
781539722.jpg,1,CBSD,9ca5157c41bd6275,train
781625622.jpg,3,CMD,9df22ef1068f15c4,train
781748642.jpg,3,CMD,c2256874ffe3b288,train
781807650.jpg,3,CMD,88cd383933db27f0,train
781931652.jpg,3,CMD,c2947cfc25e203bd,validation
782026162.jpg,3,CMD,d92b289a365c97ac,train
782115033.jpg,3,CMD,e1866c4a59a3d85f,train
782478171.jpg,3,CMD,c03a751f0a7a7f24,train
782489487.jpg,3,CMD,91ba3f879c21a46e,test
782802185.jpg,3,CMD,85af523738710cf3,train
7830631.jpg,2,CGM,e0a6c496da13b9f1,train
783137555.jpg,3,CMD,cde4331a11dcac6b,test
78347787.jpg,2,CGM,d08f55357aa52966,validation
783533670.jpg,4,healthy,c3e0e770ecc073b2,test
783558367.jpg,3,CMD,95e6bc71e543a4c8,train
783577117.jpg,3,CMD,86c0642f6d2d753b,train
783771621.jpg,2,CGM,9488616e7cc7a4fc,train
784183735.jpg,3,CMD,d7a82eeec1bf0058,validation
785146800.jpg,0,CBB,859e706bd02bcbb1,train
785210463.jpg,3,CMD,de79257a6181875a,train
785251696.jpg,3,CMD,80d62f3d5a68b1b5,train
785755916.jpg,3,CMD,c234e74ad7f25c88,test
786134670.jpg,3,CMD,c4d3664c3f927e82,train
786431540.jpg,4,healthy,93ca569a6fe1203d,test
786525788.jpg,3,CMD,d1b62bdc0c552e1b,train
786703663.jpg,2,CGM,ce318eb16dc46996,train
787052620.jpg,3,CMD,897e3aa8c5af4c52,train
787314434.jpg,3,CMD,da97454b2520b9f9,validation
787415998.jpg,3,CMD,c0de6e212eef854c,validation
78766531.jpg,3,CMD,d3f50b7e4c3d1320,train
787756871.jpg,3,CMD,9ca05bb550b14fd6,train
787849373.jpg,4,healthy,84fb0ee33ba6e181,train
787914923.jpg,3,CMD,d4bb0ff80ace21b1,train
788188732.jpg,2,CGM,d12c32c6dd95ca4b,train
788479472.jpg,3,CMD,ddbf415803305fe1,train
789395846.jpg,3,CMD,912b78754fbe9190,train
78946276.jpg,2,CGM,929372ccccd2ab55,train
790193480.jpg,3,CMD,88dc7c811acbdf0e,train
790473247.jpg,2,CGM,cedd0640c3a7f1e8,test
790568397.jpg,0,CBB,9995661b81f703ec,test
790574591.jpg,3,CMD,92458eb816ecf5c6,train
790690044.jpg,2,CGM,bbd368e64cc81d0d,train
790756634.jpg,3,CMD,84c64acfed2e3cd0,train
791132731.jpg,3,CMD,9c192e3b1bd24736,validation
791404140.jpg,3,CMD,95802ffa851b9eca,train
79165028.jpg,3,CMD,ccd37c248b313ad9,train
791667524.jpg,2,CGM,82c6b3e486ac76f1,train
791971573.jpg,3,CMD,c19f73026fc65ac4,train
792105357.jpg,3,CMD,c3335f67c08961f4,train
792213146.jpg,3,CMD,99ba4d5e680d988f,train
792366511.jpg,1,CBSD,c0c26fb0f61d88e7,train
792369876.jpg,4,healthy,8cd7286ab05ca6f9,test
792936600.jpg,4,healthy,9f97554b63a53405,train
792953439.jpg,3,CMD,83e559f14f3420f6,train
792990285.jpg,3,CMD,98d54e8eb5356a38,test
793076912.jpg,1,CBSD,95d62bb4d6eaf040,train
793174767.jpg,2,CGM,9843683e6451e76f,train
793206643.jpg,3,CMD,95b85292659747d3,train
793578252.jpg,1,CBSD,add8660df90306f6,train
793897139.jpg,3,CMD,acb61ec7d52a380d,train
793903784.jpg,3,CMD,a5c55b96a25a88b7,validation
794210543.jpg,4,healthy,d7f32f3934159805,train
794333846.jpg,3,CMD,887f018d2c06e3ff,train
794665522.jpg,3,CMD,d58e2db06f742970,train
794817264.jpg,0,CBB,8cdf7233518f940d,train
794895924.jpg,3,CMD,9a68332f18dedcc1,train
795110663.jpg,3,CMD,89c679b3665e30a9,train
795263399.jpg,4,healthy,83c3e6e74cc0eae8,train
795280732.jpg,3,CMD,d1ef0c82651d5cf4,test
795383461.jpg,2,CGM,84a7276f25362b87,validation
795781797.jpg,2,CGM,c03f02eab7989dc6,validation
795796251.jpg,2,CGM,d1c613af0ae85ea9,validation
796369691.jpg,3,CMD,b2b131cf0a9e6e38,train
796761175.jpg,3,CMD,d2ed48b12d59f21a,train
796933103.jpg,1,CBSD,c0883ef8788c77b3,train
797009430.jpg,3,CMD,98234777ea8c19b9,train
797094434.jpg,3,CMD,8b8c687b9c92b72a,test
797310513.jpg,4,healthy,b28a38c15bfec607,train
797580411.jpg,3,CMD,c2d92d2f4e4c0e2f,test
797589607.jpg,4,healthy,ce0062ff60e73ce1,train
798006612.jpg,3,CMD,c4c96d7570e070fa,train
798023657.jpg,0,CBB,d09f623e0d67b494,train
798065416.jpg,3,CMD,d4a624f2df41b0d6,train
798586903.jpg,3,CMD,93ca6ac0ac2f3679,train
79867712.jpg,0,CBB,c9b33c30ce1635da,train
799030211.jpg,1,CBSD,ec9611543bd8e8ae,train
799279391.jpg,3,CMD,86984f8e61c26fcb,train
800065702.jpg,4,healthy,d28f65de1147e0b1,train
800250438.jpg,2,CGM,b1913b959999dad0,train
800501715.jpg,0,CBB,f29312ee642424ff,train
800593866.jpg,3,CMD,89e216f81181fcfb,train
801173555.jpg,1,CBSD,d02d223cf883fcd3,test
801343155.jpg,1,CBSD,d9855f5d79b12105,train
801531661.jpg,3,CMD,c3b96b671303ec85,train
801551318.jpg,4,healthy,8e94f99bf0635138,train
801908113.jpg,4,healthy,d6c11a8a2cd7493f,validation
802174212.jpg,1,CBSD,8da730b4aeab3532,train
802266352.jpg,3,CMD,859731fe112796e4,train
802386066.jpg,3,CMD,80de2fcd21664ebc,train
802718522.jpg,2,CGM,858f9b4d449aa1f6,train
803019874.jpg,3,CMD,d75c6e34663c2073,train
803137962.jpg,3,CMD,95358237db6a9385,train
803511182.jpg,2,CGM,d1663ab11cc8a5f6,train
803527097.jpg,3,CMD,9a30359e6cca34d7,train
803715275.jpg,2,CGM,8cd0340e1fe1d3be,test
803734282.jpg,4,healthy,81dc53365be8a599,train
803873425.jpg,1,CBSD,a4da498de1a57077,train
804056394.jpg,3,CMD,89ba2cf9f898e605,test
804347789.jpg,1,CBSD,8abe79cc46cdc861,train
804353681.jpg,2,CGM,c0cac67815b7db58,test
804506814.jpg,3,CMD,86bc79ea0ea4137c,train
804513680.jpg,3,CMD,87e37e200fc8f81e,train
804520437.jpg,3,CMD,8d91578071caef74,train
804653240.jpg,3,CMD,90f4727c40c9f177,train
80482467.jpg,3,CMD,c4ab25bd24cf433a,train
804847403.jpg,4,healthy,c0920fb819f9f21f,train
80488129.jpg,3,CMD,d43630f65aec4b68,validation
804903970.jpg,3,CMD,f09dfc4002fe1f8a,train
805005298.jpg,3,CMD,9b240df2e6dc4157,train
805152902.jpg,2,CGM,85e17f22a9d58aaa,train
805519444.jpg,4,healthy,98807f34616f5ef0,train
805711898.jpg,2,CGM,ceb92e331cc79c42,validation
805835204.jpg,3,CMD,99362a3f159347c9,test
805915725.jpg,2,CGM,c0cc86f533a35bc3,train
806175300.jpg,4,healthy,d84d78831ef1e9a1,test
806185900.jpg,3,CMD,d07b6b346650f817,train
806357910.jpg,3,CMD,8ee661d77f960130,train
806456552.jpg,3,CMD,9294276b70fb28dc,train
806670613.jpg,2,CGM,b2e29b52d9dd082d,train
806702626.jpg,3,CMD,aaa537c9106f6d92,train
806943895.jpg,3,CMD,8cca7a2f3b879251,train
807063038.jpg,3,CMD,92e171db60e14b5d,train
807086334.jpg,2,CGM,e4b8e8fc69224b27,train
807190211.jpg,3,CMD,ec99d2b6492c7dc0,train
807322814.jpg,3,CMD,f3ab7d193502ce09,train
807555228.jpg,3,CMD,85e564a5b5c6f6a0,validation
807698612.jpg,1,CBSD,c0053bfbcc696555,train
807777679.jpg,0,CBB,929a2533cda65b4d,train
807976846.jpg,3,CMD,c1f120cb6cdb5e98,train
808180923.jpg,3,CMD,93a6a80dd753a9aa,train
808194984.jpg,3,CMD,d1e23ace5732714a,test
808416790.jpg,0,CBB,95076b7d606316ea,train
808606006.jpg,2,CGM,94c31abd6126d9ce,train
808870213.jpg,3,CMD,9dbc33a8cc8033bd,train
809104607.jpg,2,CGM,d8e63e8e2b383c86,test
809330872.jpg,3,CMD,d5257b662d42321f,train
809359953.jpg,3,CMD,9c95499337dd8692,validation
809489252.jpg,3,CMD,dc934ef8e4a713a0,train
809808575.jpg,3,CMD,bff216b664842d54,train
80998969.jpg,3,CMD,84ca3ead53aa1c6e,train
81000729.jpg,3,CMD,c6f6349be32744c8,train
810282945.jpg,3,CMD,91af262744dd4abc,test
810351903.jpg,3,CMD,c2b47c2e587fc11c,train
810511060.jpg,3,CMD,c1fd1a0bb7944c63,train
810720134.jpg,3,CMD,8da42da7a6e4a4ec,validation
810859265.jpg,3,CMD,80163fcc677f7111,train
810886166.jpg,3,CMD,c5e26d1d46fc4c92,train
811026048.jpg,1,CBSD,c0cff884c4da732b,train
811520495.jpg,3,CMD,b2da4c6c46e04f3d,train
81164598.jpg,3,CMD,a53b2d2e4e4bcad0,train
811696349.jpg,3,CMD,968a7a4c4f0e6cf2,train
811732946.jpg,4,healthy,8acb4dd438b1f153,train
811928525.jpg,3,CMD,abc4435252b9565f,test
812377482.jpg,2,CGM,c1c3dcac3aa663e2,train
812408252.jpg,3,CMD,e1bd4aaf34ca6258,train
812524479.jpg,4,healthy,f189f1bf89892da0,train
812733394.jpg,0,CBB,c19d63f03e45ad38,validation
8129389.jpg,3,CMD,d67561b96d9254a4,validation
813017538.jpg,3,CMD,c58c32bb74814bfc,train
813060428.jpg,3,CMD,b8d8700727b66f49,test
813110259.jpg,3,CMD,90eb4e416f4e0dd3,train
813217011.jpg,4,healthy,854a55bf657c4447,train
813262235.jpg,3,CMD,a49f3839e904ddf0,train
813361567.jpg,3,CMD,c896669727bc7684,train
813435800.jpg,2,CGM,e5e45dc714459e52,validation
813509621.jpg,2,CGM,938b2691ade6c3e4,train
813688651.jpg,3,CMD,d59e26dc59610eb4,train
813697698.jpg,0,CBB,94cb7bd061a4696d,train
813744167.jpg,4,healthy,a8edb9d1c5c69382,validation
813751338.jpg,3,CMD,d4fc01023eb9df58,train
814020712.jpg,3,CMD,d1f819ddfd2920c2,train
814026139.jpg,3,CMD,d1f92c07868c7af2,train
814045052.jpg,0,CBB,85ca1a35e5ce958b,train
814122857.jpg,4,healthy,9c9063f6d655989a,train
814185128.jpg,3,CMD,c39727d233f9a888,train
814288392.jpg,3,CMD,97c5728b58197cca,train
814547184.jpg,1,CBSD,d03c05dc3be669b1,train
814722861.jpg,0,CBB,d6e660de4484b72b,train
815181959.jpg,0,CBB,958a75f71ac136a1,test
815227743.jpg,3,CMD,85297b38c5e532c7,train
815702740.jpg,3,CMD,9ae5729927f0a19c,train
815758241.jpg,0,CBB,98c2679192ae593f,validation
815952257.jpg,3,CMD,d98273273b7919c1,train
816404060.jpg,3,CMD,f95674201ce73d64,train
816584530.jpg,3,CMD,8ceb340c2eb367b1,train
816689138.jpg,3,CMD,837a27254c715c3f,test
816704728.jpg,3,CMD,9198eeb68ed6444b,train
816704735.jpg,2,CGM,86125edbb6271e32,validation
816935625.jpg,3,CMD,80ce3cdbb9d385a2,validation
817366566.jpg,3,CMD,d4db3b282b4c5c9a,test
817459754.jpg,3,CMD,c19979237229c3b7,train
817545586.jpg,1,CBSD,9e9ef32e445081dd,train
817778981.jpg,3,CMD,b0ce03c7390da7e9,train
817893600.jpg,3,CMD,95ca31bb4db13709,train
818188540.jpg,3,CMD,c4ba1a2d3756d6b0,train
81845086.jpg,3,CMD,90957ab563955ae4,train
819599194.jpg,4,healthy,835f6eb06ca8c356,train
819600313.jpg,3,CMD,da9a25f05c076e69,train
819817921.jpg,3,CMD,9cf06566f6d37090,validation
820562857.jpg,3,CMD,85bc30d92e1a16f7,train
82105739.jpg,2,CGM,c3b4728d24c3c7cd,train
821382382.jpg,4,healthy,9269c1b5cdec1696,train
821592762.jpg,3,CMD,d0b76baf2c6ac818,train
821706868.jpg,3,CMD,d0cb3907fe708f42,train
821895788.jpg,2,CGM,b6bb5e240793c0ba,train
822120250.jpg,0,CBB,83f42b82fd24536d,train
822187943.jpg,3,CMD,95e19cd06e7a68b4,validation
822444900.jpg,3,CMD,d30cf1366bf53241,train
822532439.jpg,0,CBB,99a532c82f1dc679,train
822641071.jpg,1,CBSD,c12b31329e6de5b2,train
82290706.jpg,4,healthy,d2d0682f23bdad94,train
823167906.jpg,2,CGM,b4847cc7417c86bd,train
823276084.jpg,4,healthy,d457672faad23085,train
823280173.jpg,3,CMD,8db63ca386392d3a,train
823298994.jpg,1,CBSD,d1c92cb1c3a8873f,test
823483380.jpg,3,CMD,9cf784df810f6017,train
823568510.jpg,3,CMD,95102539f96fc2b6,train
823914480.jpg,3,CMD,905549f8f4b63335,train
824321777.jpg,3,CMD,c3bca0f68ef0b889,validation
824361434.jpg,3,CMD,981c4a985edad772,train
824408929.jpg,3,CMD,d1956e60635ae93c,validation
824489541.jpg,3,CMD,87c4726b6fa00377,train
824766892.jpg,3,CMD,c4f3679f35497101,train
824811574.jpg,1,CBSD,c1b12619cef01ddb,train
825263308.jpg,3,CMD,84d5f1845ed20e5f,train
82533757.jpg,1,CBSD,838e646b2fad584b,train
825340900.jpg,4,healthy,9b6be28456d0d672,train
825527127.jpg,3,CMD,8f995337384b3147,train
825551560.jpg,2,CGM,c4ae6c7e5996584c,train
825637783.jpg,3,CMD,a53e78f2c6da4225,train
825877957.jpg,1,CBSD,889505fa5ba8f789,train
826144344.jpg,3,CMD,94a2549957e93877,test
826231979.jpg,1,CBSD,c9643eda618f3cc1,test
826288261.jpg,3,CMD,c3e016f46b626a79,validation
826306862.jpg,3,CMD,cb3f4d8170ed059a,train
826682979.jpg,3,CMD,dba1265202277dbb,train
827007782.jpg,2,CGM,c8bf38e9c2039d96,validation
827085399.jpg,3,CMD,ce0778443fada398,validation
827134808.jpg,0,CBB,abdb4f3660156a61,train
827159844.jpg,3,CMD,e9d43dba22e646c4,train
827284043.jpg,3,CMD,93a078577d8e0bc9,validation
827738585.jpg,4,healthy,91855e785173745e,train
827746278.jpg,2,CGM,9b5ae0166cb45ea9,train
828383067.jpg,3,CMD,97fb0bcca2d52b04,test
828472143.jpg,4,healthy,c2c2031ef6e361e7,validation
82853961.jpg,4,healthy,c0d3189d72fd7a90,train
828576182.jpg,3,CMD,95863a5e2b613637,train
828740814.jpg,2,CGM,c576359b0390dc2f,test
829018445.jpg,3,CMD,99b328376e0d712e,train
829043523.jpg,3,CMD,93c3528ec8ed64ab,validation
829062180.jpg,4,healthy,80b75e9a68b4df18,train
829236675.jpg,3,CMD,d6a37ad45b4d2a84,validation
829442901.jpg,3,CMD,d6e36e58ccaa2153,train
829448982.jpg,3,CMD,a6027ccbd709f683,train
82972530.jpg,3,CMD,8ddff6c4b008b1e2,train
829746450.jpg,3,CMD,89f5268bc82d87f1,train
829835342.jpg,3,CMD,89c663e576093e39,train
829974709.jpg,3,CMD,85f8230cf01f7dc6,test
830055343.jpg,3,CMD,d55c71a5464c93b9,train
830213771.jpg,3,CMD,dce3989463ee924c,validation
830231464.jpg,3,CMD,8bd8380d3f163d63,test
830369134.jpg,3,CMD,dc816e405bf6c786,test
830380663.jpg,3,CMD,80cba65667a752ba,train
830574932.jpg,0,CBB,81ac3eae3e5527a4,train
830740908.jpg,2,CGM,d5c273249b679073,train
830772376.jpg,3,CMD,91db3e971662b078,test
830793434.jpg,3,CMD,b00e6f7b78d4c0c5,train
830812751.jpg,0,CBB,8e646091d1bded6a,train
831001239.jpg,3,CMD,d5f85e4529674869,train
831187317.jpg,3,CMD,90a422ac17fba67b,test
832048490.jpg,3,CMD,84ff7e90444669e5,train
832387974.jpg,3,CMD,d4993025d7d97526,train
832440144.jpg,3,CMD,ac8d4d8a5a537273,train
832593154.jpg,4,healthy,c48164dc3f1ee1a7,train
832729024.jpg,4,healthy,cdac2841dd99bd4c,test
832785383.jpg,3,CMD,d0f645144de2676b,train
832869230.jpg,3,CMD,d5996d6c72dd4860,train
833082515.jpg,0,CBB,cae2be998146959d,train
833188663.jpg,3,CMD,c78f36b07c3c168a,validation
83335504.jpg,2,CGM,93af1d854393d645,train
83337985.jpg,3,CMD,97c76d812cc31679,train
833453231.jpg,3,CMD,a3e6325cad09537a,train
833472737.jpg,3,CMD,c48b569fc2d28f32,train
833499440.jpg,3,CMD,96c1412b666b1fa7,validation
833599102.jpg,2,CGM,d3b854ef60831ab9,train
833990099.jpg,3,CMD,93cd2e73420fa3d2,train
833991576.jpg,3,CMD,91e354f91f9a608e,validation
834011850.jpg,3,CMD,c6834c423ae737b5,train
834333640.jpg,3,CMD,973935a16b370758,validation
834357600.jpg,3,CMD,fded27a0a0274764,validation
834601546.jpg,3,CMD,dde163c862a1a8bb,train
835290707.jpg,1,CBSD,bc9e6327bf006296,train
836250152.jpg,3,CMD,85754cd991cefa09,train
836310616.jpg,3,CMD,9ce27393264d9b85,train
836320036.jpg,3,CMD,c0803ded3ede652c,train
836430127.jpg,3,CMD,ca1106e957f6a98d,train
836589560.jpg,1,CBSD,e48b60c2196f3bad,train
83715695.jpg,3,CMD,879c64e69596b4a6,train
837412690.jpg,4,healthy,e51ca1d748c7ec2a,train
837521873.jpg,2,CGM,9feb0652a456e534,train
837916123.jpg,3,CMD,9a200fdfb57841ae,train
838106879.jpg,1,CBSD,99f768a087893d27,train
838121109.jpg,3,CMD,81ae3bcd507b3649,train
838136657.jpg,1,CBSD,d1fc7ac3dc819550,validation
83814661.jpg,2,CGM,87d80e1b0def8974,train
83815023.jpg,3,CMD,8ed229addbea250a,test
838198963.jpg,3,CMD,a88c1b2fad35b2f0,test
838294593.jpg,4,healthy,cac334d66a4a6b27,train
838404479.jpg,3,CMD,d30f69564bad4e50,train
83870062.jpg,4,healthy,8dcc6c7673731298,train
838734529.jpg,3,CMD,e89173ce95c64b31,train
839547710.jpg,3,CMD,a4b46b85575b750c,train
839709957.jpg,3,CMD,8ba07f830af9a49b,validation
839823259.jpg,3,CMD,9d6371c7cc132f03,train
840009401.jpg,3,CMD,8d79327827cd5c92,test
84024270.jpg,3,CMD,86786bbdd8a30635,validation
840541858.jpg,4,healthy,86ec666e6e4c446d,train
840828184.jpg,4,healthy,a68f56637326454e,train
840889363.jpg,3,CMD,83c716a5cf40597b,train
841248971.jpg,3,CMD,96914ad2e52d1ef4,train
841447930.jpg,3,CMD,81f64cee1bd03ec1,train
841741628.jpg,3,CMD,d5212fb45a493d3c,validation
842361914.jpg,3,CMD,c1f13e9b31860d3d,train
842480567.jpg,2,CGM,ca6c6367a6b2c938,train
84269918.jpg,4,healthy,8906f20f37e3ce38,train
842889608.jpg,3,CMD,952d6d9c59d2641d,test
842973014.jpg,2,CGM,c09777ec1eb083ca,train
843004516.jpg,3,CMD,87a9aba4aac5c4cd,validation
843145973.jpg,3,CMD,d1db58355292593b,train
84339133.jpg,2,CGM,a1967d3d81942ef4,train
843483418.jpg,3,CMD,90c276784f25eb4e,train
843529789.jpg,3,CMD,c093280a7f3e17fc,train
843818406.jpg,3,CMD,979818031f7d69f2,train
844267975.jpg,2,CGM,90f34051639d4df7,validation
844410022.jpg,3,CMD,c1c5275e27e50e69,test
844432443.jpg,3,CMD,9cf43bb40e8bd506,train
845131319.jpg,3,CMD,95fb13170c2d8cc7,test
845640217.jpg,3,CMD,819296d2bfd197c4,train
845869703.jpg,3,CMD,93a5eda25c15aa2b,test
845926406.jpg,2,CGM,94dc18ee7ac265a5,train
84598209.jpg,3,CMD,87b453daa90d13f2,train
846123439.jpg,3,CMD,d447683d3c3c0de9,train
846141770.jpg,2,CGM,e1e5629b3166f88a,train
846277174.jpg,4,healthy,a4fa24b26c6338be,train
84635797.jpg,4,healthy,cee679936504352d,validation
846434156.jpg,3,CMD,ae4510e4deed4c3a,train
846591139.jpg,4,healthy,b89e9cab9ec48cd0,validation
846734911.jpg,3,CMD,c4f10f75474678b1,test
846824837.jpg,4,healthy,d4ca2f8459457de1,train
84689733.jpg,1,CBSD,dde70fa7402e8a16,train
847112619.jpg,3,CMD,c49632bf325a351d,train
847187108.jpg,1,CBSD,82cc689c6f1e317b,validation
847229985.jpg,3,CMD,931c7fa147c85555,train
847288162.jpg,3,CMD,c1377ad23b79c610,validation
847610100.jpg,3,CMD,91f87ff2714e40c1,train
847847826.jpg,1,CBSD,c1331eadf2032df4,test
84787134.jpg,1,CBSD,9cd2561a299339be,train
847938979.jpg,4,healthy,8af67dafae570400,validation
847946899.jpg,3,CMD,dbfa2d0b52ce5121,train
848013707.jpg,4,healthy,c18635a06bfe6ac6,test
848032997.jpg,3,CMD,a8dfe9d4ea028d68,train
848164169.jpg,3,CMD,980432f3deb86dca,test
848445335.jpg,3,CMD,d4833e9c2299d2ed,train
848551484.jpg,3,CMD,83d336aab496c07e,test
84878474.jpg,3,CMD,95ef14bc09c136d3,train
848914861.jpg,3,CMD,86e66138da739cac,validation
849133698.jpg,1,CBSD,94696698730e63f3,validation
849182498.jpg,4,healthy,c8181aa597fe8b69,train
849184144.jpg,4,healthy,decb25f1329160f4,train
849308241.jpg,3,CMD,b6a925d4fa8155a6,train
850135313.jpg,3,CMD,8bd6535ce96b8c12,train
850170128.jpg,3,CMD,915c6b4393f918ba,train
85027801.jpg,2,CGM,8fe06cdcec3d204d,train
850402862.jpg,3,CMD,c9877c889366cea9,train
851063850.jpg,3,CMD,97586fc10cb77906,train
851274376.jpg,1,CBSD,89a53c5bc9e10d3b,train
851313778.jpg,2,CGM,c1815bd948575bb5,train
851345669.jpg,3,CMD,9ad161a6a061b777,train
851450770.jpg,0,CBB,d0cf62251edd3c64,validation
851525462.jpg,3,CMD,f2975cae1c680ad6,train
851527428.jpg,3,CMD,c31c346f7de4130d,train
851594010.jpg,2,CGM,de712faa994064d5,test
851691285.jpg,2,CGM,91f67eb84412ed64,validation
851791464.jpg,3,CMD,c18a3236d779587a,validation
852177343.jpg,1,CBSD,d42b470ff69c5606,train
85222011.jpg,3,CMD,d7e56a3a099ea702,train
852377476.jpg,3,CMD,d54e74738d1b09a6,validation
852424690.jpg,2,CGM,97dc62cc1f218aab,train
852636262.jpg,3,CMD,d1f12d911dc9c89b,train
8526431.jpg,3,CMD,d197645932cc6973,validation
852760236.jpg,3,CMD,cd8542681febbd41,train
852886751.jpg,3,CMD,bfe0ca8b772c06d0,train
853854962.jpg,1,CBSD,ccafe9cb70d94122,test
854018271.jpg,1,CBSD,99d031c7bee55207,test
854102052.jpg,4,healthy,b49f454dede0e02c,validation
854205384.jpg,3,CMD,e4116b313666571f,train
854309880.jpg,3,CMD,954e79c394e46a3a,train
85453943.jpg,1,CBSD,9e4a5f0b5809af65,test
854627770.jpg,3,CMD,c2f64d4d34b85363,train
854773586.jpg,3,CMD,9ced23966b7480da,train
854883118.jpg,3,CMD,dffad103503b4e21,train
855456135.jpg,3,CMD,c9ec68fd048ae953,train
855496041.jpg,3,CMD,fa973138ad6a4662,train
856327781.jpg,3,CMD,9ca939989dada88e,validation
856446971.jpg,3,CMD,ad302de33ba46ca9,train
85709703.jpg,3,CMD,99f0638466b37d46,test
857136897.jpg,3,CMD,d1e43ee720347366,test
857300948.jpg,3,CMD,8266082f9fb0cede,train
85739324.jpg,1,CBSD,94ec6e6415bd9b14,test
857551546.jpg,2,CGM,8431783334ebcab7,train
857708502.jpg,3,CMD,99ea1494d66a53f4,validation
857728426.jpg,1,CBSD,d2ad39de0232e31b,train
857836383.jpg,3,CMD,9517173c36ad0d39,train
857910285.jpg,1,CBSD,95a268ed8cd15b93,train
857934902.jpg,4,healthy,93e086c938f3615f,validation
857983591.jpg,3,CMD,e8f433115b09a3f6,test
858147094.jpg,3,CMD,d1f16c03112fa5d7,train
858578370.jpg,2,CGM,85901feccb89267b,train
858590964.jpg,3,CMD,cccd68c8ca6859eb,test
85888563.jpg,3,CMD,d5b449e67a420fb8,test
859362925.jpg,3,CMD,ccb76d99c65a6026,train
860103938.jpg,2,CGM,847b47f251adf901,train
860267524.jpg,3,CMD,ce9c20b736b1b12b,train
860380969.jpg,4,healthy,8ecf4af01ed348ac,train
860415279.jpg,4,healthy,d5f2be8db688444a,validation
860744310.jpg,0,CBB,8ceef1dbb6348244,train
860758884.jpg,3,CMD,d69d5ea924f94078,train
860785504.jpg,2,CGM,c4d7315784b6176c,train
860826658.jpg,3,CMD,81e32fca785c4f94,train
860926146.jpg,3,CMD,841935335a5f75d4,train
862068300.jpg,3,CMD,81cc1ca13979daf3,validation
862141742.jpg,3,CMD,c4e7c4e83a9b03e6,train
862706097.jpg,3,CMD,c48522f765450fde,train
86271785.jpg,4,healthy,e78e7d0478e8a8a9,train
863348541.jpg,3,CMD,d19327a7e444b99a,train
863369540.jpg,3,CMD,fac52ae84ab77089,train
863550761.jpg,3,CMD,e48966d974d72926,test
863785025.jpg,3,CMD,8ee36aaad4322f52,train
864235203.jpg,2,CGM,95cd3f1ac4cf3442,train
864600398.jpg,4,healthy,90ec61f36881fc76,train
864636811.jpg,3,CMD,c4c002bafdce25f5,validation
864816883.jpg,3,CMD,e2fce1c0de4e0636,train
864903108.jpg,1,CBSD,94b91fbda4952531,train
864933566.jpg,3,CMD,accd264936c9e732,train
865580599.jpg,3,CMD,93ec029b6ab198f9,train
865733342.jpg,4,healthy,c1f1134b2c4e7bd8,train
866479018.jpg,1,CBSD,95c862652a97f8da,train
866496354.jpg,3,CMD,8699e7b50d653926,train
866506259.jpg,1,CBSD,9ccc58c9d9f5122b,train
866605488.jpg,3,CMD,95d03d3e272f134a,train
867025399.jpg,4,healthy,88cc2b952a2e1f6f,train
867127390.jpg,1,CBSD,cc8417d791d38367,train
867622395.jpg,3,CMD,83ec599c58274df2,train
867855885.jpg,4,healthy,9799024b7843eade,train
868228069.jpg,3,CMD,873d6b769c411ea2,train
868275841.jpg,0,CBB,87bc728529f96964,test
868625768.jpg,3,CMD,97e26cf22942a6d6,train
86890165.jpg,3,CMD,924b3499cb32f1f8,train
870197588.jpg,3,CMD,b698b8b0ac59cb59,train
870659549.jpg,1,CBSD,c36b27f09a911d8b,validation
870679029.jpg,2,CGM,d32e022b2c5e5b73,train
870967605.jpg,3,CMD,94e018d9acca8bf7,train
871035730.jpg,3,CMD,95e04b4e7a8de586,test
871044756.jpg,3,CMD,b6de340af8f9c848,test
871153188.jpg,3,CMD,d2a888acef88f8e9,train
871251409.jpg,3,CMD,d1ba20ee66d83c96,test
871333676.jpg,3,CMD,88bb39b853f96c81,validation
871530899.jpg,3,CMD,dfc614bc71a5cc14,train
87170987.jpg,3,CMD,d16c1f786a87154e,train
871711168.jpg,4,healthy,bcc02ac5339573f8,test
871726672.jpg,3,CMD,91d60f74033d5ccd,test
871966628.jpg,3,CMD,c18e27ada1d17a78,train
872344634.jpg,3,CMD,a19d645b6a4f7c42,train
872498616.jpg,4,healthy,c8af6fc07e602b13,train
872590456.jpg,2,CGM,94ac342d28b77f64,train
872771572.jpg,2,CGM,c186202d3cb8bf7d,train
872791534.jpg,3,CMD,9ec23c98819db6e6,train
872798260.jpg,3,CMD,ea9872439d9f68c1,train
872856215.jpg,3,CMD,81e776b513c23c3a,train
872867609.jpg,1,CBSD,9df20b8fd6524b48,test
872917593.jpg,2,CGM,8ed83eba41cba4b4,test
87295869.jpg,2,CGM,89876eaa8f6ab12a,validation
87302244.jpg,3,CMD,98c26af2370f0773,train
873095310.jpg,2,CGM,8cf16eac500eafb4,train
873125819.jpg,3,CMD,e9d44f3d0a139b98,test
873205488.jpg,3,CMD,e391467347d9c698,validation
873468650.jpg,2,CGM,c68c3d7a03ccb770,train
873526870.jpg,3,CMD,96d9043876ee6873,test
873637313.jpg,4,healthy,87d722eda3ccc388,train
873720819.jpg,3,CMD,82d13a0b603e4ff7,validation
873753078.jpg,1,CBSD,87915de694e4b41e,train
874590064.jpg,3,CMD,8b9f2a3c68e73468,train
87470037.jpg,3,CMD,989c74f6f4c5a4a1,train
874716908.jpg,3,CMD,a63b4fe801df9113,train
874878736.jpg,3,CMD,87cb68e868b0ecae,validation
875205703.jpg,3,CMD,c6ce3af42a83cba1,validation
875229192.jpg,3,CMD,8aab469364786dd5,validation
875360512.jpg,3,CMD,de813cf309c03dcd,train
875582353.jpg,3,CMD,a8d833a80f85f17b,test
87567596.jpg,3,CMD,c5b66dcc1d98c649,train
875836279.jpg,3,CMD,c38466d0b9c69a3f,train
875889242.jpg,3,CMD,c19393d2d3e38ed0,test
876450779.jpg,3,CMD,8128679c7b353aec,train
87653700.jpg,3,CMD,d05c4e8e4f2d6e70,train
876588489.jpg,3,CMD,9d053cda2d5d79a0,test
876612201.jpg,3,CMD,9197788bb09ad674,train
87664918.jpg,3,CMD,dacafacaaa0e02ae,test
876666484.jpg,3,CMD,98e738db69c63c06,test
876953624.jpg,3,CMD,b7d0c2f81e6ac171,test
87703299.jpg,0,CBB,d5db6c218e68c5b8,train
877430309.jpg,3,CMD,98986a999b8efaa2,train
877739255.jpg,1,CBSD,85d94eb2a9cd5a2c,train
878020784.jpg,3,CMD,92db7dadca49940c,train
87817214.jpg,3,CMD,e095632ab6973f41,train
878183173.jpg,3,CMD,e1193e58396b3a6c,validation
878188830.jpg,0,CBB,cece4f0708382f73,train
878287964.jpg,1,CBSD,a99669075b25da35,train
878628068.jpg,3,CMD,9cf2b74424cb432f,train
878720080.jpg,3,CMD,d294643a994a7e79,test
878936941.jpg,3,CMD,c5b161cb3e7e2c60,train
879089403.jpg,3,CMD,dbc812d94994d2f3,test
879360102.jpg,3,CMD,cba0a8ccb0d3d65d,test
879395678.jpg,2,CGM,c5a53ade31063cd3,validation
879939600.jpg,1,CBSD,c48b4c37db1b07c6,train
879965131.jpg,3,CMD,89f738442c1be39e,train
880178968.jpg,4,healthy,819e30271973e67d,train
880913529.jpg,4,healthy,d4cc0cf2413e3ee3,train
880947570.jpg,3,CMD,d6b929ce5813dc92,test
881020012.jpg,4,healthy,92136b6467ec6d29,test
881299929.jpg,4,healthy,87f443f869259e62,train
881681381.jpg,2,CGM,cbd934d69a4a9b41,train
881721336.jpg,3,CMD,d9d5ea3156cb4e20,train
881727330.jpg,4,healthy,c8e588c52bd7b651,train
882292084.jpg,3,CMD,d48544dd64ce893f,train
883103193.jpg,3,CMD,d4231eb3c5d84736,train
883338295.jpg,3,CMD,8cc2767202bc3ded,train
883362689.jpg,3,CMD,80573f4b0f347cc3,train
883429890.jpg,3,CMD,d3803dc3c4ba0ff4,train
883807735.jpg,3,CMD,929b3b96b9a6a431,train
884267453.jpg,2,CGM,ead617b0522f342e,train
88427493.jpg,4,healthy,d4e63894f2c884df,train
88427642.jpg,2,CGM,eb914b1c568e693c,train
884360889.jpg,3,CMD,94c46f2b20c8f3cf,train
884573629.jpg,3,CMD,95db4705584ef1cc,validation
884612746.jpg,4,healthy,9da52d87071f4a6a,train
884672332.jpg,4,healthy,c0b79e8ea6a386ac,train
885231391.jpg,1,CBSD,b4d9535161db82e6,train
885374983.jpg,3,CMD,dbb4341b01ba7c71,train
885474029.jpg,1,CBSD,90b93f70ac59f4c4,train
886180513.jpg,4,healthy,9ebc25885a5e9a53,train
886212263.jpg,3,CMD,d4e26a12069f5f66,train
886449535.jpg,0,CBB,d13f32436ef25941,test
886468951.jpg,3,CMD,dc14845c807d9d7f,train
886507028.jpg,3,CMD,c1b84d7c33dca44b,train
886793145.jpg,3,CMD,85f8ddf0a1ff10c0,test
886973933.jpg,3,CMD,e5755b46188b29f1,test
887146964.jpg,3,CMD,94f149f22966d6ac,validation
887272418.jpg,3,CMD,aff545c0c8a9ba15,train
887328137.jpg,2,CGM,c893f0e29bd9c689,train
887896841.jpg,3,CMD,fcbe32a4f5a203d0,train
888139689.jpg,3,CMD,d4d0734934c8eb37,train
888266861.jpg,1,CBSD,94d32aa799fc8916,train
888332390.jpg,3,CMD,96b50ba646f101ef,validation
888355689.jpg,0,CBB,de87285a5556b5a8,train
888503637.jpg,3,CMD,cf5122df9a2438dc,train
888578440.jpg,3,CMD,868d7c6711067fb8,train
88884986.jpg,3,CMD,d69c3beb0b412327,train
888983519.jpg,3,CMD,96bcf8c387c34147,train
889052134.jpg,3,CMD,8e937e36b3819874,test
889645201.jpg,2,CGM,dc086b33d67261b9,test
889769958.jpg,2,CGM,81d66b6d9a36c946,test
889797204.jpg,3,CMD,cb9d34c5595244b7,train
889990340.jpg,3,CMD,80df2ee22f385d52,validation
890004895.jpg,3,CMD,de480233386db9de,validation
890232152.jpg,3,CMD,c09d0f917ca3b4f1,test
890494248.jpg,1,CBSD,d3c162e3057b3e38,train
890852512.jpg,1,CBSD,de8e8aa039f4499e,train
891029839.jpg,3,CMD,932c1e334f4e952d,validation
891320496.jpg,1,CBSD,f29c0d47fc800f1f,train
891426683.jpg,3,CMD,b75276297309f1c2,train
891797832.jpg,3,CMD,ce9c39c32182ee76,train
891874541.jpg,1,CBSD,b19167674f4b00fa,train
891967804.jpg,3,CMD,ceec3234c903ec76,train
892025744.jpg,3,CMD,9ee229686ae52f86,train
893035.jpg,3,CMD,c0c5e2e2f1b3346b,test
893103956.jpg,1,CBSD,8af1569869476537,test
893564766.jpg,3,CMD,c18322734527fee3,validation
89393849.jpg,3,CMD,f3c681983c1425ff,validation
894286115.jpg,3,CMD,94d14aa982f55fd2,validation
89450181.jpg,4,healthy,cc9b310bc7767606,train
894506110.jpg,3,CMD,9df10f3ff08819c1,train
894849758.jpg,3,CMD,872737cf9458d494,train
895206716.jpg,3,CMD,ccbb03c13f1dd8a2,validation
895280240.jpg,3,CMD,c2fc04e96bda3d21,train
895356426.jpg,3,CMD,d78237d121201ff7,train
89587006.jpg,3,CMD,b49636a92d3c4db1,train
895910836.jpg,2,CGM,d98e39c20df70639,validation
896047900.jpg,4,healthy,918a38a4d959eebc,train
896277237.jpg,3,CMD,c2b4375238f613d5,test
896983896.jpg,2,CGM,c3ca69c6d6c4ab38,validation
897274381.jpg,3,CMD,c88f787b317d610c,train
897533656.jpg,3,CMD,97c4117a6ad93897,train
897638042.jpg,0,CBB,cb9e781a122531fe,validation
897739604.jpg,3,CMD,c0426f69619cfae6,test
897745173.jpg,3,CMD,e9eb769201cc7d90,train
897925605.jpg,3,CMD,9ab7335a5daa5428,train
897929380.jpg,3,CMD,80bc01b3eced5f0d,train
898210047.jpg,3,CMD,d2842abe28b7baaa,train
898358711.jpg,3,CMD,bac1259cdcc9273a,train
898386629.jpg,3,CMD,d478688175ebc572,train
898578569.jpg,3,CMD,8496716e295f4acd,test
898753077.jpg,3,CMD,d035ec0358b97676,train
899172508.jpg,3,CMD,94a315dbcd5660d6,test
899398361.jpg,3,CMD,ca8e239c199f30bb,test
899918978.jpg,3,CMD,ccca59f9d3854b22,train
900061330.jpg,3,CMD,904e4bf445bcb4ba,validation
900061372.jpg,3,CMD,c1cb7ceb63741688,test
900067937.jpg,1,CBSD,8f741ba550aa375a,train
900415263.jpg,3,CMD,ebf0f6e8544a5528,train
900445109.jpg,3,CMD,82cb768a97e2b3c4,train
900587637.jpg,3,CMD,d3935a5f15e80d4a,validation
90091578.jpg,3,CMD,f880113a7cf26c3f,train
901055316.jpg,4,healthy,cdfa7e4907b4f800,train
901063337.jpg,3,CMD,c9ec61994df2f00d,validation
901196930.jpg,1,CBSD,87f863091c6dfc70,train
901274607.jpg,4,healthy,90ae69f41b7c1a6a,train
901404486.jpg,0,CBB,9d7c6aa1561a1eb1,train
901443823.jpg,1,CBSD,90936eabe862f88e,train
901886086.jpg,3,CMD,c9e329eb0f83243e,test
902007589.jpg,4,healthy,86cc4e6446cbcb97,train
902139572.jpg,3,CMD,93cf02333df4888f,train
902299178.jpg,3,CMD,822ff1571e9c3a34,train
902300140.jpg,4,healthy,948e3ef425b6b4b0,train
902429772.jpg,1,CBSD,c11e60c7d8e51ee5,train
903186998.jpg,3,CMD,d9482c9b71fd90b8,train
903252353.jpg,4,healthy,f1c90f8ba994c9a5,test
903309442.jpg,3,CMD,c3866c5f22bde154,test
90333661.jpg,4,healthy,9adb6e2a4d4c9b21,train
903439156.jpg,3,CMD,96c9723d96933394,train
90391907.jpg,3,CMD,c2930bce79d2c86d,train
904192489.jpg,3,CMD,c05516bc69cc6773,train
904658704.jpg,2,CGM,d9a679d182a1e0fc,validation
904699922.jpg,4,healthy,c1877e923c526be8,test
904750787.jpg,1,CBSD,92b13dd2606aafa5,train
904785196.jpg,3,CMD,ce596384deaac958,test
904850856.jpg,3,CMD,c19c1893f32f5e85,train
905336234.jpg,1,CBSD,89d43a246b39773a,train
905387859.jpg,3,CMD,933d631f623e894a,train
90543852.jpg,3,CMD,8cbdeb4bb4c90346,validation
905776324.jpg,3,CMD,e6be5375a4a18d09,train
90606533.jpg,0,CBB,aa6e043e6f28e3b1,train
906115763.jpg,3,CMD,9157166c0ffe60e1,validation
90625412.jpg,3,CMD,d1dd9ec6c0f29864,train
90670123.jpg,4,healthy,c6d290376e589b96,train
906750363.jpg,3,CMD,c29a2bc8704e67bd,train
906773049.jpg,3,CMD,dac16e3ebac003e6,train
907434734.jpg,2,CGM,c0c17bc183f9f1d1,train
907691648.jpg,3,CMD,c4c00dc3febd32b8,validation
907755458.jpg,3,CMD,f11b5b0b5d7489c4,train
90800414.jpg,3,CMD,9de369482767e095,train
908540232.jpg,3,CMD,c1ec2abd5aca7116,test
908770281.jpg,3,CMD,840a3be5621fb54f,train
909032861.jpg,4,healthy,d3d206c06f6e948f,train
909125892.jpg,3,CMD,84ef1afc460353b5,train
909499250.jpg,3,CMD,dbe382914bc362b5,validation
909719809.jpg,3,CMD,9cd524daf1699334,train
910008110.jpg,0,CBB,c59d464a46697d69,train
91058248.jpg,2,CGM,938a4ed5b28c5a57,train
910617288.jpg,3,CMD,9c94788573af47a2,train
910735649.jpg,3,CMD,99c66872699b47e2,validation
910870110.jpg,4,healthy,ceb045fccbbe9022,train
911144460.jpg,3,CMD,efb2a889d6d86344,train
911151169.jpg,1,CBSD,c4f32f14424bf5b2,train
911449508.jpg,4,healthy,e4ea66e5f6417411,test
911861181.jpg,4,healthy,a4c258fa5ddd04ce,train
912150703.jpg,3,CMD,8ed2c5d3246a4bec,train
912628381.jpg,3,CMD,93974b4e3822e5e3,test
91285032.jpg,3,CMD,d1b72ece26f10782,train
912860596.jpg,3,CMD,d1cd2dc90c9546fc,validation
912912811.jpg,1,CBSD,c4632b90311ff8fc,train
912959875.jpg,3,CMD,9aa226a88b9f9f8a,test
913152954.jpg,1,CBSD,86ce2f0f61a0dad6,train
913261951.jpg,3,CMD,94b0695f5eb8e849,test
913294875.jpg,1,CBSD,c6862678e3da90d7,train
913436788.jpg,3,CMD,929a1e9666970b76,validation
913480541.jpg,3,CMD,c1b623a33f4a0caf,test
913567043.jpg,1,CBSD,9f306a08a927e36f,train
913589859.jpg,4,healthy,c7bc6be6594b0845,train
913877640.jpg,3,CMD,81736933528e5de6,train
913968833.jpg,1,CBSD,838d2ff216a32d1e,train
914090622.jpg,3,CMD,843d4b823bba93b6,train
914202291.jpg,1,CBSD,96da28b397860e1f,validation
91429187.jpg,2,CGM,f7cd05231dfe0303,train
914936842.jpg,3,CMD,c56f31c275b04eb4,validation
915371714.jpg,3,CMD,e8683ec65796342e,train
915715866.jpg,3,CMD,c08f53584c763757,train
915719493.jpg,3,CMD,8d853fcb22a1707e,train
915934159.jpg,3,CMD,8946e9935639a795,train
916184661.jpg,4,healthy,99ee2752dac1b614,train
916221971.jpg,3,CMD,85f3421a70d457af,train
916237184.jpg,3,CMD,e9924f34396660fc,train
916448505.jpg,0,CBB,9ceefe9232222327,train
916669333.jpg,3,CMD,e8f409e0cb776325,train
917014359.jpg,3,CMD,cee61f08566e0e2b,test
917042560.jpg,3,CMD,d0d61e99278d65a6,test
917153346.jpg,3,CMD,945e6ae3a29b4635,test
91726136.jpg,3,CMD,80e1333b7af4991d,test
917306689.jpg,4,healthy,c2c8ebe8cadac2ca,train
917489819.jpg,3,CMD,9b60614726fd059f,train
917739753.jpg,3,CMD,d02339d8cbbdf070,validation
91815905.jpg,3,CMD,94908c87abeb6b4b,train
918168306.jpg,3,CMD,d6ad6ff140a581d1,train
918301064.jpg,3,CMD,8f9606ef46651179,train
918306924.jpg,0,CBB,85d43f07032be379,train
91850516.jpg,2,CGM,96bc3ae073a3c869,train
918534391.jpg,0,CBB,d2b0f29e5c8e98d8,train
918535914.jpg,3,CMD,80445eab2e2776fa,train
918605153.jpg,2,CGM,ebd149b9e14e12d4,validation
918675350.jpg,3,CMD,f187624964cc537e,train
918696208.jpg,3,CMD,c88c2e878ed9e764,validation
918823473.jpg,3,CMD,85c32edef89c3261,train
919127864.jpg,1,CBSD,9b397aa06ca7c558,train
919479322.jpg,4,healthy,96d86596594b8bb1,train
919514433.jpg,3,CMD,81f640f9dc8c679c,test
919581401.jpg,3,CMD,dd2e29fb0f907403,train
919597577.jpg,3,CMD,c7b036cb5d712c8c,train
920229727.jpg,3,CMD,c9c07e65779281cd,train
920295213.jpg,3,CMD,d25e296bd366a682,train
920401054.jpg,3,CMD,9fb3aac8d2c64394,train
920600492.jpg,2,CGM,90e66981e6b4bbb4,train
920623788.jpg,3,CMD,91d64a0d62ec39dd,train
920702050.jpg,3,CMD,dcb71b2e0c702778,test
920981656.jpg,3,CMD,80d03ea6ba9e157b,train
92128754.jpg,4,healthy,d4cf5922de11cc4b,train
921425159.jpg,3,CMD,84a77e790b69256c,test
921779789.jpg,3,CMD,a9d644255b7a94da,train
921830074.jpg,3,CMD,e1f6339aa95624b1,train
921927890.jpg,3,CMD,89b664acd2dad037,train
921975951.jpg,3,CMD,919b2fe4145979b1,test
922000226.jpg,3,CMD,cfeee8c8d8d0a8a8,train
922100024.jpg,1,CBSD,d3dd1cc1227f2166,validation
922395842.jpg,0,CBB,c7f1f39ca3a8051c,train
9224019.jpg,1,CBSD,d5f80ab02a947cb7,validation
922729409.jpg,3,CMD,8ed9683779286a69,train
922756535.jpg,4,healthy,d2c239a59b4cfe82,train
922802657.jpg,3,CMD,8437141b3ccd37f4,train
922887047.jpg,3,CMD,8795547e25be522c,validation
923034542.jpg,3,CMD,85f851f50ee61d92,validation
923294415.jpg,3,CMD,dd91216725366739,train
92340091.jpg,3,CMD,94cf2334d699568e,train
923499439.jpg,3,CMD,87e026cb8c2577b3,test
923718.jpg,2,CGM,d16578a86648f1bd,train
923880010.jpg,3,CMD,99866bb5263c63ca,validation
923936404.jpg,3,CMD,84a4fee4f2c25b43,train
923965406.jpg,4,healthy,c1dc7f21fc24d452,test
923987815.jpg,2,CGM,c709fcf2503bb950,train
924036255.jpg,4,healthy,8c8a4a6b1acc6ede,test
924049818.jpg,3,CMD,d79620cb68379e1c,test
92439956.jpg,3,CMD,905f01b13b7b46b9,validation
925327697.jpg,2,CGM,91f060fcc22a67e7,train
925427672.jpg,1,CBSD,d92679931cc9c2ea,train
9255514.jpg,3,CMD,cf80671b7364378c,train
925707812.jpg,0,CBB,d8807e6be02ff924,train
925945591.jpg,3,CMD,81ad7da5b5b4848d,train
926848319.jpg,0,CBB,a99050ba5ce7ab47,train
927165736.jpg,4,healthy,92d3d9d9219a5d23,train
927454705.jpg,3,CMD,aa4e3d2f52347558,validation
927566387.jpg,3,CMD,c0cdecccecee150c,validation
927713688.jpg,3,CMD,9f915ac858af4969,validation
927745791.jpg,0,CBB,c79128f7d1c893b1,validation
929286178.jpg,3,CMD,d4e67404732dde98,train
929341901.jpg,4,healthy,a4a417d51fc4326f,validation
929638503.jpg,2,CGM,c3860d57da6cf8a1,train
929695181.jpg,3,CMD,9ed8772a2f58a854,train
930097123.jpg,3,CMD,9a4c9a0f98cf9c93,test
9312065.jpg,3,CMD,d0b439ea34cd23cd,train
931787054.jpg,1,CBSD,99967e78871a1879,train
931943521.jpg,3,CMD,d62708db730f6c43,train
93194372.jpg,0,CBB,841ffb28fba410f4,test
932287482.jpg,1,CBSD,96b1656e59932e38,train
932462711.jpg,2,CGM,90c5668b19d37b53,validation
932643551.jpg,3,CMD,876422c75da2ec5b,train
932915192.jpg,3,CMD,81b264e54bec96d6,test
932971696.jpg,3,CMD,c0e6a2e934513daf,validation
932990043.jpg,3,CMD,d0ab31e73c324b96,train
933070130.jpg,3,CMD,d29546bc0fc34667,train
933074739.jpg,3,CMD,988e6dc894f0b0fb,train
933311576.jpg,2,CGM,8fb4798b30f3a429,validation
933957288.jpg,3,CMD,85d95b6cb0b2117b,train
934025261.jpg,4,healthy,d3ac5c373649d232,validation
934902236.jpg,3,CMD,d18f78941ea15d5c,test
935569912.jpg,3,CMD,88c671e8a19e3cde,validation
935603838.jpg,1,CBSD,cc6e6984db493533,train
935621798.jpg,3,CMD,8ea26273c3c72a6e,train
935723534.jpg,0,CBB,c3ec3a8b2475f894,train
936011517.jpg,3,CMD,c28627e779a15ab8,train
936336303.jpg,3,CMD,949531db5274cde8,test
936438569.jpg,1,CBSD,c7372e30f924d30b,train
93658953.jpg,1,CBSD,cd122d766937581d,train
936775758.jpg,3,CMD,84790b0d737c5b96,train
936942979.jpg,4,healthy,9cc4c2f55e19c11f,train
937045512.jpg,3,CMD,d53e162523f474b1,validation
937960341.jpg,1,CBSD,8df4258b8997e86a,train
938396942.jpg,3,CMD,9166133b71a55e47,train
938595992.jpg,3,CMD,c18ac0e656f4f0ee,train
938742634.jpg,3,CMD,833d7ed29d120db2,train
938751255.jpg,2,CGM,d98a3f05369b69a1,validation
938858274.jpg,0,CBB,d293630b6b0de58d,train
938932168.jpg,3,CMD,c50f78f51ea92529,train
939109747.jpg,4,healthy,ccc466654f1735a3,train
939153733.jpg,2,CGM,c53e4c96201ff559,train
939241436.jpg,3,CMD,95cd3d32e0235b3a,test
939534770.jpg,3,CMD,fa1850748cf55cea,train
93955818.jpg,4,healthy,8cf87b09ace6d294,train
939566384.jpg,3,CMD,d8b269e67a41361e,test
93971994.jpg,2,CGM,96b0a696b8acf4a9,test
939773003.jpg,4,healthy,c0b323cf6e839517,test
939849436.jpg,1,CBSD,83982de5c5585f5a,train
939861475.jpg,3,CMD,cb33631964e1367c,train
93993180.jpg,4,healthy,c67f217e22c32ea1,train
940055437.jpg,4,healthy,85b142c5d5d68f55,train
940080842.jpg,3,CMD,d3b67b6c153a6106,train
940186959.jpg,1,CBSD,d8fa70baf9a08cc4,train
94072059.jpg,2,CGM,c93c2920bf96c2bb,train
940742966.jpg,4,healthy,de0228fd29d75a13,validation
940939729.jpg,4,healthy,e493728ef94b0a4b,train
940947597.jpg,3,CMD,d9c13e7e58ad50a1,train
941078633.jpg,3,CMD,859b34a1bb8fa196,train
941512047.jpg,3,CMD,d32f5ccc125a255b,test
94157515.jpg,3,CMD,9bc874934b6da591,test
94205320.jpg,3,CMD,84c1d6939c2d3cfc,validation
942420393.jpg,3,CMD,8df34e875185b361,train
942584104.jpg,3,CMD,b0ae779ca3227199,train
942738737.jpg,3,CMD,d1e018f2e72e0f4d,test
942754311.jpg,3,CMD,cc1c2ba73532da39,train
942994246.jpg,0,CBB,d21b279519e0feb0,train
943096902.jpg,3,CMD,81fc766b02ec53a3,train
943110824.jpg,3,CMD,d88439bc1bf78e03,train
943323109.jpg,4,healthy,87e875c9c4996725,train
943360126.jpg,3,CMD,8d9a0e9cafeb32a0,train
943634756.jpg,3,CMD,e2a363464e9ebca4,validation
943699790.jpg,2,CGM,c0871bc92c37375b,train
943969763.jpg,3,CMD,899833c479a9db55,train
944255811.jpg,0,CBB,9ca9e4a9bc929696,validation
944398652.jpg,1,CBSD,8bb332cbc07374d1,train
944726140.jpg,3,CMD,81970aea98dd6bd2,train
944732366.jpg,3,CMD,93fc3e074dd84827,test
944920581.jpg,2,CGM,d6f9a8ec28b82ce8,train
94506249.jpg,3,CMD,c0b85494fae1f356,train
945272909.jpg,2,CGM,80d517abebbd30e0,train
94536090.jpg,3,CMD,d1d60a6f7da92055,train
9454129.jpg,3,CMD,85a23dafcd87a4d0,train
945491819.jpg,4,healthy,c7a927236e12788f,train
945680317.jpg,3,CMD,d89c62858d633b37,test
94587407.jpg,3,CMD,851116b36fb4356d,train
945966296.jpg,3,CMD,81af3387e65a6652,test
946164219.jpg,3,CMD,82f161bb3b6c1374,train
947208202.jpg,3,CMD,85f9d3be21741e50,train
947245045.jpg,3,CMD,85d534bc35252b67,train
947554618.jpg,3,CMD,840c4ef56d743da9,test
947599962.jpg,1,CBSD,d572d3cc63941c96,train
948186989.jpg,1,CBSD,90b5760543472f6f,validation
948363257.jpg,0,CBB,d9cc08cebf68a0ea,train
948559323.jpg,0,CBB,c6ad22cef886385b,test
948754372.jpg,0,CBB,c6b133cce338c635,train
94882276.jpg,3,CMD,96fd79a3195852c1,train
948836344.jpg,4,healthy,b5037efc85393b40,train
948846771.jpg,1,CBSD,85b232919b30bd7b,test
949046024.jpg,3,CMD,83e71d9737109bb0,test
94958616.jpg,3,CMD,d15e335c13237b29,train
949963080.jpg,0,CBB,db9a20e5263c3d59,train
949971770.jpg,2,CGM,d47dabf005eb1846,test
950405197.jpg,3,CMD,b5d904bb39303bb8,train
950677455.jpg,4,healthy,a861b24fc57eb047,test
950886267.jpg,3,CMD,9ca91df261c2636d,train
951048679.jpg,3,CMD,c5b15a0a2f992775,train
95121846.jpg,1,CBSD,9aa8794f5073b417,train
951326010.jpg,1,CBSD,adf2d9fb2068ab02,validation
951448683.jpg,3,CMD,9f872000713f8f7e,train
9516242.jpg,0,CBB,bcf726400ff47491,train
951654457.jpg,3,CMD,e59a2f824a3ce0f5,validation
951757474.jpg,3,CMD,fbc43f410ed026d9,train
951959546.jpg,3,CMD,8de063f91b1fa518,train
952111080.jpg,2,CGM,80a10fcf77f4524b,validation
952146173.jpg,3,CMD,963222d07bce51b7,test
952303505.jpg,4,healthy,cac5678c0f8d06be,test
952391818.jpg,3,CMD,dd4f265f01b141a7,train
952519185.jpg,0,CBB,9da174764b160ead,validation
952920056.jpg,3,CMD,890f3937377c2b0a,train
953218056.jpg,3,CMD,edfa43f76881a844,train
95322868.jpg,4,healthy,e09553655c72a759,train
953313732.jpg,3,CMD,a14f10c93ba5e4db,train
953375887.jpg,3,CMD,c8bd62ca275398ce,train
953808797.jpg,1,CBSD,91f162e3e383e383,validation
953844785.jpg,3,CMD,93d135ad43713e83,validation
953936588.jpg,1,CBSD,8eba3be4488fb8c2,train
954479560.jpg,3,CMD,a5c6d53543cc342f,train
954749288.jpg,4,healthy,d0baa8c8c9cc697e,train
954778743.jpg,0,CBB,c9383e25b6e1995c,train
9548002.jpg,3,CMD,d5b02f18d14a6bb9,test
955110808.jpg,3,CMD,d2f04e78e1a2474f,test
955346673.jpg,1,CBSD,c8b326ca1ba9336e,validation
95553397.jpg,2,CGM,cbea47fa50873445,train
955794248.jpg,0,CBB,d3850d2fa05e574e,train
956312100.jpg,3,CMD,cbda195c76ce089c,test
956315464.jpg,3,CMD,d6966b3b6180d46e,train
956343434.jpg,2,CGM,83caac82eec48ff1,train
956840852.jpg,3,CMD,fd520c3df20dc8a3,train
957199549.jpg,1,CBSD,862c79ea4f90c69e,train
957437817.jpg,3,CMD,86e9aee849ee7098,train
957970680.jpg,1,CBSD,d1bb6b38039c25e6,train
958074553.jpg,1,CBSD,cccb248b49ad4eb5,test
958289716.jpg,3,CMD,9c635ad48d3c6399,train
958465343.jpg,3,CMD,b8b452a374f22397,test
958551982.jpg,1,CBSD,8d6b74d2388de43a,train
958879588.jpg,1,CBSD,87fb093d9c96c486,train
959014862.jpg,3,CMD,c2dd2d9513fa2139,train
959693086.jpg,3,CMD,cba6379ca8c16359,train
959863341.jpg,3,CMD,8dbd63cd5147d442,train
96006478.jpg,3,CMD,efc36dbe7040a4b0,train
960202242.jpg,2,CGM,91d3399c2a5953b5,train
960261822.jpg,1,CBSD,a8ece4c0e1ed85cd,train
960297309.jpg,1,CBSD,c0b336f205c70f6b,train
96041444.jpg,1,CBSD,d3a21ff8d346c0a5,train
960648391.jpg,3,CMD,d0b7076a6fc1d486,train
960773451.jpg,1,CBSD,f90f636e10d15ca6,train
961575661.jpg,1,CBSD,cef0e3071a6868be,test
961826850.jpg,3,CMD,a57c40b85bce8f70,test
961914208.jpg,3,CMD,88b63ef03703fcc1,train
961915557.jpg,4,healthy,80dd6858475b5dd6,train
962347612.jpg,4,healthy,fcc8d9a1a9872cb2,test
96246425.jpg,3,CMD,d09674f6244fd835,train
962558857.jpg,4,healthy,e4b47e68e4f0b0e8,train
963168720.jpg,3,CMD,86684bd83d571ce3,validation
963176335.jpg,3,CMD,dc8227a51daa4fe8,validation
963450221.jpg,4,healthy,d9d86c98bd20ff80,test
963790461.jpg,3,CMD,97956961a58bcb2c,train
964030938.jpg,3,CMD,d2c33a5e61ac7532,train
964359867.jpg,3,CMD,c478757ef885560a,train
964482896.jpg,3,CMD,d4b9e16197952d94,train
964570288.jpg,4,healthy,ad8d26281da7179b,train
964655123.jpg,4,healthy,c8ed24f616d21ab3,train
965026603.jpg,1,CBSD,daac7ec2a5b0962a,validation
965133347.jpg,4,healthy,83430d4b6dfd383a,validation
965889493.jpg,3,CMD,bca155773d95ca20,test
965919968.jpg,0,CBB,88ce67c8fc162f26,train
966050678.jpg,3,CMD,c3f1d1f1f3317202,validation
966306135.jpg,3,CMD,81867bc96e1aca6b,train
966432144.jpg,3,CMD,c5d3628b2d9d74c2,train
966652545.jpg,4,healthy,c2be0e9c0ee6e48d,train
966788042.jpg,3,CMD,d57251683bb56938,train
967123833.jpg,3,CMD,a15b4c7334934fb4,train
967319500.jpg,3,CMD,d4d95c8679b112da,test
967603965.jpg,3,CMD,8c35278da5a32dab,train
967831491.jpg,3,CMD,81fb23e80d48a5ef,train
967883712.jpg,3,CMD,d7c24fbe60222755,validation
968449352.jpg,3,CMD,89dd2452e3945b7c,test
968472833.jpg,3,CMD,c11e2e78a9b713c9,test
968790449.jpg,3,CMD,dce516337d188786,train
968853775.jpg,3,CMD,9b6936024dce9c7c,train
968865165.jpg,1,CBSD,d5d515cca1aaa9a5,train
969069572.jpg,0,CBB,85901aeef0ec389f,train
96912752.jpg,2,CGM,961e4bb5846ae5a5,train
969194504.jpg,3,CMD,b45e6b1a84c946bd,train
969211018.jpg,2,CGM,840d37723adf4999,train
969351419.jpg,1,CBSD,8ae61407161e7f9e,train
969719974.jpg,3,CMD,94196710cc767a3f,train
969749670.jpg,2,CGM,8fc534c69a5b4959,train
969938724.jpg,3,CMD,c77828c1a4f859fa,train
970041120.jpg,1,CBSD,c9e66aa327953299,test
970540696.jpg,3,CMD,9d46c9c058ef2b56,train
970669415.jpg,1,CBSD,94f83d9c0ae652e3,validation
970899436.jpg,1,CBSD,c2b7348976c47971,train
970946808.jpg,4,healthy,d9e6f79670b1140c,train
971188113.jpg,0,CBB,bf020dfe5af40272,train
971500459.jpg,3,CMD,cdd15a8c61645dd3,train
971639298.jpg,3,CMD,ca83398496667eda,train
971713914.jpg,3,CMD,80fa3ff234e0d196,train
972419188.jpg,3,CMD,c7c92cf412e55743,train
972622677.jpg,1,CBSD,95d747f544a141b6,validation
972649867.jpg,1,CBSD,96a362caadd64b64,validation
972793378.jpg,3,CMD,dcc2567863a74e98,train
972840038.jpg,2,CGM,98af6112c633be69,test
972873188.jpg,1,CBSD,d5d6082b26f9ae32,train
97287651.jpg,3,CMD,b2ee95f74e00cb0a,train
972959733.jpg,1,CBSD,83a67c6b075cd887,validation
973300702.jpg,3,CMD,c3b6624d7487233b,validation
973746900.jpg,3,CMD,959d6e8730324f4d,test
97383533.jpg,3,CMD,c1a18ff9e5701267,train
974073314.jpg,2,CGM,c6d2486e44f9f153,train
974489379.jpg,3,CMD,803f2d9332d31df8,train
974614447.jpg,1,CBSD,d47326908f9d72a3,validation
975110881.jpg,3,CMD,de882c489465cbfe,train
975158492.jpg,3,CMD,a39ddca195d06e0b,train
975311959.jpg,3,CMD,8cfb054a7ae04b3e,train
975534940.jpg,3,CMD,85a063317fe0dbc5,train
975560905.jpg,3,CMD,cdf60b2cc5f23a12,train
976098356.jpg,3,CMD,cf73619024cf326d,train
976138379.jpg,4,healthy,9e91f9831c63a4c7,validation
976558597.jpg,3,CMD,8e6e25974e257325,train
976680630.jpg,3,CMD,e5b40969993e12ee,validation
976801924.jpg,2,CGM,87e61e844ca87f4b,train
976902576.jpg,3,CMD,c6bd628124933e7b,test
976955239.jpg,3,CMD,89b37b8687c1e0b9,test
976976000.jpg,4,healthy,90584ee753d8daa5,validation
977106252.jpg,3,CMD,9c2d3173e8e62395,validation
977380491.jpg,3,CMD,85b37a4d47ce5289,train
977617704.jpg,3,CMD,c9fe18301eb88ccf,train
977709534.jpg,3,CMD,85e46c21e1fb659c,test
977735708.jpg,3,CMD,969a616cf8e047ea,train
978029996.jpg,2,CGM,d3c9261a26309ff3,train
978111352.jpg,3,CMD,92ea2d33fa80ad8d,train
978618490.jpg,3,CMD,919d2a989ab93bf0,train
978877878.jpg,3,CMD,f1312ac843e6e1b7,train
979088794.jpg,2,CGM,e791490b4a8b6f9c,test
979089486.jpg,3,CMD,951b25d12badc2ec,train
979574790.jpg,1,CBSD,d4c4356a2a78aee5,test
979671168.jpg,3,CMD,87f97c2767941213,test
979717744.jpg,3,CMD,a1806aef54d75cb8,train
979858694.jpg,3,CMD,97c46cc33c745a8b,train
979927449.jpg,3,CMD,c1835a18ad671f5b,validation
980174544.jpg,3,CMD,dd8e2982209ad75f,train
980401006.jpg,1,CBSD,c23e60d00fea69bd,train
980448273.jpg,4,healthy,c28f7bea44dcf082,train
980682914.jpg,3,CMD,c0b71d3b9a3692aa,validation
980911264.jpg,3,CMD,99fa2198b9476ca3,train
981211210.jpg,3,CMD,cde83b81489edce4,test
981248959.jpg,3,CMD,9dcc6e5f2a0c5613,test
98151706.jpg,3,CMD,b5bc311a0596ea2f,train
981946821.jpg,3,CMD,cad42d4927f841de,train
981961513.jpg,0,CBB,879c6a0be8e07d5c,train
982230894.jpg,3,CMD,c09f698bbda62c26,train
982241079.jpg,1,CBSD,b6a3328b95506db5,train
982255022.jpg,3,CMD,ca90181f67bf2c66,train
982343142.jpg,3,CMD,ae057401796b2bf5,train
982426232.jpg,2,CGM,cc0b68716ba55673,test
982556736.jpg,4,healthy,85b464371b48cfce,train
982733151.jpg,3,CMD,d7e44b8761414779,validation
982829407.jpg,1,CBSD,c8b266f4f484d2d6,train
982968211.jpg,3,CMD,8d7323bb408f49d6,test
983014273.jpg,4,healthy,c0e69319bc68b4ed,train
983360921.jpg,3,CMD,849d6bd8eea002df,test
983368345.jpg,3,CMD,d9f6201db6f8021f,train
984082173.jpg,3,CMD,9780095778775e8d,train
984192870.jpg,3,CMD,d1d362ad068f36e2,train
984417293.jpg,3,CMD,d9f2688c844d59bb,train
984672636.jpg,3,CMD,dc8940fb0d782f1b,train
984892057.jpg,2,CGM,a8f3b983c017d2ab,train
985972952.jpg,1,CBSD,8ebe0d2e9b316139,test
986134312.jpg,3,CMD,e0bf45d6718b309c,train
986273020.jpg,3,CMD,fec721ca4b721076,train
986387276.jpg,3,CMD,9b806be364575875,train
986788190.jpg,3,CMD,80a83a42773d3dbd,train
986854149.jpg,3,CMD,c73847def0173e02,test
986888785.jpg,0,CBB,e104633d0f3f063f,train
986965803.jpg,0,CBB,9c193ff623072ae8,train
986999751.jpg,0,CBB,9cf1613c7bec4e80,train
987080644.jpg,0,CBB,83eb3cc3c90d743a,test
987098553.jpg,1,CBSD,c6f64cf664c56294,train
987159645.jpg,1,CBSD,8c73726962327979,train
987636835.jpg,1,CBSD,a6a39d864953e9a9,train
988174802.jpg,0,CBB,c27f69871cb9e043,train
988306549.jpg,3,CMD,9dd62870d9ec13c3,validation
988318054.jpg,4,healthy,dc914379a93147e6,train
989030666.jpg,3,CMD,b9802dcb86d8bf2c,train
989119004.jpg,3,CMD,d71c496d74373093,train
989164337.jpg,3,CMD,b1f8e71b1c94c487,train
989239917.jpg,3,CMD,e692699c68f46786,train
990558315.jpg,3,CMD,c2de348a15e17c37,train
99056821.jpg,4,healthy,c74f619111b7fe08,validation
990768027.jpg,1,CBSD,d18c72c47649a75b,train
990890343.jpg,3,CMD,859a727407ccec8f,train
991522911.jpg,3,CMD,9a496f68639e9a91,train
991676292.jpg,3,CMD,cfb419d51a2cf905,train
991916399.jpg,1,CBSD,91e670c90679e59e,train
99202708.jpg,4,healthy,97e48ea5b08ecd98,validation
992163916.jpg,3,CMD,99ba6b84a2ed74a8,train
992224132.jpg,3,CMD,ff83203b6d7d4148,train
992352996.jpg,1,CBSD,c7bc69533e5542b0,validation
992748624.jpg,1,CBSD,8ef2699742a6394d,train
992964459.jpg,4,healthy,984d7d5af0816a79,test
993130539.jpg,3,CMD,b749758958bd0c4d,train
993366541.jpg,4,healthy,ca0a6d154ab5d72e,train
993844551.jpg,3,CMD,d96f792727652860,validation
99391680.jpg,3,CMD,838f373b2899d562,train
993984792.jpg,4,healthy,dcc326dc0f119bc3,train
994252979.jpg,3,CMD,8cf26b9d7450c473,test
994445094.jpg,3,CMD,943979785b0be7a0,validation
994621972.jpg,3,CMD,85b82c375cb20fcd,train
994727955.jpg,1,CBSD,85187746164f2df5,train
995075067.jpg,4,healthy,84ffd6d2b292a292,train
995123333.jpg,4,healthy,dcf0a4b7ca8a5a58,train
995155483.jpg,2,CGM,c099a6335baf728c,train
995221528.jpg,3,CMD,d8d80f4762236bbc,train
99645916.jpg,3,CMD,9cb661e6712e8a71,train
996534381.jpg,1,CBSD,c91e79922db90ed8,train
996539252.jpg,3,CMD,cdc636470b49457e,train
996762577.jpg,3,CMD,f35c2cabe9931b40,train
996927503.jpg,3,CMD,fd91c5a2e75c6043,train
996947690.jpg,2,CGM,dbe42c416617707e,validation
996957803.jpg,3,CMD,dfbd6193095ada10,test
997161074.jpg,3,CMD,9cef33930d806c4f,train
997179968.jpg,3,CMD,c46638dc6f962be0,validation
997289539.jpg,2,CGM,a65ba7aa9d9489a1,train
997485103.jpg,3,CMD,8e960732d2ff9198,test
997651546.jpg,3,CMD,d0962cc594c6fdd1,train
997857988.jpg,3,CMD,d5f42c96e2731c0d,train
997910101.jpg,2,CGM,958323bf68bcb2c1,train
997973414.jpg,1,CBSD,92b13f0fa0904f5f,train
998910982.jpg,1,CBSD,dc8239db474243cf,train
999068805.jpg,3,CMD,9cf96f8e44a87143,train
999329392.jpg,3,CMD,ddb26ab0d44c259d,train
999474432.jpg,1,CBSD,cdb73f242fa6003a,train
999616605.jpg,4,healthy,d1bc29ccc5398ec3,train
999998473.jpg,4,healthy,f028485787da57b3,train
